payment_id,user_id,instrument_id,amount,purpose,created_ts,method
pay_8ec4f5688dcc43,u_d0fd40511d,card_1c549d55672c43,149.2,referral_bonus_payout,2026-07-05T04:41:51,card
pay_cd4066bc7faf47,u_182c39a6f9,card_1c549d55672c43,146.89,referral_bonus_payout,2026-07-05T11:15:37,card
pay_6091c3e63f124c,u_beb6812898,card_91f5e9eec83147,291.3,referral_bonus_payout,2026-07-05T18:26:13,card
pay_921373e7348946,u_e11c2da9cf,card_91f5e9eec83147,397.88,referral_bonus_payout,2026-07-05T11:53:54,card
pay_7ac727f6ce7f45,u_7bafed4a6d,lakshitupadhyay@okhdfcbank,429.28,referral_bonus_payout,2026-07-03T07:17:54,upi
pay_06e0269298824d,u_9afc0d79a2,card_430622d0e5fe4c,305.23,referral_bonus_payout,2026-07-03T09:38:26,card
pay_be4143b3946747,u_4d8fa44cde,lakshitupadhyay@okhdfcbank,498.8,referral_bonus_payout,2026-07-03T07:55:38,upi
pay_3f79fd095b5648,u_be817711e0,lakshitupadhyay@okhdfcbank,223.15,referral_bonus_payout,2026-07-03T07:39:50,upi
pay_7371d476224f4f,u_099aa05580,lakshitupadhyay@okhdfcbank,203.08,referral_bonus_payout,2026-07-03T06:41:02,upi
pay_de1b0d0a7f4e46,u_21058763eb,card_430622d0e5fe4c,184.3,referral_bonus_payout,2026-07-03T07:49:49,card
pay_4cd0514862d245,u_ecc9c67081,card_430622d0e5fe4c,445.42,referral_bonus_payout,2026-07-03T08:16:24,card
pay_dae41271d08b47,u_2928833ae5,card_430622d0e5fe4c,476.08,referral_bonus_payout,2026-07-03T10:07:36,card
pay_c6b0d1e96db14f,u_989b494b26,lakshitupadhyay@okhdfcbank,352.26,referral_bonus_payout,2026-07-03T09:30:26,upi
pay_bb6716a087ff48,u_612f1d4fe4,card_430622d0e5fe4c,314.74,referral_bonus_payout,2026-07-03T07:19:56,card
pay_c03c8937ec8945,u_e3c296b9fa,card_430622d0e5fe4c,81.89,referral_bonus_payout,2026-07-03T07:09:58,card
pay_38a82ab9058646,u_56dce2a511,choudhuryfaqid@okicici,136.22,referral_bonus_payout,2026-07-20T10:07:16,upi
pay_3b9d3724772542,u_7f2c7a6082,choudhuryfaqid@okicici,437.61,referral_bonus_payout,2026-07-21T07:10:14,upi
pay_24e1c28aa6ef4d,u_104a3d229c,choudhuryfaqid@okicici,266.61,referral_bonus_payout,2026-07-20T10:48:44,upi
pay_0ad0025d43ca45,u_9dc90e9fac,card_c39640ec678643,480.79,referral_bonus_payout,2026-07-21T14:47:02,card
pay_d6da9887bb8549,u_5b6785d517,choudhuryfaqid@okicici,75.72,referral_bonus_payout,2026-07-21T01:58:24,upi
pay_f98cff48e16d49,u_1db508b3c3,choudhuryfaqid@okicici,473.72,referral_bonus_payout,2026-07-20T14:48:38,upi
pay_ed4303eaa8b747,u_bbf29afce8,card_c39640ec678643,141.92,referral_bonus_payout,2026-07-22T06:59:23,card
pay_93ce90defc9249,u_920f97546e,choudhuryfaqid@okicici,145.92,referral_bonus_payout,2026-07-20T10:32:57,upi
pay_8ece466e103641,u_5eda414ee2,choudhuryfaqid@okicici,294.45,referral_bonus_payout,2026-07-21T04:54:33,upi
pay_cd39fc8fc3b44b,u_36e73dde35,card_c39640ec678643,96.61,referral_bonus_payout,2026-07-22T01:25:14,card
pay_9dcc665e84ab46,u_67fcb0f33c,choudhuryfaqid@okicici,141.62,referral_bonus_payout,2026-07-20T21:38:25,upi
pay_9b09f097e0234a,u_bfb477192d,choudhuryfaqid@okicici,167.88,referral_bonus_payout,2026-07-20T14:05:53,upi
pay_d21d7116e5c046,u_36300e4ab8,choudhuryfaqid@okicici,68.82,referral_bonus_payout,2026-07-20T12:26:40,upi
pay_484bbda0c62340,u_6408670429,santjanaki@paytm,407.91,referral_bonus_payout,2026-05-29T09:35:06,upi
pay_72ec8081293242,u_8066d69e3f,santjanaki@paytm,398.0,referral_bonus_payout,2026-05-29T17:52:19,upi
pay_37cafce649c943,u_132beba054,eprabhakar@okicici,167.55,referral_bonus_payout,2026-05-29T20:01:47,upi
pay_db5e9a68e9094d,u_d8717f7659,card_55d4e109ed0a4b,368.95,referral_bonus_payout,2026-05-29T12:25:24,card
pay_418b66c94afb45,u_400d365e16,eprabhakar@okicici,464.35,referral_bonus_payout,2026-05-29T13:27:18,upi
pay_73f63b7b6b6040,u_29c5e6d9c0,card_55d4e109ed0a4b,349.22,referral_bonus_payout,2026-05-29T16:52:37,card
pay_dff7ffd5ca7041,u_ed7900bd53,santjanaki@paytm,179.11,referral_bonus_payout,2026-05-29T16:02:49,upi
pay_5de776642b2f4b,u_4f58b6dee4,card_c9934a93eec44c,254.94,referral_bonus_payout,2026-03-10T00:12:17,card
pay_a61e4745f49047,u_938167939f,card_c9934a93eec44c,52.5,referral_bonus_payout,2026-03-10T04:47:16,card
pay_d46eadda361d4f,u_acf5377e4a,card_c9934a93eec44c,462.86,referral_bonus_payout,2026-03-10T02:21:47,card
pay_70d87f90140b43,u_46f6f5258f,card_c9934a93eec44c,384.64,referral_bonus_payout,2026-03-10T03:22:34,card
pay_c8bb834ac3574d,u_4051b3e4db,card_c9934a93eec44c,178.58,referral_bonus_payout,2026-03-10T04:56:56,card
pay_bef1ecc0fa264d,u_c88b8eeebd,card_c9934a93eec44c,118.76,referral_bonus_payout,2026-03-10T00:49:17,card
pay_8d0cee37903147,u_8268a445cc,card_c9934a93eec44c,225.26,referral_bonus_payout,2026-03-10T04:50:44,card
pay_e5f7e206dd8f4b,u_c81d540b2a,card_c9934a93eec44c,225.49,referral_bonus_payout,2026-03-10T04:00:01,card
pay_0383bc45feb04a,u_5175e09a1a,card_c9934a93eec44c,63.06,referral_bonus_payout,2026-03-10T02:14:43,card
pay_ef303012cc8847,u_694263804e,card_c9934a93eec44c,316.35,referral_bonus_payout,2026-03-10T01:51:25,card
pay_1a8d7219690a41,u_aa055468d8,card_c9934a93eec44c,424.37,referral_bonus_payout,2026-03-10T02:23:47,card
pay_789b4a8a9a2b4a,u_7d3dbecf29,card_0b2ce79d2be34c,84.2,referral_bonus_payout,2026-07-10T13:19:01,card
pay_ce6e3f0b06114c,u_86b86b62a4,card_0b2ce79d2be34c,242.77,referral_bonus_payout,2026-07-11T01:51:24,card
pay_3ea74ce9fd1441,u_98b002a08d,card_0b2ce79d2be34c,482.35,referral_bonus_payout,2026-07-10T13:13:50,card
pay_10bd53694f8a42,u_82ed7c1683,card_0b2ce79d2be34c,463.83,referral_bonus_payout,2026-07-10T20:47:41,card
pay_c624851ab80b42,u_fffb66f139,card_11a4c203e77d45,340.66,referral_bonus_payout,2026-05-18T22:17:32,card
pay_50d0c193616a42,u_78ee14e35f,ekapadjohal@ybl,311.7,referral_bonus_payout,2026-05-18T23:40:42,upi
pay_d00e3d5851b54a,u_286c1d6722,card_11a4c203e77d45,163.13,referral_bonus_payout,2026-05-19T00:03:22,card
pay_5f2035a408f844,u_51b0eeb78f,ekapadjohal@ybl,174.42,referral_bonus_payout,2026-05-19T01:03:57,upi
pay_791b12b359a843,u_1d79391758,card_11a4c203e77d45,130.75,referral_bonus_payout,2026-05-18T23:20:10,card
pay_acd5d5efab9641,u_dbd5f92b0a,ekapadjohal@ybl,388.76,referral_bonus_payout,2026-05-18T22:48:44,upi
pay_9111499bd1f947,u_505bd550eb,card_11a4c203e77d45,73.12,referral_bonus_payout,2026-05-18T23:19:37,card
pay_dafe45d6022c4d,u_c4606f0a42,ekapadjohal@ybl,477.11,referral_bonus_payout,2026-05-19T00:36:18,upi
pay_c5c0b16683f84a,u_621bbbb067,card_11a4c203e77d45,249.22,referral_bonus_payout,2026-05-19T01:09:54,card
pay_3d6052d7343e44,u_1883207a17,ekapadjohal@ybl,86.53,referral_bonus_payout,2026-05-18T22:34:45,upi
pay_012c22fd068945,u_d1af9704c5,card_11a4c203e77d45,154.16,referral_bonus_payout,2026-05-18T23:33:53,card
pay_3e0c96e6891f4e,u_ba1015da4a,card_399bc1f29ceb4b,86.2,referral_bonus_payout,2026-05-18T04:31:32,card
pay_619aa3a60d2649,u_174dc111be,card_399bc1f29ceb4b,353.43,referral_bonus_payout,2026-05-18T05:57:44,card
pay_903745a9ca4a45,u_c1e778c70b,card_399bc1f29ceb4b,343.18,referral_bonus_payout,2026-05-18T05:10:55,card
pay_3a7038f9df7c45,u_95e1933a27,card_399bc1f29ceb4b,351.56,referral_bonus_payout,2026-05-18T04:32:45,card
pay_25c34bf7e1fc46,u_7446cd4aee,card_399bc1f29ceb4b,163.58,referral_bonus_payout,2026-05-18T05:40:45,card
pay_7c6a8d54c8cb40,u_1e5b7be8d4,card_399bc1f29ceb4b,283.3,referral_bonus_payout,2026-05-18T04:46:36,card
pay_0adf034edf4d4c,u_b2bf0eaf6b,card_399bc1f29ceb4b,467.45,referral_bonus_payout,2026-05-18T04:57:24,card
pay_9c9b9fa4d3684b,u_9f46901fdf,card_399bc1f29ceb4b,56.15,referral_bonus_payout,2026-05-18T04:06:30,card
pay_0069dd2ae4ca46,u_8699f32dcf,wdewan@ybl,439.37,referral_bonus_payout,2026-07-20T00:21:34,upi
pay_ba1aa2494f0343,u_07a3dbbba7,wdewan@ybl,194.8,referral_bonus_payout,2026-07-21T17:03:55,upi
pay_1fed83ec0bbc48,u_81245d8a2a,wdewan@ybl,262.84,referral_bonus_payout,2026-07-21T04:55:47,upi
pay_5d931198c49d45,u_2fd42fbf44,wdewan@ybl,315.58,referral_bonus_payout,2026-07-20T11:51:07,upi
pay_9b1c74ce8bf447,u_237953255d,wdewan@ybl,486.48,referral_bonus_payout,2026-07-21T09:28:54,upi
pay_79f240797ec44c,u_c207dd1240,ravijanuja@ybl,249.66,referral_bonus_payout,2026-03-20T02:54:41,upi
pay_de933953533e45,u_415b7ccc92,ravijanuja@ybl,289.02,referral_bonus_payout,2026-03-20T05:48:54,upi
pay_9b1007980e2141,u_205942caff,ravijanuja@ybl,158.37,referral_bonus_payout,2026-03-20T04:55:17,upi
pay_39f1b144c70448,u_9ef24daf70,ravijanuja@ybl,475.36,referral_bonus_payout,2026-03-20T03:50:48,upi
pay_c02279a70d8b4c,u_f8f14fc519,ravijanuja@ybl,221.61,referral_bonus_payout,2026-03-20T07:01:40,upi
pay_062d8eb8e1aa4c,u_caf398517c,ravijanuja@ybl,304.67,referral_bonus_payout,2026-03-20T06:45:55,upi
pay_3a53e7e530cb49,u_1c5a1387b4,ravijanuja@ybl,135.56,referral_bonus_payout,2026-03-20T08:42:57,upi
pay_7a063359a14a48,u_7daf8d17d1,ravijanuja@ybl,248.37,referral_bonus_payout,2026-03-20T04:13:22,upi
pay_8e696b275fc440,u_c3cdf76ab5,ravijanuja@ybl,109.47,referral_bonus_payout,2026-03-20T06:35:51,upi
pay_b3d5b088e89248,u_93b45b6523,ravijanuja@ybl,474.88,referral_bonus_payout,2026-03-20T07:30:43,upi
pay_0390784e8c8a4a,u_6aad02d17e,jagat21@okhdfcbank,341.44,referral_bonus_payout,2026-06-18T01:50:52,upi
pay_d9162ec588574e,u_7464d7e0ff,jagat21@okhdfcbank,475.82,referral_bonus_payout,2026-06-18T00:54:29,upi
pay_7a3e960df4af46,u_a52c65017c,yprakash@okhdfcbank,351.72,referral_bonus_payout,2026-06-18T00:56:53,upi
pay_2eb94dce59fc47,u_6ffed35d85,yprakash@okhdfcbank,472.57,referral_bonus_payout,2026-06-18T01:17:11,upi
pay_5d1b6c683f6347,u_19dc76c3ba,yprakash@okhdfcbank,358.56,referral_bonus_payout,2026-06-18T01:37:08,upi
pay_bdbec43bd4144d,u_ee98582190,jagat21@okhdfcbank,477.05,referral_bonus_payout,2026-06-18T01:08:00,upi
pay_43212b53d66148,u_92ae689543,jagat21@okhdfcbank,394.32,referral_bonus_payout,2026-06-18T01:07:29,upi
pay_4291c5bb303446,u_741d58a766,card_4fc47a12d8924d,383.77,referral_bonus_payout,2026-04-03T21:03:46,card
pay_d114db1bc5ff44,u_76843f12d1,card_4fc47a12d8924d,149.7,referral_bonus_payout,2026-04-04T01:32:35,card
pay_5679831dddbb41,u_e4da6c2b56,card_4fc47a12d8924d,265.54,referral_bonus_payout,2026-04-04T01:50:32,card
pay_a6b676370e8b48,u_f512ae27db,card_4fc47a12d8924d,79.56,referral_bonus_payout,2026-04-04T01:16:00,card
pay_f585fb66112449,u_c67ec179b0,card_4fc47a12d8924d,322.44,referral_bonus_payout,2026-04-04T00:24:21,card
pay_de5dd07b34024d,u_009715b06e,card_4fc47a12d8924d,152.82,referral_bonus_payout,2026-04-04T01:57:52,card
pay_8bd3d5c61a5c48,u_87f9970bb6,ywali@okhdfcbank,308.35,referral_bonus_payout,2026-06-17T01:43:06,upi
pay_8cbac4e3f17c42,u_8618b3f080,ywali@okhdfcbank,172.97,referral_bonus_payout,2026-06-17T23:07:28,upi
pay_a0561aba9da44a,u_d18005c8ac,ywali@okhdfcbank,383.44,referral_bonus_payout,2026-06-17T06:35:02,upi
pay_65136bf04b794a,u_0e6f89c325,ywali@okhdfcbank,399.58,referral_bonus_payout,2026-06-17T13:22:47,upi
pay_e96537c30a1447,u_466d5c850f,ywali@okhdfcbank,147.01,referral_bonus_payout,2026-06-17T16:46:05,upi
pay_7aef7be2c99f4c,u_6b025b005e,ywali@okhdfcbank,227.87,referral_bonus_payout,2026-06-17T11:20:51,upi
pay_c567d34eff3a4d,u_879af303fe,ywali@okhdfcbank,103.99,referral_bonus_payout,2026-06-17T08:21:32,upi
pay_8cece50c832e41,u_bbf4e48929,card_be3fb45eaf8043,425.01,referral_bonus_payout,2026-06-17T14:19:40,card
pay_cb1021eb163e4e,u_5a9c1a4553,card_be3fb45eaf8043,309.09,referral_bonus_payout,2026-06-17T17:36:02,card
pay_8382cbb3c2e74a,u_d01d1915d5,balaygirik@ybl,207.99,referral_bonus_payout,2026-07-01T23:35:27,upi
pay_1b5827434cc846,u_7852148a1d,upkaarmital@okhdfcbank,397.78,referral_bonus_payout,2026-07-02T07:28:23,upi
pay_4b27df3cc44a46,u_5f77789f0e,upkaarmital@okhdfcbank,261.01,referral_bonus_payout,2026-07-02T16:39:05,upi
pay_f4614c550d724c,u_382f69735a,balaygirik@ybl,66.92,referral_bonus_payout,2026-07-02T02:28:09,upi
pay_f836506d75a148,u_f6b4ef3a1f,upkaarmital@okhdfcbank,414.42,referral_bonus_payout,2026-07-02T02:39:42,upi
pay_2ab9c85fe49c47,u_edba807f00,balaygirik@ybl,87.95,referral_bonus_payout,2026-07-02T01:54:36,upi
pay_17e691aad57645,u_4b793159d4,upkaarmital@okhdfcbank,341.29,referral_bonus_payout,2026-07-02T14:35:46,upi
pay_d15e14afc45244,u_d026c74fa5,upkaarmital@okhdfcbank,312.23,referral_bonus_payout,2026-07-02T14:30:54,upi
pay_f9254a051c4942,u_bc23eaa594,balaygirik@ybl,339.57,referral_bonus_payout,2026-07-02T14:46:41,upi
pay_c147b28b47b34d,u_22da756027,card_54eba1ff76c249,414.07,referral_bonus_payout,2026-04-01T13:00:36,card
pay_cc5c1171a3c840,u_3f3711db4a,card_54eba1ff76c249,386.84,referral_bonus_payout,2026-04-02T02:03:25,card
pay_84fdaaa0c37249,u_b762597f94,card_54eba1ff76c249,257.76,referral_bonus_payout,2026-04-02T05:38:10,card
pay_397a4fa6065f4c,u_f72d0fb689,ynarula@paytm,299.54,referral_bonus_payout,2026-04-01T17:25:56,upi
pay_1a1a47e3dbeb4b,u_b7ed1aa8f2,card_daca9e73c56640,281.01,referral_bonus_payout,2026-04-01T23:28:19,card
pay_51a30dc476d94d,u_c0e41c27b2,sundaramlaban@okicici,462.83,referral_bonus_payout,2026-03-29T09:39:20,upi
pay_d21650250d9648,u_bb7e9ee9c3,rachitmurty@okicici,425.73,referral_bonus_payout,2026-03-30T02:06:19,upi
pay_84a9ad22b1204b,u_e9552631fc,wbera@okhdfcbank,71.49,referral_bonus_payout,2026-03-30T01:01:56,upi
pay_2250031d017d44,u_2038222ded,rachitmurty@okicici,308.77,referral_bonus_payout,2026-03-29T12:03:32,upi
pay_8b17cb46f48d42,u_b71572e951,uloyal@okhdfcbank,334.28,referral_bonus_payout,2026-07-03T20:37:40,upi
pay_226f886294f646,u_5835066576,card_b817464872ce44,448.61,referral_bonus_payout,2026-07-03T22:53:15,card
pay_f13861b1089d49,u_d91f915673,pushtikakar@okhdfcbank,71.51,referral_bonus_payout,2026-07-03T23:02:39,upi
pay_b3fdeef3d70f46,u_7232e8b234,pushtikakar@okhdfcbank,283.67,referral_bonus_payout,2026-07-04T10:10:53,upi
pay_a01e66d5fcab42,u_cb39242fd7,card_b817464872ce44,347.41,referral_bonus_payout,2026-07-04T09:42:05,card
pay_b6ed20ceba4447,u_f3df97b0fc,atwaladweta@paytm,431.9,referral_bonus_payout,2026-07-24T15:17:40,upi
pay_4c1c0836851744,u_5b9b403f66,balveerbhasin@okhdfcbank,64.57,referral_bonus_payout,2026-07-24T19:16:15,upi
pay_e0531d99fb9a4b,u_4f2ac9aba3,balveerbhasin@okhdfcbank,342.3,referral_bonus_payout,2026-07-24T18:39:02,upi
pay_b0bde5ef2f8a46,u_0074c40736,balveerbhasin@okhdfcbank,366.82,referral_bonus_payout,2026-07-24T18:31:56,upi
pay_59498eb48a5f40,u_ce25841f2a,atwaladweta@paytm,83.32,referral_bonus_payout,2026-07-24T19:08:55,upi
pay_53044b9997e94d,u_d209c76d84,atwaladweta@paytm,180.66,referral_bonus_payout,2026-07-24T19:57:59,upi
pay_87501574460740,u_2d3a04c992,atwaladweta@paytm,140.44,referral_bonus_payout,2026-07-24T17:44:48,upi
pay_e3640c9b143347,u_6c24184efa,atwaladweta@paytm,88.8,referral_bonus_payout,2026-07-24T17:27:12,upi
pay_442093dd913340,u_d2fbe9ed99,atwaladweta@paytm,192.66,referral_bonus_payout,2026-07-24T18:17:12,upi
pay_57a75fbad82642,u_154a6f614e,atwaladweta@paytm,459.82,referral_bonus_payout,2026-07-24T16:40:44,upi
pay_c123accb5f3a4d,u_67a8f9b78c,balveerbhasin@okhdfcbank,151.46,referral_bonus_payout,2026-07-24T16:48:42,upi
pay_40758738054646,u_e6abd44d91,lsandhu@okhdfcbank,480.49,referral_bonus_payout,2026-06-30T20:15:46,upi
pay_d3ff6f17cb4849,u_9b636c4b82,card_738bf2ce77e247,121.14,referral_bonus_payout,2026-07-02T01:03:00,card
pay_acb3ea484a1b42,u_23e48d63d6,card_a600f6e4723e47,97.78,referral_bonus_payout,2026-07-01T20:54:42,card
pay_d51e77c7e11f41,u_ab98c2d7e4,card_738bf2ce77e247,222.87,referral_bonus_payout,2026-07-01T13:11:56,card
pay_b1cb4a0c21d048,u_6e35bbb544,card_a600f6e4723e47,121.7,referral_bonus_payout,2026-07-01T18:50:21,card
pay_e0bb89f7576d4f,u_db6900e67e,card_c4ec2a6d944849,356.18,referral_bonus_payout,2026-06-06T22:51:03,card
pay_c55a4890505a48,u_6e95adb134,lbali@paytm,279.11,referral_bonus_payout,2026-06-07T05:05:40,upi
pay_6500251ccd8248,u_47b44d9978,oliver15@ybl,322.82,referral_bonus_payout,2026-06-07T11:38:28,upi
pay_0b9bb3da6e864e,u_0e2fdb97e1,card_d3969be1e3b843,263.7,referral_bonus_payout,2026-06-07T09:03:33,card
pay_d0d55dee3bdb44,u_1be40aac99,card_c4ec2a6d944849,485.18,referral_bonus_payout,2026-06-07T06:24:01,card
pay_c01baf8306fc46,u_f3ab112fe7,card_c4ec2a6d944849,99.45,referral_bonus_payout,2026-06-07T01:01:27,card
pay_81a0a51cd2414b,u_463514f029,oliver15@ybl,464.23,referral_bonus_payout,2026-06-07T06:12:06,upi
pay_c279c51187c042,u_a4ae6d3b3e,oliver15@ybl,397.4,referral_bonus_payout,2026-06-07T02:28:12,upi
pay_faeaf7f9685645,u_dd648768a8,card_9c27ac24a9e145,151.19,referral_bonus_payout,2026-06-07T07:29:54,card
pay_7c37fdf9434942,u_6294c12398,card_9c27ac24a9e145,354.48,referral_bonus_payout,2026-06-07T07:29:07,card
pay_aa20c2048f894d,u_9b207d17c2,joshua20@okhdfcbank,371.36,referral_bonus_payout,2026-06-07T12:37:26,upi
pay_e61b364ca1c542,u_acb3f025d8,timothy91@ybl,172.01,referral_bonus_payout,2026-06-07T12:44:20,upi
pay_0bfda42072794c,u_db1b19c7ac,kapurzayyan@okhdfcbank,460.95,referral_bonus_payout,2026-03-12T12:06:03,upi
pay_421991f0152545,u_1dc7440b93,kapurzayyan@okhdfcbank,387.05,referral_bonus_payout,2026-03-12T14:27:36,upi
pay_d82d63ad77874b,u_45ef585d70,kapurzayyan@okhdfcbank,338.59,referral_bonus_payout,2026-03-12T13:18:35,upi
pay_b45371732f0141,u_9743df252a,kapurzayyan@okhdfcbank,198.81,referral_bonus_payout,2026-03-12T13:41:14,upi
pay_02801d9b54b348,u_e16432b0aa,kapurzayyan@okhdfcbank,435.27,referral_bonus_payout,2026-03-12T13:35:37,upi
pay_0b5f038c81dc40,u_f416688159,kapurzayyan@okhdfcbank,471.12,referral_bonus_payout,2026-03-12T13:35:46,upi
pay_d13010d6f90141,u_cb1b9f0298,kapurzayyan@okhdfcbank,307.79,referral_bonus_payout,2026-03-12T13:56:57,upi
pay_02c71757b14d4d,u_f911510383,bavahritik@ybl,390.81,referral_bonus_payout,2026-07-24T06:09:48,upi
pay_71bde971a2fa48,u_32ffbe99e1,baljiwan64@okhdfcbank,100.49,referral_bonus_payout,2026-07-24T06:32:09,upi
pay_df4e52e6c3b141,u_c366ca1b08,bavahritik@ybl,254.04,referral_bonus_payout,2026-07-24T05:45:53,upi
pay_ad4b697c323f44,u_a5b155f68b,baljiwan64@okhdfcbank,417.4,referral_bonus_payout,2026-07-24T07:59:23,upi
pay_e8e6451812484f,u_d44508587c,bavahritik@ybl,233.99,referral_bonus_payout,2026-07-24T06:22:12,upi
pay_41b3b6e3b16644,u_e9b2666c72,lekha28@okhdfcbank,471.83,referral_bonus_payout,2026-05-07T06:07:16,upi
pay_7cc2ed4aeda545,u_792e901d96,card_8e34a9dd2bc545,65.11,referral_bonus_payout,2026-05-07T06:28:37,card
pay_97b6c6182dbf4c,u_d8d465ef2e,card_936af4fd5b074b,147.77,referral_bonus_payout,2026-05-07T23:40:31,card
pay_2e95522a221f46,u_17581cebcb,lekha28@okhdfcbank,114.47,referral_bonus_payout,2026-05-07T22:24:20,upi
pay_2e98b8357f644e,u_5f1e3f332a,card_66db5a33cc6a4e,487.53,referral_bonus_payout,2026-05-08T22:54:36,card
pay_0e892cdbd94c43,u_55d12601f6,card_167d65b9048645,114.96,referral_bonus_payout,2026-05-08T16:14:06,card
pay_d036c1d5288648,u_82c14ba8ee,card_8e34a9dd2bc545,431.21,referral_bonus_payout,2026-05-08T00:12:21,card
pay_7ab0385043404d,u_33ec422161,ekothari@paytm,134.67,referral_bonus_payout,2026-05-07T09:00:26,upi
pay_c175c58b372e4c,u_bf0e5a0043,card_936af4fd5b074b,363.03,referral_bonus_payout,2026-05-07T21:18:40,card
pay_0f0959074e8c4e,u_8692cf7122,charan94@ybl,167.35,referral_bonus_payout,2026-06-18T06:16:18,upi
pay_918dad83c89f44,u_c115dacfed,card_11f7adfa85a94e,474.56,referral_bonus_payout,2026-06-18T08:41:55,card
pay_07e440fadac345,u_db6212ded3,card_11f7adfa85a94e,374.14,referral_bonus_payout,2026-06-18T11:11:13,card
pay_bcf500d504e74d,u_d63147c7a2,charan94@ybl,235.58,referral_bonus_payout,2026-06-18T06:07:22,upi
pay_30198b3ecd844d,u_2bf18964eb,charan94@ybl,350.04,referral_bonus_payout,2026-06-18T08:35:45,upi
pay_625b25b4f4c847,u_1e70ed7553,charan94@ybl,374.99,referral_bonus_payout,2026-06-18T06:46:53,upi
pay_0070f26b866843,u_c1f456f0a8,charan94@ybl,158.44,referral_bonus_payout,2026-06-18T10:14:27,upi
pay_7d340bb930f041,u_e73d591f63,card_11f7adfa85a94e,256.55,referral_bonus_payout,2026-06-18T08:10:17,card
pay_de17efd7edaa4d,u_ce63563a00,card_11f7adfa85a94e,264.2,referral_bonus_payout,2026-06-18T06:01:36,card
pay_d0084cfd69ca46,u_a4d7d2e5d6,charan94@ybl,463.62,referral_bonus_payout,2026-06-18T11:19:17,upi
pay_f97a8037a71640,u_5902357240,charan94@ybl,176.17,referral_bonus_payout,2026-06-18T10:15:59,upi
pay_399bfc1bb5214e,u_dd956863b3,charan94@ybl,370.72,referral_bonus_payout,2026-06-18T08:46:03,upi
pay_6643d95890f942,u_8bb9f2ed0f,owen66@okhdfcbank,83.08,referral_bonus_payout,2026-06-29T04:19:32,upi
pay_25fdda6f345c42,u_7d838820f2,card_93cef6abb9b54c,52.34,referral_bonus_payout,2026-06-29T09:09:33,card
pay_e8d7ac8bee0641,u_0b4ce083c1,card_265874f43c3646,300.64,referral_bonus_payout,2026-06-29T06:52:51,card
pay_387019f3466345,u_b40fc4970c,owen66@okhdfcbank,195.99,referral_bonus_payout,2026-06-29T16:22:40,upi
pay_e8ba84edec204e,u_5a399b5379,owen66@okhdfcbank,112.48,referral_bonus_payout,2026-06-29T23:55:59,upi
pay_3503ff44b89840,u_97f9fbca3e,card_93cef6abb9b54c,402.2,referral_bonus_payout,2026-06-29T10:23:48,card
pay_c9daa71529dd4d,u_38464181f4,card_265874f43c3646,110.97,referral_bonus_payout,2026-06-29T22:20:37,card
pay_974b49b73d8d47,u_a887180f0b,card_93cef6abb9b54c,420.59,referral_bonus_payout,2026-06-29T18:05:24,card
pay_b2c816f483a242,u_59ce6aaf8d,card_93cef6abb9b54c,229.21,referral_bonus_payout,2026-06-30T05:38:25,card
pay_a8beceb063a34c,u_bef3cc8001,card_93cef6abb9b54c,417.42,referral_bonus_payout,2026-06-29T22:03:09,card
pay_c77d90f3f14944,u_e6f63c5b05,card_265874f43c3646,297.54,referral_bonus_payout,2026-06-29T11:07:00,card
pay_219407a4c9e54b,u_0bd38c4ef3,owen66@okhdfcbank,163.71,referral_bonus_payout,2026-06-30T04:16:40,upi
pay_44920c58d37240,u_6050c4fc0b,card_93cef6abb9b54c,290.47,referral_bonus_payout,2026-06-29T05:50:06,card
pay_35b1c589557844,u_4bcfee9398,vamakshimurthy@ybl,218.35,referral_bonus_payout,2026-07-24T02:04:14,upi
pay_7fdb768c326749,u_4fca2c98cb,card_cb0e30fb6ad54f,182.94,referral_bonus_payout,2026-07-24T03:36:53,card
pay_0b480ae8d7e049,u_ccabb4cd5f,card_cb0e30fb6ad54f,206.74,referral_bonus_payout,2026-07-24T02:58:24,card
pay_5f2d01b523b142,u_cd00498f72,card_cb0e30fb6ad54f,101.79,referral_bonus_payout,2026-07-24T02:24:19,card
pay_b0ef0f41ce3e4f,u_46a02947c6,card_cb0e30fb6ad54f,241.87,referral_bonus_payout,2026-07-24T05:18:26,card
pay_46e27e6995a546,u_0618c3e318,vamakshimurthy@ybl,326.35,referral_bonus_payout,2026-07-24T02:15:36,upi
pay_748d22767c7b42,u_a19aff90cd,card_cb0e30fb6ad54f,366.69,referral_bonus_payout,2026-07-24T01:45:26,card
pay_ac56aefd92514a,u_0346e74630,fariq32@ybl,352.45,referral_bonus_payout,2026-05-28T22:02:05,upi
pay_c956e10a6e1047,u_73b2174967,gchauhan@paytm,112.04,referral_bonus_payout,2026-05-28T23:34:04,upi
pay_09a6b073258245,u_b4e3319141,gchauhan@paytm,134.19,referral_bonus_payout,2026-05-28T23:02:27,upi
pay_2d9e050064174b,u_53245c1f98,gchauhan@paytm,277.45,referral_bonus_payout,2026-05-28T23:04:14,upi
pay_692fcf834f064b,u_c1856c8c88,gchauhan@paytm,151.18,referral_bonus_payout,2026-05-29T00:17:16,upi
pay_f5a66368701245,u_728a93f12e,fariq32@ybl,294.4,referral_bonus_payout,2026-05-29T00:25:27,upi
pay_39bafb98a81b42,u_085a943d96,fariq32@ybl,344.15,referral_bonus_payout,2026-05-28T23:06:40,upi
pay_49c8978e40534d,u_ddb6d69e02,fariq32@ybl,497.28,referral_bonus_payout,2026-05-29T00:04:29,upi
pay_614ccaa09cd845,u_da087a2948,fariq32@ybl,403.18,referral_bonus_payout,2026-05-29T00:30:10,upi
pay_972a6faab4d143,u_8ac1bfdca6,uparmar@okhdfcbank,309.84,referral_bonus_payout,2026-07-10T08:26:53,upi
pay_cd3c24bdd5da4f,u_83c9c8adbf,card_84b65ed98f4847,444.79,referral_bonus_payout,2026-07-10T08:54:11,card
pay_f798e79382f04f,u_21940fa353,card_84b65ed98f4847,363.78,referral_bonus_payout,2026-07-10T08:24:13,card
pay_04179c874cf74c,u_5774dc2880,card_84b65ed98f4847,177.62,referral_bonus_payout,2026-07-10T10:24:30,card
pay_ac1ccf197a3948,u_5d0c24a80d,uparmar@okhdfcbank,331.78,referral_bonus_payout,2026-07-10T09:37:30,upi
pay_9f1d5ad391b843,u_0e21b3002d,card_84b65ed98f4847,359.87,referral_bonus_payout,2026-07-10T08:50:08,card
pay_819ff3e89ec84a,u_0107fe0f48,card_84b65ed98f4847,217.33,referral_bonus_payout,2026-07-10T09:36:17,card
pay_127865bdd8144d,u_1b1e980d49,uparmar@okhdfcbank,50.49,referral_bonus_payout,2026-07-10T09:40:59,upi
pay_2c102a3f1d3e4b,u_04ee49a57c,uparmar@okhdfcbank,417.7,referral_bonus_payout,2026-07-10T09:29:48,upi
pay_23afabe1e7b54b,u_2d4fbd6706,card_84b65ed98f4847,184.66,referral_bonus_payout,2026-07-10T07:59:04,card
pay_2dc27ebade7c4e,u_9f58300dee,uparmar@okhdfcbank,123.85,referral_bonus_payout,2026-07-10T09:16:28,upi
pay_e0fc33c563cb47,u_c49c1aaca0,uparmar@okhdfcbank,113.01,referral_bonus_payout,2026-07-10T09:10:05,upi
pay_a3935d4ffeda47,u_d6622c86f8,manbirmani@ybl,470.27,referral_bonus_payout,2026-06-24T09:07:48,upi
pay_5a247aa047694c,u_fdfd53bf60,card_9d96caadd7884a,396.67,referral_bonus_payout,2026-06-24T16:08:29,card
pay_1c49cc489adf45,u_f6d2c804ca,card_e509533bfbdd46,332.86,referral_bonus_payout,2026-06-24T12:26:26,card
pay_8758681e992545,u_f7401b1e74,ozaindrajit@paytm,488.44,referral_bonus_payout,2026-06-24T10:50:06,upi
pay_fc4565b4629d46,u_e914942baf,card_e509533bfbdd46,430.91,referral_bonus_payout,2026-06-24T21:14:41,card
pay_3ebdd5d0855e4f,u_418680dc77,card_82898e8c911c48,346.12,referral_bonus_payout,2026-06-24T10:03:29,card
pay_cfb1ffc4e18f41,u_2278dd0065,ozaindrajit@paytm,420.13,referral_bonus_payout,2026-06-24T11:09:44,upi
pay_1892ce1cb3514f,u_5a67b94206,card_e509533bfbdd46,78.74,referral_bonus_payout,2026-06-24T22:56:24,card
pay_c3dc6e203b5e48,u_26d5e90f18,card_9d96caadd7884a,125.1,referral_bonus_payout,2026-06-24T18:39:42,card
pay_4119c9b6c2af41,u_623e36e1fe,card_afa6214f5ea843,194.81,referral_bonus_payout,2026-07-17T16:09:41,card
pay_0ccc79d2758b4f,u_cd63c5fbff,card_afa6214f5ea843,455.87,referral_bonus_payout,2026-07-17T17:05:45,card
pay_6c67083d986f43,u_1e9f7ec531,card_f5752f17450945,189.81,referral_bonus_payout,2026-07-17T23:40:36,card
pay_e52dc790b7bc46,u_3eb609a8cf,card_ca2e617fbe894b,258.77,referral_bonus_payout,2026-07-17T19:33:52,card
pay_b224a502710444,u_7ba73d2b88,card_afa6214f5ea843,336.17,referral_bonus_payout,2026-07-17T17:06:38,card
pay_b455fb5d2c634d,u_5eff436680,card_afa6214f5ea843,492.4,referral_bonus_payout,2026-07-17T22:44:40,card
pay_0ce793a237f34d,u_6b2afd981f,card_afa6214f5ea843,453.78,referral_bonus_payout,2026-07-18T04:49:59,card
pay_c2d9ff3ecd3140,u_8f2e5388b6,card_f19c0405bb244b,258.51,referral_bonus_payout,2026-05-09T14:23:25,card
pay_aea7e7a95ac944,u_e6b9a6ed28,card_f19c0405bb244b,370.02,referral_bonus_payout,2026-05-10T02:57:08,card
pay_a74fc31eb7dd42,u_60f5db8572,varenya70@ybl,162.43,referral_bonus_payout,2026-05-09T14:47:21,upi
pay_905916222a414b,u_092ee7b921,card_f19c0405bb244b,471.91,referral_bonus_payout,2026-05-09T16:17:11,card
pay_a746e7cd87de48,u_be61596ed0,varenya70@ybl,107.96,referral_bonus_payout,2026-05-09T15:08:13,upi
pay_418b2b9c25cf40,u_2aeaebfff1,card_f19c0405bb244b,227.75,referral_bonus_payout,2026-05-09T15:02:43,card
pay_3b9e3a1c37494e,u_e737050055,card_f19c0405bb244b,447.54,referral_bonus_payout,2026-05-09T20:43:01,card
pay_c5bf8b76d2b04c,u_9ebf93cc77,card_f19c0405bb244b,265.56,referral_bonus_payout,2026-05-10T02:25:25,card
pay_c3ea0f4966664e,u_18f44f5177,varenya70@ybl,495.23,referral_bonus_payout,2026-05-09T17:26:16,upi
pay_a467cbc2944943,u_0899ed02e2,card_f19c0405bb244b,496.19,referral_bonus_payout,2026-05-09T20:02:42,card
pay_d388098d200948,u_82957da902,card_0fb13f69d10448,67.08,referral_bonus_payout,2026-06-04T13:59:34,card
pay_080949f45b584a,u_cdef84ee52,snehawali@ybl,140.66,referral_bonus_payout,2026-06-05T00:13:35,upi
pay_63f2c24944fe4c,u_352e3f1f7d,card_2ece9ccb16ea4d,113.74,referral_bonus_payout,2026-06-04T15:48:37,card
pay_ca7c7aa3213a45,u_2ab5fe0894,card_0fb13f69d10448,201.45,referral_bonus_payout,2026-06-04T16:37:47,card
pay_0290a578b15c48,u_1366a02933,card_2ece9ccb16ea4d,467.98,referral_bonus_payout,2026-06-05T00:17:43,card
pay_6f8179cd919f41,u_08ec4420c9,card_ef9b963974594b,55.13,referral_bonus_payout,2026-07-16T16:46:12,card
pay_8af0ac32f35441,u_f4387d9585,card_ef9b963974594b,379.66,referral_bonus_payout,2026-07-16T19:31:22,card
pay_e86a80358f694e,u_230216a5f4,card_ef9b963974594b,83.17,referral_bonus_payout,2026-07-16T19:40:11,card
pay_1cee8250bef54d,u_92a2abf8d1,card_ef9b963974594b,83.75,referral_bonus_payout,2026-07-16T17:43:43,card
pay_c3929db964fd4f,u_d0f08cadf7,card_ef9b963974594b,95.57,referral_bonus_payout,2026-07-16T17:48:07,card
pay_ae4a89676f044a,u_801bc3be37,card_ef9b963974594b,93.16,referral_bonus_payout,2026-07-16T22:06:49,card
pay_01217c54e07f4a,u_840215035d,pranav71@okicici,188.76,referral_bonus_payout,2026-04-26T17:21:23,upi
pay_2c141e570e004b,u_98923a2f09,pranav71@okicici,221.65,referral_bonus_payout,2026-04-26T17:29:33,upi
pay_e880eea1968144,u_dad0652c06,card_596386e6ea144c,118.01,referral_bonus_payout,2026-04-26T18:09:52,card
pay_f56f676884074b,u_c6ef3168fc,card_596386e6ea144c,238.38,referral_bonus_payout,2026-04-26T17:53:54,card
pay_83ab58c15a7e42,u_fd658ba215,card_596386e6ea144c,456.25,referral_bonus_payout,2026-04-26T18:28:34,card
pay_95f073ab97464b,u_36954e00c5,card_596386e6ea144c,492.97,referral_bonus_payout,2026-04-26T18:56:53,card
pay_3972d600123f4d,u_4d71e71cea,card_596386e6ea144c,377.2,referral_bonus_payout,2026-04-26T18:06:49,card
pay_965eb15990394d,u_fb9904de5d,pranav71@okicici,330.38,referral_bonus_payout,2026-04-26T17:34:54,upi
pay_2f179c16f0ba46,u_8ffbcf592e,pranav71@okicici,95.45,referral_bonus_payout,2026-04-26T17:01:48,upi
pay_8d2f414ffaae47,u_088834f842,bhavani36@paytm,185.22,referral_bonus_payout,2026-06-04T12:00:41,upi
pay_118f752c8b0946,u_f7e9e98e2f,card_e3b38a05fd8a44,420.79,referral_bonus_payout,2026-06-05T09:16:16,card
pay_aadf16f8075a45,u_4f7c8e18ae,gaurika97@okhdfcbank,231.52,referral_bonus_payout,2026-06-05T06:51:18,upi
pay_8bd959293c0b47,u_6259087159,card_c4060055db5944,420.58,referral_bonus_payout,2026-06-04T13:13:07,card
pay_7335906d2cf34c,u_53c11f43a8,chawlacharles@ybl,250.75,referral_bonus_payout,2026-06-05T13:23:43,upi
pay_528bbc0a0dbe4e,u_da5014876d,card_fe7493630aaa4f,434.22,referral_bonus_payout,2026-06-04T14:53:08,card
pay_ed665f0e5e5446,u_989a7cd946,card_fe7493630aaa4f,439.08,referral_bonus_payout,2026-06-05T12:27:07,card
pay_0448c120a0174f,u_e165ff160b,card_fe7493630aaa4f,256.55,referral_bonus_payout,2026-06-05T14:23:41,card
pay_0ebfdaed12d74b,u_3ee775debf,faraj12@okhdfcbank,356.34,referral_bonus_payout,2026-06-25T12:55:28,upi
pay_38627e5cdb324a,u_790a7fae2f,card_821ade9bbda94d,497.64,referral_bonus_payout,2026-06-25T14:46:36,card
pay_cd57258993bd47,u_4b1edcb9bb,faraj12@okhdfcbank,430.44,referral_bonus_payout,2026-06-25T13:47:27,upi
pay_48fbe60dae3943,u_614037c164,faraj12@okhdfcbank,301.56,referral_bonus_payout,2026-06-25T13:54:44,upi
pay_d0d591b84c304c,u_288683b700,faraj12@okhdfcbank,449.08,referral_bonus_payout,2026-06-25T14:09:58,upi
pay_5eeb59915d664d,u_97d82e95fd,card_129f45d5e29a42,270.31,referral_bonus_payout,2026-04-10T17:09:33,card
pay_d3357c41290e49,u_b25357f7e8,card_c6e832aad67c48,66.98,referral_bonus_payout,2026-04-11T07:27:36,card
pay_b8e3fd93681540,u_4842034494,advik45@okicici,380.12,referral_bonus_payout,2026-04-11T04:11:26,upi
pay_a54836809a5f4d,u_0b5fd6485c,tdivan@paytm,125.16,referral_bonus_payout,2026-04-10T21:28:12,upi
pay_7931c3fc253444,u_b95ee186f6,advik45@okicici,204.23,referral_bonus_payout,2026-04-11T18:20:31,upi
pay_65f0d2cd0a994b,u_e9c2d96913,card_129f45d5e29a42,59.86,referral_bonus_payout,2026-04-11T01:30:32,card
pay_2c2c0bea1c9f49,u_e5bf9c50d2,advik45@okicici,290.63,referral_bonus_payout,2026-04-11T22:02:58,upi
pay_3d090016dec641,u_0ae9065e84,gchahal@okicici,221.11,referral_bonus_payout,2026-04-10T20:03:43,upi
pay_b3cdcc02337d49,u_a5bccd36b9,card_a7c28d0679e946,348.12,referral_bonus_payout,2026-04-10T23:30:27,card
pay_8237ba12bc4341,u_7a512563ba,gchahal@okicici,273.98,referral_bonus_payout,2026-04-11T10:46:07,upi
pay_97fc043e848345,u_7951e85158,card_c6e832aad67c48,51.23,referral_bonus_payout,2026-04-10T18:39:37,card
pay_cb3c4cacc29b4f,u_41ab8bde10,jkara@okicici,132.29,referral_bonus_payout,2026-07-21T08:55:39,upi
pay_514ffe6002aa45,u_bc8cee49e4,jkara@okicici,341.98,referral_bonus_payout,2026-07-22T12:46:52,upi
pay_9f748f394cc34c,u_f7b4041f04,jkara@okicici,355.28,referral_bonus_payout,2026-07-21T15:57:46,upi
pay_90fa995d54d643,u_e9ba2eb448,jkara@okicici,248.31,referral_bonus_payout,2026-07-21T17:53:29,upi
pay_3cf86811b5784d,u_e5e99f5a84,jkara@okicici,351.43,referral_bonus_payout,2026-07-22T23:58:36,upi
pay_365019eb820546,u_572f4826b1,card_e19cb8638bf74e,491.3,referral_bonus_payout,2026-06-05T19:03:26,card
pay_b79518adb9374b,u_d1d28d0214,card_e19cb8638bf74e,483.43,referral_bonus_payout,2026-06-07T12:01:34,card
pay_5efbcc747b364f,u_aee4575288,card_b04fc6997e1242,372.5,referral_bonus_payout,2026-06-07T04:04:59,card
pay_152691c019244d,u_668d4d7699,card_b04fc6997e1242,181.39,referral_bonus_payout,2026-06-06T20:42:50,card
pay_4801b325663d43,u_ab62e60a6d,card_e19cb8638bf74e,468.6,referral_bonus_payout,2026-06-06T03:10:45,card
pay_1b1f2bf11f154c,u_2739d91c58,card_af3376cc994040,334.96,referral_bonus_payout,2026-06-06T20:33:53,card
pay_35b29c01ec984b,u_a804ef08a7,card_e19cb8638bf74e,71.86,referral_bonus_payout,2026-06-07T08:04:18,card
pay_caf9085c01ad41,u_5a2846e579,card_e19cb8638bf74e,345.88,referral_bonus_payout,2026-06-07T13:56:10,card
pay_5be29ee2c69648,u_0d8a4c552c,card_af3376cc994040,486.72,referral_bonus_payout,2026-06-07T02:06:36,card
pay_ef5476b1e4f240,u_6966990424,card_b04fc6997e1242,334.66,referral_bonus_payout,2026-06-07T11:36:50,card
pay_8248081359e345,u_7f921ac868,card_b04fc6997e1242,195.07,referral_bonus_payout,2026-06-06T05:40:05,card
pay_4282f529f5a147,u_f5aebce744,sachideshpande@paytm,279.92,referral_bonus_payout,2026-07-04T15:54:42,upi
pay_3d2b68e551fe4a,u_0701b38ee2,card_88bedd116eda43,74.21,referral_bonus_payout,2026-07-05T20:57:51,card
pay_cda54e4ef1dc4f,u_6297a6274d,sachideshpande@paytm,483.93,referral_bonus_payout,2026-07-05T18:57:23,upi
pay_6c90c2c1b2964b,u_54830ef814,sachideshpande@paytm,300.47,referral_bonus_payout,2026-07-06T05:45:43,upi
pay_70bef1ac0ff445,u_3f72332144,sachideshpande@paytm,467.88,referral_bonus_payout,2026-07-04T17:33:21,upi
pay_70e35c6f642543,u_bbd09353f4,card_88bedd116eda43,307.7,referral_bonus_payout,2026-07-06T13:18:20,card
pay_9e993d831c0d49,u_773c34d124,sachideshpande@paytm,121.72,referral_bonus_payout,2026-07-06T06:41:11,upi
pay_4dfb2cf8a5e740,u_8af7f7bab3,card_88bedd116eda43,420.66,referral_bonus_payout,2026-07-05T07:48:06,card
pay_314f6b09d86144,u_a917673c00,sachideshpande@paytm,293.11,referral_bonus_payout,2026-07-05T15:57:53,upi
pay_8e79b8972c994b,u_9a7af24ec1,card_88bedd116eda43,183.4,referral_bonus_payout,2026-07-06T05:27:45,card
pay_5918feb72f694a,u_7583437b16,sachideshpande@paytm,144.85,referral_bonus_payout,2026-07-05T04:55:03,upi
pay_dfa4ded48e3344,u_7bc756d302,sachideshpande@paytm,372.59,referral_bonus_payout,2026-07-06T15:15:34,upi
pay_cc583868a81748,u_6d7139ca2e,sachideshpande@paytm,233.43,referral_bonus_payout,2026-07-05T10:09:18,upi
pay_b8a14b6781b94c,u_1a012bc1c2,sachideshpande@paytm,313.52,referral_bonus_payout,2026-07-06T15:27:07,upi
pay_b8599cfbf6974b,u_a2ec805106,card_2d57b07bb34941,52.26,referral_bonus_payout,2026-06-16T18:59:45,card
pay_f9dcc3bcb76140,u_5a5593a226,card_2d57b07bb34941,340.67,referral_bonus_payout,2026-06-16T20:40:57,card
pay_ed08ceb37a5a43,u_0df44e5752,card_2d57b07bb34941,409.85,referral_bonus_payout,2026-06-16T22:48:12,card
pay_f59a935989ef40,u_a824e200cb,card_2d57b07bb34941,138.84,referral_bonus_payout,2026-06-16T21:40:42,card
pay_1b08875b27414f,u_a9c9792374,umishra@ybl,455.05,referral_bonus_payout,2026-06-16T20:42:45,upi
pay_9bbb7552ad1544,u_dd649212b7,umishra@ybl,481.4,referral_bonus_payout,2026-06-16T22:17:48,upi
pay_9a41064ae80045,u_f8fc8e1ae7,umishra@ybl,379.84,referral_bonus_payout,2026-06-16T22:43:13,upi
pay_28084ca1436c4c,u_38f504ccc4,card_2d57b07bb34941,436.42,referral_bonus_payout,2026-06-16T21:35:43,card
pay_e74f2996774b44,u_35c0d4a01c,card_2d57b07bb34941,334.23,referral_bonus_payout,2026-06-16T22:07:51,card
pay_c229ad70b87b48,u_1e78f6b5aa,card_2d57b07bb34941,150.49,referral_bonus_payout,2026-06-16T19:58:45,card
pay_01098e2d34f545,u_48ad43dbeb,umishra@ybl,348.21,referral_bonus_payout,2026-06-16T21:27:35,upi
pay_a2dc17ad7e1041,u_f6c2c78782,card_2d57b07bb34941,476.92,referral_bonus_payout,2026-06-16T22:11:08,card
pay_78fadecd3b2746,u_2dfa98a52a,umishra@ybl,168.96,referral_bonus_payout,2026-06-16T21:33:43,upi
pay_b6b3dfeca86d4c,u_0056e1e75f,umishra@ybl,67.96,referral_bonus_payout,2026-06-16T21:40:23,upi
pay_92bc4271f10845,u_635fa070be,dinpavani@ybl,124.52,referral_bonus_payout,2026-06-02T15:15:45,upi
pay_c188c0b0073d4f,u_d5469f7f17,dinpavani@ybl,417.63,referral_bonus_payout,2026-06-02T15:43:46,upi
pay_8020c3f4407344,u_10c7412644,jalsasha@okicici,341.27,referral_bonus_payout,2026-06-02T17:16:14,upi
pay_652fc38b4b5941,u_348c790677,jalsasha@okicici,116.09,referral_bonus_payout,2026-06-02T18:16:21,upi
pay_31bba77fbacb4e,u_ab8ba9b747,jalsasha@okicici,322.94,referral_bonus_payout,2026-06-02T18:00:24,upi
pay_7834daee66314b,u_28d83378e0,dinpavani@ybl,358.52,referral_bonus_payout,2026-06-02T16:56:55,upi
pay_f0de7c9e8f2e4e,u_21f1f86f8b,dinpavani@ybl,322.48,referral_bonus_payout,2026-06-02T16:34:23,upi
pay_7de894c74af04b,u_e7f5a4b456,dinpavani@ybl,455.89,referral_bonus_payout,2026-06-02T16:25:24,upi
pay_9ef8a5f9a0794f,u_d44fdbb312,dinpavani@ybl,363.94,referral_bonus_payout,2026-06-02T19:15:02,upi
pay_4108103523d74f,u_ce01419cb9,jalsasha@okicici,394.64,referral_bonus_payout,2026-06-02T17:58:04,upi
pay_9f3b89d804324b,u_b48f577974,jalsasha@okicici,218.76,referral_bonus_payout,2026-06-02T16:32:21,upi
pay_3b705f5f639d42,u_9969800ea0,dinpavani@ybl,164.13,referral_bonus_payout,2026-06-02T17:02:40,upi
pay_1b22e4ed53e742,u_ed4bf77269,dinpavani@ybl,300.9,referral_bonus_payout,2026-06-02T18:55:36,upi
pay_3562be5300994f,u_1aa3b30f7a,dinpavani@ybl,434.75,referral_bonus_payout,2026-06-02T17:27:02,upi
pay_ff501ec178d64a,u_43f32b22c9,card_9dc10da62f174f,75.86,referral_bonus_payout,2026-05-17T19:10:25,card
pay_9a4b3c1fb5fe49,u_58212764d8,rchoudhry@okhdfcbank,279.75,referral_bonus_payout,2026-05-18T03:05:03,upi
pay_096da0cd631a42,u_f794e876f9,card_7b712eaedffd43,140.14,referral_bonus_payout,2026-05-18T09:52:59,card
pay_aacecd7ad6bc42,u_bf9669e3b9,card_9dc10da62f174f,206.64,referral_bonus_payout,2026-05-18T16:23:01,card
pay_f5b9adee439e45,u_1b0ce6cb81,card_7b712eaedffd43,301.38,referral_bonus_payout,2026-05-17T20:32:34,card
pay_5764429dd51349,u_6abac31795,jonathanupadhyay@paytm,365.37,referral_bonus_payout,2026-05-01T08:16:42,upi
pay_b88ee66d76ad4e,u_15c8db51eb,card_1830e817cb6540,148.35,referral_bonus_payout,2026-05-01T11:59:28,card
pay_cc791e5dee7c4e,u_ae2456a004,jonathanupadhyay@paytm,442.73,referral_bonus_payout,2026-05-01T09:40:33,upi
pay_41b0a1b0bb8d4a,u_634dd5a4ec,jonathanupadhyay@paytm,354.12,referral_bonus_payout,2026-05-01T11:43:08,upi
pay_071095e9266d48,u_2ddffaf49c,card_1830e817cb6540,387.58,referral_bonus_payout,2026-05-01T10:49:44,card
pay_cd5a894af9d340,u_88b0066f42,card_1830e817cb6540,399.16,referral_bonus_payout,2026-05-01T12:12:55,card
pay_6ca3049aba654e,u_66c95b6fc7,card_1830e817cb6540,166.87,referral_bonus_payout,2026-05-01T11:52:55,card
pay_f77b6809e49149,u_9f222b93c2,card_1830e817cb6540,238.59,referral_bonus_payout,2026-05-01T11:30:04,card
pay_e1e60d231d5c42,u_388de224aa,jonathanupadhyay@paytm,411.84,referral_bonus_payout,2026-05-01T09:28:56,upi
pay_0e99b3827a0d4a,u_35867158da,jonathanupadhyay@paytm,274.82,referral_bonus_payout,2026-05-01T09:47:21,upi
pay_854e7745332440,u_0de5864a82,card_1830e817cb6540,123.5,referral_bonus_payout,2026-05-01T11:29:33,card
pay_5c265233589a45,u_2d6bb20691,card_db2d5b94fd8b44,450.33,referral_bonus_payout,2026-07-09T18:39:21,card
pay_9a217f2a85f541,u_e3fd55a104,card_db2d5b94fd8b44,325.54,referral_bonus_payout,2026-07-09T18:08:54,card
pay_4ec4ded20b9b41,u_7042598a2c,card_db2d5b94fd8b44,181.11,referral_bonus_payout,2026-07-09T18:37:35,card
pay_02178b01d91d46,u_7c2d32996e,card_db2d5b94fd8b44,132.75,referral_bonus_payout,2026-07-09T20:44:50,card
pay_bd76b39e845845,u_cf5a62138d,okari@ybl,93.0,referral_bonus_payout,2026-07-09T19:35:03,upi
pay_07ee2d274c6d4f,u_45cb57c513,okari@ybl,469.22,referral_bonus_payout,2026-07-09T18:18:04,upi
pay_9532929e14834d,u_e1f45e7a9b,okari@ybl,348.6,referral_bonus_payout,2026-07-09T20:29:21,upi
pay_681edf9cc2fe43,u_ca6821ac39,okari@ybl,255.44,referral_bonus_payout,2026-07-09T19:54:44,upi
pay_212fb51b87444f,u_98aa929fb2,card_db2d5b94fd8b44,412.12,referral_bonus_payout,2026-07-09T20:46:59,card
pay_ce8df327019646,u_1916314512,card_8022ff71c2c34c,123.47,referral_bonus_payout,2026-05-19T23:23:41,card
pay_bf45c44517934d,u_7e95508830,card_8022ff71c2c34c,409.98,referral_bonus_payout,2026-05-19T23:35:29,card
pay_3705ea32cf564a,u_99b42b95dd,card_8022ff71c2c34c,132.08,referral_bonus_payout,2026-05-20T00:48:33,card
pay_4f04ab69fd1944,u_6195e6652e,card_8022ff71c2c34c,486.37,referral_bonus_payout,2026-05-20T00:33:51,card
pay_a14892b9eda345,u_57554d9659,card_f528df5af8cc42,429.6,referral_bonus_payout,2026-07-14T08:58:05,card
pay_be0c4296123e4e,u_d9257a9acc,card_f528df5af8cc42,104.88,referral_bonus_payout,2026-07-14T09:06:28,card
pay_bb83985de55645,u_76f866589d,card_f528df5af8cc42,396.95,referral_bonus_payout,2026-07-14T09:14:57,card
pay_cd29be14d02744,u_6645925b44,card_f528df5af8cc42,377.71,referral_bonus_payout,2026-07-14T09:25:38,card
pay_00bbd8de939246,u_802d93ae09,card_f528df5af8cc42,148.0,referral_bonus_payout,2026-07-14T08:59:28,card
pay_f5a9808812e047,u_6a33c08c1c,card_f528df5af8cc42,159.39,referral_bonus_payout,2026-07-14T08:18:06,card
pay_8e84dc2d8a8e41,u_c568b75a8a,card_f528df5af8cc42,358.68,referral_bonus_payout,2026-07-14T09:43:26,card
pay_a7b69e9849f346,u_aa645ddb96,card_f528df5af8cc42,406.16,referral_bonus_payout,2026-07-14T09:13:10,card
pay_a04b737c260741,u_4d85b03eea,card_f528df5af8cc42,211.18,referral_bonus_payout,2026-07-14T09:23:47,card
pay_83e4433cb6ad4f,u_56bca3204b,card_f528df5af8cc42,133.98,referral_bonus_payout,2026-07-14T09:02:57,card
pay_5fb6c379d3c744,u_b0e6c87314,card_f528df5af8cc42,252.22,referral_bonus_payout,2026-07-14T09:59:57,card
pay_9f407bf597ed40,u_6acba889ee,card_cb1fe2df60a04f,98.17,referral_bonus_payout,2026-03-26T06:10:30,card
pay_9fb5e462fe2547,u_589a174461,card_cb1fe2df60a04f,322.68,referral_bonus_payout,2026-03-27T09:32:18,card
pay_d5a17745666c4f,u_35dcdc2acb,yuvraj57@okhdfcbank,77.32,referral_bonus_payout,2026-03-28T05:07:30,upi
pay_0e923c9e76004a,u_044ffa6665,yuvraj57@okhdfcbank,147.16,referral_bonus_payout,2026-03-27T19:48:49,upi
pay_27405ab707074f,u_e04d61d72b,card_cb1fe2df60a04f,161.94,referral_bonus_payout,2026-03-27T20:42:21,card
pay_b0fe104961c349,u_f3a4fffaaa,avarma@okicici,349.36,referral_bonus_payout,2026-03-27T11:53:28,upi
pay_3e45a0463c4d46,u_6948abc4c9,ekiyabhagat@ybl,59.77,referral_bonus_payout,2026-04-28T08:50:27,upi
pay_cd11a36830db45,u_8aea75c4df,tanvi29@paytm,66.98,referral_bonus_payout,2026-04-29T03:03:20,upi
pay_d44b5e7d371047,u_b9971bad5e,meerachatterjee@ybl,185.14,referral_bonus_payout,2026-04-29T16:30:51,upi
pay_9916c1fc2cef45,u_5adcf8dc2a,ekiyabhagat@ybl,127.81,referral_bonus_payout,2026-04-29T10:34:28,upi
pay_057006f62f9147,u_8db3d5cbd6,ekiyabhagat@ybl,245.44,referral_bonus_payout,2026-04-29T13:27:39,upi
pay_3098e993248d45,u_7fa346b2f9,tanvi29@paytm,222.12,referral_bonus_payout,2026-04-29T15:40:09,upi
pay_6055c1b7f82748,u_54a9f3ff56,meerachatterjee@ybl,498.82,referral_bonus_payout,2026-04-29T09:54:44,upi
pay_83bc8e12e6e647,u_b4f21c500b,meerachatterjee@ybl,385.39,referral_bonus_payout,2026-04-28T13:54:47,upi
pay_4af647fb3a374a,u_d79a3c4dc9,meerachatterjee@ybl,266.42,referral_bonus_payout,2026-04-29T03:07:41,upi
pay_6df554462b0b41,u_74efbe7743,meerachatterjee@ybl,169.82,referral_bonus_payout,2026-04-29T07:19:06,upi
pay_d46e93f79a4047,u_6cf28c41a0,ekiyabhagat@ybl,206.74,referral_bonus_payout,2026-04-28T10:59:10,upi
pay_26efe1381e2547,u_ce10a1b7e4,ekiyabhagat@ybl,495.57,referral_bonus_payout,2026-04-29T12:28:50,upi
pay_4235349210b349,u_22fd78c531,meerachatterjee@ybl,159.37,referral_bonus_payout,2026-04-28T14:18:13,upi
pay_c7f87b2c86e14c,u_70714b3463,meerachatterjee@ybl,145.34,referral_bonus_payout,2026-04-29T02:14:46,upi
pay_6c0a818efa0542,u_8363611ae1,sharmafalguni@okicici,154.03,referral_bonus_payout,2026-03-21T23:01:37,upi
pay_9f6173eca9d248,u_c3f3197114,sharmafalguni@okicici,275.29,referral_bonus_payout,2026-03-21T23:34:41,upi
pay_3cf45e8aa11d48,u_efb90709aa,sharmafalguni@okicici,227.03,referral_bonus_payout,2026-03-21T23:40:02,upi
pay_8cd0952c6b144e,u_dd47513074,sharmafalguni@okicici,490.36,referral_bonus_payout,2026-03-21T23:41:08,upi
pay_37ab783f491648,u_1121a9df8a,sharmafalguni@okicici,345.62,referral_bonus_payout,2026-03-22T00:53:52,upi
pay_22d95ccde2964a,u_84e9899209,sharmafalguni@okicici,190.57,referral_bonus_payout,2026-03-21T23:36:40,upi
pay_acf4ce4043024d,u_229b7a82b5,sharmafalguni@okicici,189.05,referral_bonus_payout,2026-03-21T23:37:50,upi
pay_fb628190f66742,u_b56fb8d386,sharmafalguni@okicici,427.79,referral_bonus_payout,2026-03-22T00:12:57,upi
pay_144f2b266e7049,u_fc293e6e3d,sharmafalguni@okicici,419.76,referral_bonus_payout,2026-03-22T00:05:08,upi
pay_f0bee06ae30e42,u_2de243c5aa,sharmafalguni@okicici,493.68,referral_bonus_payout,2026-03-22T00:33:16,upi
pay_dc3b33f090364c,u_672a3b93a6,sharmafalguni@okicici,211.67,referral_bonus_payout,2026-03-22T00:38:08,upi
pay_1986390c7bec48,u_fbfe4fadc6,sharmafalguni@okicici,224.36,referral_bonus_payout,2026-03-22T00:21:37,upi
pay_ae1e31ae1d3740,u_2862cec253,sharmafalguni@okicici,150.15,referral_bonus_payout,2026-03-21T23:35:01,upi
pay_0ecb6fa7e79d46,u_96b225682f,sanayakata@okhdfcbank,240.11,referral_bonus_payout,2026-04-29T04:26:30,upi
pay_7f6f04bec6434d,u_dc624bfd63,samar96@ybl,100.93,referral_bonus_payout,2026-04-29T14:06:57,upi
pay_34e032f75b3d47,u_694e74c3ef,card_1a035b024c7244,458.22,referral_bonus_payout,2026-04-30T13:24:02,card
pay_5a7e17bf82db4f,u_d7be046973,card_7d5dc588c6554f,280.25,referral_bonus_payout,2026-04-30T06:07:13,card
pay_f8a26eb8fbd74d,u_a33abe9927,fchander@okhdfcbank,396.12,referral_bonus_payout,2026-04-30T04:41:58,upi
pay_6ea0d20ee09146,u_50e77b56e5,sanayakata@okhdfcbank,51.59,referral_bonus_payout,2026-04-30T00:22:12,upi
pay_1bc4744edca64e,u_7038f77b95,card_ce2422beb0944a,254.18,referral_bonus_payout,2026-04-30T16:36:29,card
pay_042e5396ec1c4a,u_bae6d1253d,jalsa24@okhdfcbank,469.17,referral_bonus_payout,2026-07-07T08:55:54,upi
pay_faeee4d59c544a,u_469d3bcc3f,jalsa24@okhdfcbank,110.55,referral_bonus_payout,2026-07-07T16:09:48,upi
pay_a96b3a5ca67243,u_8f6cddd0bf,jalsa24@okhdfcbank,378.38,referral_bonus_payout,2026-07-07T12:59:06,upi
pay_040a56a5a28848,u_6376856613,jalsa24@okhdfcbank,308.81,referral_bonus_payout,2026-07-07T22:37:46,upi
pay_adc64280b8a445,u_514af9ab6d,jalsa24@okhdfcbank,130.96,referral_bonus_payout,2026-07-07T18:47:26,upi
pay_6334f5d971744d,u_285fd4a285,jalsa24@okhdfcbank,103.07,referral_bonus_payout,2026-07-07T08:15:37,upi
pay_30e802e853eb42,u_da3f1aefd5,jalsa24@okhdfcbank,140.53,referral_bonus_payout,2026-07-07T14:52:29,upi
pay_bdf4faad6aba45,u_a36600fb3f,duawidisha@paytm,408.76,referral_bonus_payout,2026-05-04T05:39:38,upi
pay_f3331a24ffe141,u_5ee84cafa2,duawidisha@paytm,75.21,referral_bonus_payout,2026-05-04T07:07:24,upi
pay_8a05d05245514c,u_e1a7db75cb,duawidisha@paytm,64.03,referral_bonus_payout,2026-05-04T08:46:57,upi
pay_689ac0eba9ae45,u_d912057a11,duawidisha@paytm,172.17,referral_bonus_payout,2026-05-04T05:57:48,upi
pay_f5ed6fba63b444,u_9ab03c84dd,duawidisha@paytm,218.4,referral_bonus_payout,2026-05-04T06:34:02,upi
pay_27143bbae39c46,u_aaf201fd88,duawidisha@paytm,465.64,referral_bonus_payout,2026-05-04T06:38:48,upi
pay_700d7a291af04f,u_0f94e25e4a,duawidisha@paytm,256.72,referral_bonus_payout,2026-05-04T07:54:45,upi
pay_21d34bacccca4d,u_702c2e636c,duawidisha@paytm,96.4,referral_bonus_payout,2026-05-04T08:02:14,upi
pay_5e8c4edf79fd49,u_4ac0991893,duawidisha@paytm,120.87,referral_bonus_payout,2026-05-04T07:55:58,upi
pay_ed62218617d34d,u_ff83a320be,duawidisha@paytm,171.97,referral_bonus_payout,2026-05-04T07:19:00,upi
pay_0e3ef40971cf4f,u_77a4adc476,duawidisha@paytm,261.83,referral_bonus_payout,2026-05-04T08:01:05,upi
pay_bb50c7f036e846,u_7e8f2e993b,duawidisha@paytm,417.85,referral_bonus_payout,2026-05-04T07:05:39,upi
pay_e65a5192abde48,u_b12d8d8b12,card_8da215ba43d14c,269.38,referral_bonus_payout,2026-07-08T04:59:58,card
pay_b916a47d1fa64b,u_eba910062f,card_8da215ba43d14c,322.0,referral_bonus_payout,2026-07-08T20:59:33,card
pay_6d1a1d5c3b544a,u_ca4659a9d3,card_8da215ba43d14c,230.37,referral_bonus_payout,2026-07-08T17:00:50,card
pay_26878b21b50846,u_9ccdfff904,rajeshrikashyap@paytm,416.26,referral_bonus_payout,2026-07-08T10:41:21,upi
pay_86e3ea4ceeef4d,u_8fa9123736,rajeshrikashyap@paytm,351.32,referral_bonus_payout,2026-07-09T00:52:03,upi
pay_08878b12cd3740,u_2d39dbe98b,card_d0f0ca42e44946,117.15,referral_bonus_payout,2026-03-28T00:37:56,card
pay_3b1881eade6a4a,u_02a284467e,card_d0f0ca42e44946,184.88,referral_bonus_payout,2026-03-29T09:16:36,card
pay_6d5ceb79a65d41,u_65054c5859,csant@paytm,455.48,referral_bonus_payout,2026-03-29T12:49:00,upi
pay_b1a86f8bf62b49,u_e59c30d753,csant@paytm,227.42,referral_bonus_payout,2026-03-28T21:21:55,upi
pay_3703e6eeba6649,u_b5772070d9,card_0ccb22d1fa8f47,429.5,referral_bonus_payout,2026-03-28T12:18:34,card
pay_53cb139efaa749,u_51b8ff0a68,card_d0f0ca42e44946,374.6,referral_bonus_payout,2026-03-28T09:28:36,card
pay_4aa24f42314942,u_939891eda7,csant@paytm,362.93,referral_bonus_payout,2026-03-28T06:19:50,upi
pay_29e93b2c0a2346,u_841cbda242,card_d0f0ca42e44946,274.17,referral_bonus_payout,2026-03-28T17:00:12,card
pay_c2c2ef69dfd54c,u_c747926d42,card_0ccb22d1fa8f47,367.2,referral_bonus_payout,2026-03-29T18:51:03,card
pay_7a69c9a9366341,u_c46a8db5b1,csant@paytm,285.51,referral_bonus_payout,2026-03-28T06:34:44,upi
pay_2cae206021e844,u_cada639c3f,card_d0f0ca42e44946,204.6,referral_bonus_payout,2026-03-30T00:44:50,card
pay_bece89c4e5a04f,u_f3b6eafe91,kothariindrajit@ybl,56.39,referral_bonus_payout,2026-06-28T15:05:32,upi
pay_6d4081b31edd44,u_5d1f716298,card_a540ca3fcedd41,365.35,referral_bonus_payout,2026-06-28T19:24:41,card
pay_7e155ba2c3844a,u_7b56bb4368,card_a540ca3fcedd41,388.74,referral_bonus_payout,2026-06-29T03:32:29,card
pay_e79a50b938a244,u_b3c1faaff5,card_a540ca3fcedd41,258.81,referral_bonus_payout,2026-06-29T03:32:21,card
pay_70311dc6af1c47,u_a549ec2082,kothariindrajit@ybl,288.7,referral_bonus_payout,2026-06-28T23:17:58,upi
pay_e70d278343dd4c,u_3c5a5689b6,card_a540ca3fcedd41,336.84,referral_bonus_payout,2026-06-29T03:57:02,card
pay_aefc7a229a9c40,u_d878d83de4,kothariindrajit@ybl,387.09,referral_bonus_payout,2026-06-29T00:34:20,upi
pay_a5ed9dd414514e,u_8af746d339,kothariindrajit@ybl,96.76,referral_bonus_payout,2026-06-28T14:45:02,upi
pay_ce17339c845049,u_5c6ddc7660,card_a540ca3fcedd41,75.6,referral_bonus_payout,2026-06-28T23:11:48,card
pay_069bf6d541d848,u_d95d1cdf13,card_264666fc2f6e4c,248.26,referral_bonus_payout,2026-03-12T17:12:36,card
pay_ca0135fb9ef246,u_3c2fc7f335,deviriya@ybl,293.28,referral_bonus_payout,2026-03-13T20:43:02,upi
pay_cb0b1ca440c840,u_fdc6f66935,card_30dce291e6b542,307.11,referral_bonus_payout,2026-03-14T01:06:53,card
pay_a69b3de080d744,u_ad1a303370,prisha76@ybl,118.22,referral_bonus_payout,2026-03-13T02:44:57,upi
pay_967a8f1f62ef42,u_0fb04f8efd,deviriya@ybl,377.5,referral_bonus_payout,2026-03-14T06:15:20,upi
pay_0e69bb8d7ea749,u_5f0caa5ec5,yahvi57@okhdfcbank,211.51,referral_bonus_payout,2026-03-14T03:10:46,upi
pay_1e4795ee765745,u_99fb7e928e,card_68451158085149,290.27,referral_bonus_payout,2026-05-15T11:52:16,card
pay_816b02142d5141,u_c57c2147a7,kgole@okicici,145.26,referral_bonus_payout,2026-05-16T01:17:26,upi
pay_53c536bf1b204d,u_08b98b6530,kgole@okicici,270.0,referral_bonus_payout,2026-05-15T18:32:39,upi
pay_0bc0221ede2d4a,u_df1f9b4bb3,kgole@okicici,72.48,referral_bonus_payout,2026-05-15T14:26:19,upi
pay_5341aeddccdc43,u_4c4ff475b1,kai59@paytm,317.74,referral_bonus_payout,2026-05-16T10:28:30,upi
pay_027ece80ae5644,u_4f2633da2d,duttvincent@okicici,357.84,referral_bonus_payout,2026-05-16T03:46:20,upi
pay_612aa44002bf43,u_00aa6cf931,duttvincent@okicici,173.25,referral_bonus_payout,2026-05-16T15:58:44,upi
pay_5db4e7964f0c41,u_68b76545d0,card_1cab240320494f,431.32,referral_bonus_payout,2026-05-16T03:48:32,card
pay_ab4e45ea05554f,u_ef00897920,card_c7e4d49d8af440,131.0,referral_bonus_payout,2026-04-16T12:21:11,card
pay_f8facbec8ebd42,u_8bbaae6c52,card_2797ed46a6e047,136.36,referral_bonus_payout,2026-04-16T17:50:10,card
pay_a4b91511de1446,u_6fb7fc003e,card_2797ed46a6e047,408.48,referral_bonus_payout,2026-04-16T23:23:20,card
pay_1c3be31788b940,u_a4f476e6ce,caleb55@okicici,245.6,referral_bonus_payout,2026-04-16T14:53:41,upi
pay_7fba88b6717b42,u_fb12d1dfdd,card_c7e4d49d8af440,403.47,referral_bonus_payout,2026-04-16T12:18:29,card
pay_3a0077dbac3e4a,u_77908ec501,sarrafaditya@okicici,334.41,referral_bonus_payout,2026-05-12T12:41:59,upi
pay_b6f021fbacf348,u_251fb946b4,card_e2c885ed688a46,127.04,referral_bonus_payout,2026-05-13T00:04:58,card
pay_02f7f982914d43,u_1a314ac89b,sarrafaditya@okicici,298.74,referral_bonus_payout,2026-05-12T18:44:29,upi
pay_1f814d9733d74a,u_1fde2454c4,card_e2c885ed688a46,242.65,referral_bonus_payout,2026-05-13T10:35:18,card
pay_04bc3a4ec06f4d,u_990b4d8054,card_e2c885ed688a46,68.03,referral_bonus_payout,2026-05-12T19:29:24,card
pay_2655f1a18f6e4c,u_bc592328fb,sarrafaditya@okicici,388.89,referral_bonus_payout,2026-05-12T16:54:03,upi
pay_5cc0cec3220246,u_7b459c9fcc,sarrafaditya@okicici,187.18,referral_bonus_payout,2026-05-12T23:24:08,upi
pay_dc135e27f8a647,u_7abeb315b3,card_e2c885ed688a46,442.2,referral_bonus_payout,2026-05-13T05:08:35,card
pay_605ca795834b46,u_794b0ed7f5,sarrafaditya@okicici,388.8,referral_bonus_payout,2026-05-12T15:35:25,upi
pay_0209c6e3fd9f40,u_f71937e817,sarrafaditya@okicici,459.5,referral_bonus_payout,2026-05-12T16:20:50,upi
pay_f2271508b89d48,u_35547ac689,sarrafaditya@okicici,128.87,referral_bonus_payout,2026-05-13T02:19:37,upi
pay_633146d02b6546,u_d9b3c980ad,sarrafaditya@okicici,381.82,referral_bonus_payout,2026-05-12T18:11:20,upi
pay_cf2a0902032d48,u_359402b75b,card_e2c885ed688a46,217.77,referral_bonus_payout,2026-05-13T07:10:02,card
pay_9b66e4bb005d47,u_02ce7b4b22,card_1679a621fa094d,206.02,referral_bonus_payout,2026-07-11T12:51:48,card
pay_b4c67ea2043a4d,u_da354bf0f4,yashicanayak@okhdfcbank,283.83,referral_bonus_payout,2026-07-11T20:09:48,upi
pay_05164562dd8c4f,u_0828404efa,card_1679a621fa094d,109.38,referral_bonus_payout,2026-07-12T10:52:00,card
pay_f3d2d511f81141,u_36270f2995,yashicanayak@okhdfcbank,255.17,referral_bonus_payout,2026-07-12T02:55:13,upi
pay_cb5ab9695a1c43,u_f3dcba6639,sudiksha81@okhdfcbank,349.86,referral_bonus_payout,2026-07-11T23:17:55,upi
pay_bdb0bf44a9b441,u_efcf30a76c,card_1679a621fa094d,142.32,referral_bonus_payout,2026-07-12T09:27:52,card
pay_500a79b489164d,u_1b7e898000,sudiksha81@okhdfcbank,464.2,referral_bonus_payout,2026-07-12T02:07:26,upi
pay_eaf2bc70bc6946,u_1ecff44edc,yashicanayak@okhdfcbank,295.77,referral_bonus_payout,2026-07-12T06:08:24,upi
pay_67494401f9f047,u_b409bcb201,card_1679a621fa094d,379.24,referral_bonus_payout,2026-07-12T12:45:38,card
pay_e3cbc343a2b545,u_f904104547,sudiksha81@okhdfcbank,250.69,referral_bonus_payout,2026-07-12T00:49:48,upi
pay_eebb16d446134f,u_71adb9f74c,card_1679a621fa094d,87.62,referral_bonus_payout,2026-07-11T20:26:06,card
pay_4e4d73cb57614f,u_161f32dab3,card_1679a621fa094d,280.2,referral_bonus_payout,2026-07-12T02:54:25,card
pay_f7b69265277b49,u_a28a4f77a2,ktandon@ybl,469.92,referral_bonus_payout,2026-04-28T21:10:34,upi
pay_e3b477e5d9c142,u_8ae09dc9dc,ktandon@ybl,369.61,referral_bonus_payout,2026-04-29T05:47:48,upi
pay_44f8e5fd79604a,u_d2f952e18b,vdey@paytm,382.94,referral_bonus_payout,2026-04-29T06:25:25,upi
pay_92068d35db3c46,u_8ce31a6b04,ktandon@ybl,451.71,referral_bonus_payout,2026-04-29T02:32:28,upi
pay_1e5f4d0182e542,u_e94ed04ed4,vdey@paytm,440.76,referral_bonus_payout,2026-04-29T06:29:06,upi
pay_a5ba36289c9047,u_5f394dbed3,vdey@paytm,361.98,referral_bonus_payout,2026-04-29T08:31:53,upi
pay_a8b73795dc744d,u_578debae1f,vdey@paytm,337.53,referral_bonus_payout,2026-04-29T06:08:47,upi
pay_90eb8adff4f648,u_fd184c696e,vdey@paytm,422.07,referral_bonus_payout,2026-04-29T00:31:43,upi
pay_1f4c333be51741,u_73048dc7cc,vdey@paytm,464.41,referral_bonus_payout,2026-04-29T00:44:09,upi
pay_a3a1e766f10940,u_142d78a1ac,vdey@paytm,84.38,referral_bonus_payout,2026-04-29T01:51:04,upi
pay_7cbe9ba8ff1f4d,u_d8cdaa9881,shethgaurang@okicici,261.09,referral_bonus_payout,2026-07-07T03:03:19,upi
pay_b6c987bd23ca45,u_e2edefec01,card_ef7cb58e045248,133.15,referral_bonus_payout,2026-07-07T13:06:10,card
pay_bc62f1411cd047,u_d7bb5ccfb2,card_ef7cb58e045248,325.83,referral_bonus_payout,2026-07-08T04:47:02,card
pay_e948c482d7eb4d,u_392cdc9b90,card_ef7cb58e045248,146.31,referral_bonus_payout,2026-07-07T16:07:48,card
pay_991a10b6bdfa44,u_49c7315313,card_ef7cb58e045248,131.38,referral_bonus_payout,2026-07-08T22:26:21,card
pay_c927f0acd79641,u_7ec6292353,card_ef7cb58e045248,393.02,referral_bonus_payout,2026-07-07T12:32:24,card
pay_56f5f4a84f2b49,u_d80b2296da,miteshprasad@ybl,105.24,referral_bonus_payout,2026-04-08T17:03:35,upi
pay_1cd010cf1a884e,u_1d4e4604aa,miteshprasad@ybl,350.0,referral_bonus_payout,2026-04-10T12:01:16,upi
pay_45e2853f0f1042,u_e7fbf3282e,miteshprasad@ybl,332.77,referral_bonus_payout,2026-04-08T23:47:36,upi
pay_79c261c848de4e,u_35a0f7e5bc,rajeshrichana@okicici,222.18,referral_bonus_payout,2026-04-08T21:46:40,upi
pay_cf1ac527095a4a,u_28ad0a06bf,miteshprasad@ybl,167.75,referral_bonus_payout,2026-04-09T07:40:50,upi
pay_964894c4280a4a,u_fcb3484d3e,rajeshrichana@okicici,191.55,referral_bonus_payout,2026-04-08T17:10:47,upi
pay_ade96f90696f41,u_0d9546d6d2,rajeshrichana@okicici,110.52,referral_bonus_payout,2026-04-09T06:08:20,upi
pay_22527a9dee4c42,u_bc434630b4,rajeshrichana@okicici,226.12,referral_bonus_payout,2026-04-10T04:50:50,upi
pay_eb0c51284d3043,u_bf7f4b3b94,rajeshrichana@okicici,70.3,referral_bonus_payout,2026-04-09T17:33:49,upi
pay_6fcb858af37144,u_c93ef3a5cf,rajeshrichana@okicici,496.38,referral_bonus_payout,2026-04-10T13:51:55,upi
pay_fa7ee57a83d147,u_aa8f61f9ea,card_6c2726329aa04d,305.62,referral_bonus_payout,2026-05-03T08:29:52,card
pay_2bc1ef0f63fb47,u_20583f23e1,card_6c2726329aa04d,95.03,referral_bonus_payout,2026-05-03T12:41:09,card
pay_494e044befa848,u_56bdbc7087,card_6c2726329aa04d,140.79,referral_bonus_payout,2026-05-03T12:08:18,card
pay_d6078c19d3e84e,u_d29c55c2b7,card_6c2726329aa04d,173.01,referral_bonus_payout,2026-05-03T12:23:25,card
pay_ed4a863541174d,u_c87557d8e7,card_6c2726329aa04d,184.96,referral_bonus_payout,2026-05-03T10:16:24,card
pay_084ddd506e4247,u_03fde9b1cb,card_6c2726329aa04d,282.3,referral_bonus_payout,2026-05-03T13:55:19,card
pay_0870f20f03c14c,u_86359d3396,card_6c2726329aa04d,213.92,referral_bonus_payout,2026-05-03T13:32:04,card
pay_3186dc5a220140,u_4d64c5a622,card_6c2726329aa04d,460.01,referral_bonus_payout,2026-05-03T11:03:51,card
pay_da65d6d5a05c43,u_f05a26285f,card_6c2726329aa04d,422.25,referral_bonus_payout,2026-05-03T09:46:53,card
pay_eda018f35a0446,u_d884a8f32f,card_6c2726329aa04d,63.11,referral_bonus_payout,2026-05-03T13:02:20,card
pay_3b1061c9b3aa43,u_d905524b54,card_6c2726329aa04d,87.77,referral_bonus_payout,2026-05-03T08:23:55,card
pay_999ec692295346,u_4dbb12b0a6,card_6c2726329aa04d,275.11,referral_bonus_payout,2026-05-03T12:40:37,card
pay_a15a2951032949,u_9be89b92e8,card_6c2726329aa04d,105.02,referral_bonus_payout,2026-05-03T13:25:43,card
pay_ffac6ed172c440,u_99c90813dc,card_6c2726329aa04d,146.35,referral_bonus_payout,2026-05-03T11:13:43,card
pay_45a7a76b051b46,u_b37ea61734,gshetty@okicici,189.17,referral_bonus_payout,2026-07-09T10:23:34,upi
pay_104b3929039042,u_d1f58c5bbb,gshetty@okicici,463.07,referral_bonus_payout,2026-07-09T12:14:22,upi
pay_4df1ba2c552149,u_c6b85b670a,gshetty@okicici,173.32,referral_bonus_payout,2026-07-09T12:55:24,upi
pay_1d80235aabb143,u_ca93e1b758,gshetty@okicici,419.11,referral_bonus_payout,2026-07-09T12:55:12,upi
pay_34327c6620354c,u_89dd8b98f0,gshetty@okicici,338.62,referral_bonus_payout,2026-07-09T13:59:59,upi
pay_992deb4b226341,u_4802a14876,gshetty@okicici,191.17,referral_bonus_payout,2026-07-09T11:36:43,upi
pay_56979a8eb82f4d,u_9597f72a2e,gshetty@okicici,193.73,referral_bonus_payout,2026-07-09T13:41:25,upi
pay_e5665568f02e42,u_dc2e45df8b,gshetty@okicici,215.42,referral_bonus_payout,2026-07-09T11:53:56,upi
pay_5ec8592438ad4a,u_4b3aadd695,gshetty@okicici,488.36,referral_bonus_payout,2026-07-09T11:45:51,upi
pay_a71c5972d31e4a,u_ecf3412485,gshetty@okicici,481.11,referral_bonus_payout,2026-07-09T12:43:19,upi
pay_3a3f985647184e,u_0079136388,gshetty@okicici,371.1,referral_bonus_payout,2026-07-09T13:43:47,upi
pay_0218675a4e0247,u_5ffa989eeb,gshetty@okicici,142.97,referral_bonus_payout,2026-07-09T12:38:11,upi
pay_3aed03cd7f8a4b,u_c73834bb91,sakshammitter@okicici,261.0,referral_bonus_payout,2026-06-22T04:59:30,upi
pay_5de337156c8941,u_cb76ba6c77,sakshammitter@okicici,300.65,referral_bonus_payout,2026-06-22T07:09:53,upi
pay_8663d7211f3a47,u_b58ec44d42,sakshammitter@okicici,221.42,referral_bonus_payout,2026-06-22T05:25:52,upi
pay_bba6787d25fa48,u_098211447d,sakshammitter@okicici,468.65,referral_bonus_payout,2026-06-22T06:58:45,upi
pay_a9b803fd96fb47,u_4db9245a5f,sakshammitter@okicici,490.33,referral_bonus_payout,2026-06-22T06:06:36,upi
pay_3c8d923b030d4f,u_30ce2f2a48,sakshammitter@okicici,168.45,referral_bonus_payout,2026-06-22T07:16:36,upi
pay_d22b083f39154c,u_5e889b34f1,card_53350254ce014c,494.97,referral_bonus_payout,2026-06-05T02:42:05,card
pay_b7dabe116ee945,u_2f86ac996b,card_53350254ce014c,440.68,referral_bonus_payout,2026-06-05T16:39:15,card
pay_85c10710eee342,u_2b00765d8b,jeremiahkanda@ybl,131.26,referral_bonus_payout,2026-06-05T08:52:02,upi
pay_bd7135b6396f41,u_b3f9efd250,card_53350254ce014c,356.29,referral_bonus_payout,2026-06-05T04:21:05,card
pay_4ce9fcae60d54c,u_0b471a924b,card_d45e01d995e248,317.39,referral_bonus_payout,2026-06-05T12:13:46,card
pay_f24ee48d15d847,u_cd7dd21499,card_d45e01d995e248,458.1,referral_bonus_payout,2026-06-05T13:56:52,card
pay_bd149a78693244,u_689982ab57,card_2d2b95598bdd4b,349.48,referral_bonus_payout,2026-07-12T00:59:14,card
pay_8a9123ff693b40,u_7cee5109e1,card_2d2b95598bdd4b,240.14,referral_bonus_payout,2026-07-12T18:51:01,card
pay_7e377ac537e447,u_48213f8d9c,card_2d2b95598bdd4b,354.4,referral_bonus_payout,2026-07-12T15:50:52,card
pay_9d6d8c381b8648,u_45e4b0839a,card_2d2b95598bdd4b,185.18,referral_bonus_payout,2026-07-12T18:43:35,card
pay_37231617708549,u_fa97779023,card_2d2b95598bdd4b,235.86,referral_bonus_payout,2026-07-12T03:29:25,card
pay_a686880b19a649,u_86b4aea106,card_2d2b95598bdd4b,57.32,referral_bonus_payout,2026-07-12T13:46:44,card
pay_50e6167dcc4247,u_71d3867100,card_2d2b95598bdd4b,463.15,referral_bonus_payout,2026-07-12T22:50:00,card
pay_0a3384283b8442,u_81e15cd963,card_2d2b95598bdd4b,102.51,referral_bonus_payout,2026-07-12T11:04:43,card
pay_3de0ecb70a0d4d,u_ac6941cc6b,card_2d2b95598bdd4b,488.26,referral_bonus_payout,2026-07-12T15:33:10,card
pay_6fd8e94152a94e,u_52d3bf9d9a,card_2d2b95598bdd4b,417.19,referral_bonus_payout,2026-07-12T04:22:40,card
pay_e58b63627ffe4f,u_8198ab909b,card_2d2b95598bdd4b,436.19,referral_bonus_payout,2026-07-13T00:06:10,card
pay_22b63ec8593b42,u_940bc4c138,card_2d2b95598bdd4b,313.35,referral_bonus_payout,2026-07-12T16:28:55,card
pay_15b05a4eef0545,u_1e0e8b8d4a,card_2d2b95598bdd4b,431.88,referral_bonus_payout,2026-07-12T13:37:32,card
pay_46363c719d3447,u_d567d3fe37,card_74eb387d1af240,329.83,referral_bonus_payout,2026-07-09T18:20:26,card
pay_eb4e536e43e047,u_eb18fa20ec,robertkothari@paytm,271.48,referral_bonus_payout,2026-07-09T21:49:09,upi
pay_cecbbdb27c6d4d,u_2fb519e8b8,vdar@ybl,210.67,referral_bonus_payout,2026-07-09T18:53:48,upi
pay_0af486ba024a45,u_85102f12ef,chandranetra@paytm,152.01,referral_bonus_payout,2026-07-10T00:59:03,upi
pay_8c31a80039324e,u_a7cea5f0ec,card_4953d59582cf43,118.03,referral_bonus_payout,2026-07-10T00:10:05,card
pay_8621881d36a645,u_07265b57d6,wagleodika@ybl,401.74,referral_bonus_payout,2026-07-10T01:36:29,upi
pay_98b30172ea794e,u_6b1a510f46,card_74eb387d1af240,368.67,referral_bonus_payout,2026-07-10T01:16:02,card
pay_631e400fa9d24c,u_0cc713601c,robertkothari@paytm,263.15,referral_bonus_payout,2026-07-09T21:48:14,upi
pay_5946c7ca8f3e40,u_48538f9beb,card_4953d59582cf43,152.68,referral_bonus_payout,2026-07-09T21:10:23,card
pay_b2acc4f43fa44f,u_b414bda571,card_134e2dc1507e44,54.48,referral_bonus_payout,2026-07-10T01:20:57,card
pay_479fce96a3984d,u_018e88acfc,card_c28ea65b32c644,66.69,referral_bonus_payout,2026-07-09T21:58:47,card
pay_a7bf60c26e0045,u_340dc13cb8,zashil25@okicici,60.54,referral_bonus_payout,2026-03-19T01:13:13,upi
pay_d33ff5f9de254c,u_2b4587156b,ramanlajita@ybl,278.37,referral_bonus_payout,2026-03-20T07:37:13,upi
pay_0f6b4426384640,u_59375b2ce4,karqarin@okhdfcbank,156.24,referral_bonus_payout,2026-03-20T10:35:46,upi
pay_f8c192b93f1b48,u_1d0b4803c8,card_91b111186c5248,403.16,referral_bonus_payout,2026-03-20T16:31:11,card
pay_ebf4c3961a0c4c,u_37e12d223b,piyer@paytm,212.57,referral_bonus_payout,2026-03-19T19:29:08,upi
pay_bc47b65b7e2247,u_f7e845185e,bishakhatiwari@okicici,264.31,referral_bonus_payout,2026-03-19T07:23:14,upi
pay_3bc20e3e8af04a,u_71ead1be7e,karqarin@okhdfcbank,476.52,referral_bonus_payout,2026-03-19T20:54:18,upi
pay_9146bb21244b49,u_19edbd5c6e,karqarin@okhdfcbank,120.58,referral_bonus_payout,2026-03-19T09:26:01,upi
pay_ae143ef8a36244,u_5b848e64d0,card_2616e233ca7148,418.61,referral_bonus_payout,2026-04-29T06:55:01,card
pay_cc38b93eae2345,u_e5f04c2d47,card_2616e233ca7148,304.59,referral_bonus_payout,2026-04-29T11:22:12,card
pay_b34c8023c76343,u_1873ed2ddb,card_2616e233ca7148,377.54,referral_bonus_payout,2026-04-29T17:35:13,card
pay_8c59b836725b46,u_cb4996cdcb,card_2616e233ca7148,70.62,referral_bonus_payout,2026-04-30T12:11:42,card
pay_1f267467155148,u_3bb1285e00,card_2616e233ca7148,88.32,referral_bonus_payout,2026-04-29T18:16:35,card
pay_ff099d4b1fc742,u_446877cf4d,card_2616e233ca7148,160.38,referral_bonus_payout,2026-04-29T14:58:32,card
pay_4837eefaad194c,u_f3590a9eec,card_2616e233ca7148,287.56,referral_bonus_payout,2026-04-30T07:08:18,card
pay_8e2867b085614a,u_99ffca90cf,card_2616e233ca7148,90.33,referral_bonus_payout,2026-04-29T18:46:42,card
pay_d9cd69fb19944a,u_0f4ac048fc,card_2616e233ca7148,184.11,referral_bonus_payout,2026-04-29T11:09:24,card
pay_c60871fe028447,u_0c75326f41,card_2616e233ca7148,388.46,referral_bonus_payout,2026-04-30T02:01:56,card
pay_280b9bb11b3e47,u_987bc40891,cshetty@okhdfcbank,250.69,referral_bonus_payout,2026-06-16T17:26:26,upi
pay_21df0788f0e24b,u_73cf7a53a1,cshetty@okhdfcbank,299.82,referral_bonus_payout,2026-06-16T20:09:22,upi
pay_954c29755b3d4b,u_29f96befe1,cshetty@okhdfcbank,266.98,referral_bonus_payout,2026-06-16T19:32:25,upi
pay_fe089c7b650a46,u_7421250235,cshetty@okhdfcbank,227.89,referral_bonus_payout,2026-06-16T19:36:15,upi
pay_5c4ffe24c35741,u_62b57ecc56,cshetty@okhdfcbank,475.43,referral_bonus_payout,2026-06-16T19:40:44,upi
pay_61002528ff7345,u_2257078bc0,card_c59a59e0578642,129.73,referral_bonus_payout,2026-05-13T03:02:28,card
pay_d3e82517c72b42,u_619b1277f3,card_c59a59e0578642,58.9,referral_bonus_payout,2026-05-13T02:54:47,card
pay_0d31137169404c,u_8a8a560757,card_c59a59e0578642,272.21,referral_bonus_payout,2026-05-13T03:23:44,card
pay_437c28dafac34e,u_a599a99514,card_c59a59e0578642,174.81,referral_bonus_payout,2026-05-13T02:31:02,card
pay_678aa7ea63a945,u_64868f21cf,card_c59a59e0578642,385.69,referral_bonus_payout,2026-05-13T02:43:43,card
pay_9a2d43e3c55e4a,u_fb5b2c0543,card_c59a59e0578642,60.4,referral_bonus_payout,2026-05-13T03:10:23,card
pay_7251bda9122844,u_e073705fa6,vyanjanaamble@ybl,86.81,referral_bonus_payout,2026-03-02T00:31:38,upi
pay_fbd278091f6d46,u_b3e2a74f79,vyanjanaamble@ybl,189.86,referral_bonus_payout,2026-03-02T03:00:21,upi
pay_2a2b2876d4fc44,u_5437d71749,vyanjanaamble@ybl,161.22,referral_bonus_payout,2026-03-02T02:07:35,upi
pay_aa8e337b0fd04b,u_ce4a892da2,vyanjanaamble@ybl,328.8,referral_bonus_payout,2026-03-02T01:44:43,upi
pay_6eb12fc9425e4a,u_77140c1664,vyanjanaamble@ybl,362.01,referral_bonus_payout,2026-03-02T00:58:12,upi
pay_319b19c2db6f43,u_6c56d5524b,vyanjanaamble@ybl,182.71,referral_bonus_payout,2026-03-02T02:53:33,upi
pay_aafdd954c91a4b,u_0a276be5d5,vyanjanaamble@ybl,258.89,referral_bonus_payout,2026-03-02T01:19:17,upi
pay_7703b3f3ca1148,u_122b6fa377,vyanjanaamble@ybl,197.69,referral_bonus_payout,2026-03-02T02:52:22,upi
pay_75fdb8642e7641,u_37b0312cfd,vyanjanaamble@ybl,165.33,referral_bonus_payout,2026-03-02T01:18:04,upi
pay_e19be4d8ef914e,u_0503ebb179,vyanjanaamble@ybl,190.25,referral_bonus_payout,2026-03-02T01:39:24,upi
pay_fccdbc3e48e145,u_3cdfa345b9,indalireddy@ybl,327.25,referral_bonus_payout,2026-06-01T10:01:22,upi
pay_52e1a62c5ada44,u_da4eec247d,indalireddy@ybl,337.45,referral_bonus_payout,2026-06-01T11:39:07,upi
pay_c545f5b6e81743,u_d2ed5f2ccc,indalireddy@ybl,83.18,referral_bonus_payout,2026-06-01T10:08:23,upi
pay_fecd097f391544,u_1e0ff239f5,indalireddy@ybl,139.61,referral_bonus_payout,2026-06-01T11:13:29,upi
pay_52fdf580dd3840,u_cabb3fa36b,indalireddy@ybl,167.8,referral_bonus_payout,2026-06-01T09:53:56,upi
pay_0f2c25d65d254a,u_a245287bbb,indalireddy@ybl,158.07,referral_bonus_payout,2026-06-01T11:14:06,upi
pay_a90211f3a21844,u_f4c360e0c8,indalireddy@ybl,108.86,referral_bonus_payout,2026-06-01T10:42:35,upi
pay_5cd8a0a7563c4a,u_7c3c98bd4e,indalireddy@ybl,314.3,referral_bonus_payout,2026-06-01T10:56:13,upi
pay_a471e1859aa941,u_cea16fa5fd,indalireddy@ybl,86.63,referral_bonus_payout,2026-06-01T09:18:38,upi
pay_a37bf023580640,u_e1b7090af5,indalireddy@ybl,130.55,referral_bonus_payout,2026-06-01T10:29:13,upi
pay_8ef91d33e20a46,u_70d1806acb,indalireddy@ybl,452.7,referral_bonus_payout,2026-06-01T10:35:03,upi
pay_b9855db6d0be42,u_e6ec336663,indalireddy@ybl,218.35,referral_bonus_payout,2026-06-01T10:44:08,upi
pay_f304a0848d9a49,u_4fb66e545e,darika78@ybl,162.51,referral_bonus_payout,2026-04-08T21:54:47,upi
pay_a8a61c89cfbf4e,u_2528b1eab3,darika78@ybl,184.76,referral_bonus_payout,2026-04-10T00:03:16,upi
pay_8a94274f847d44,u_9ee720c98b,darika78@ybl,495.17,referral_bonus_payout,2026-04-10T03:52:10,upi
pay_afd429954fe64e,u_8eee1e0989,darika78@ybl,257.63,referral_bonus_payout,2026-04-09T15:41:12,upi
pay_6bda006c46c747,u_e9ac38c76d,darika78@ybl,301.3,referral_bonus_payout,2026-04-10T01:49:09,upi
pay_3b1787cd5b5441,u_964e60f6e6,darika78@ybl,238.62,referral_bonus_payout,2026-04-09T09:46:18,upi
pay_052b89e89e3c4c,u_2d1d029c10,chavvi89@paytm,64.49,referral_bonus_payout,2026-04-09T09:37:21,upi
pay_77d3265f364c4c,u_f15f5a7361,darika78@ybl,141.89,referral_bonus_payout,2026-04-09T21:23:41,upi
pay_808df42b2c4345,u_61845b4e7b,chavvi89@paytm,298.81,referral_bonus_payout,2026-04-09T21:48:42,upi
pay_46f108d208314a,u_9293479ed5,kohlidhruv@okhdfcbank,108.47,referral_bonus_payout,2026-07-23T08:43:46,upi
pay_03b1ee1d900b48,u_d1dbcf6e08,ybains@okhdfcbank,276.11,referral_bonus_payout,2026-07-23T08:41:35,upi
pay_ce358d622af848,u_1102f90d33,kohlidhruv@okhdfcbank,459.64,referral_bonus_payout,2026-07-23T08:30:37,upi
pay_9fb4fb328b0047,u_1aea5867e7,ybains@okhdfcbank,420.54,referral_bonus_payout,2026-07-23T09:17:04,upi
pay_e0fe0a2325e042,u_17b1438e80,kohlidhruv@okhdfcbank,92.99,referral_bonus_payout,2026-07-23T08:37:45,upi
pay_e93dc39524cb44,u_1639907aad,kohlidhruv@okhdfcbank,375.08,referral_bonus_payout,2026-07-23T09:06:08,upi
pay_b4f3e3c0d22c4c,u_051496ba53,kohlidhruv@okhdfcbank,400.78,referral_bonus_payout,2026-07-23T08:01:19,upi
pay_1e7632c7f99647,u_8ad5cf09f9,xshroff@paytm,105.87,referral_bonus_payout,2026-03-04T12:13:39,upi
pay_bbc03b1d94fa41,u_fe9608b87b,xshroff@paytm,371.49,referral_bonus_payout,2026-03-05T08:12:30,upi
pay_a46b821b110040,u_f9943c616f,xshroff@paytm,319.19,referral_bonus_payout,2026-03-06T02:42:07,upi
pay_6feb098580c941,u_92f0daf9e2,xshroff@paytm,239.76,referral_bonus_payout,2026-03-05T06:51:36,upi
pay_e7f53728d24240,u_2e272d7e73,xshroff@paytm,280.63,referral_bonus_payout,2026-03-04T20:33:42,upi
pay_2e0403f89d1a4e,u_d3e0489566,xshroff@paytm,97.65,referral_bonus_payout,2026-03-05T04:40:34,upi
pay_2322876ea37740,u_b59900c982,xshroff@paytm,79.71,referral_bonus_payout,2026-03-05T11:22:19,upi
pay_94a41fa193264a,u_e444af9918,xshroff@paytm,95.82,referral_bonus_payout,2026-03-05T05:27:33,upi
pay_323fffeee5cc45,u_a93f68af9d,xshroff@paytm,447.79,referral_bonus_payout,2026-03-05T17:44:19,upi
pay_355c8dbe1a2f4f,u_9025a246d6,xshroff@paytm,367.08,referral_bonus_payout,2026-03-05T21:08:58,upi
pay_e7392d32327941,u_491d195c3f,xshroff@paytm,328.89,referral_bonus_payout,2026-03-05T11:19:01,upi
pay_cc7451f37b6840,u_3b7d14ff3e,eta33@ybl,204.23,referral_bonus_payout,2026-04-26T01:43:53,upi
pay_894d749e594e4d,u_c2ca325a10,eta33@ybl,333.4,referral_bonus_payout,2026-04-26T02:58:30,upi
pay_f77281e51e8549,u_23eaf85bd6,eta33@ybl,316.68,referral_bonus_payout,2026-04-26T00:57:20,upi
pay_5b8c946f026d44,u_210c863adb,eta33@ybl,160.22,referral_bonus_payout,2026-04-26T04:47:40,upi
pay_0242682da34642,u_4cca092bd6,eta33@ybl,266.53,referral_bonus_payout,2026-04-26T06:51:41,upi
pay_f3c3f98dc95147,u_41cf97fbdb,eta33@ybl,242.33,referral_bonus_payout,2026-04-26T04:53:35,upi
pay_b0ac517ad4ff4a,u_d671ec3816,eta33@ybl,187.63,referral_bonus_payout,2026-04-26T06:44:55,upi
pay_de151e9cc69242,u_3b72a08220,eta33@ybl,462.26,referral_bonus_payout,2026-04-26T01:45:10,upi
pay_b188fce54a4342,u_b95ac31a53,eta33@ybl,217.92,referral_bonus_payout,2026-04-26T05:02:16,upi
pay_fae85e2b919b4e,u_e98a32bd8d,eta33@ybl,397.07,referral_bonus_payout,2026-04-26T04:20:02,upi
pay_d2dda4c347a942,u_b396f58855,ranveersule@okicici,124.62,referral_bonus_payout,2026-07-16T03:36:25,upi
pay_9b2204beaa514a,u_4990d4c96e,ranveersule@okicici,465.94,referral_bonus_payout,2026-07-16T04:29:12,upi
pay_2386ce5683024f,u_23b1d872c9,ranveersule@okicici,52.89,referral_bonus_payout,2026-07-16T03:03:54,upi
pay_68a38792be754b,u_a02540affc,ranveersule@okicici,126.79,referral_bonus_payout,2026-07-16T03:06:57,upi
pay_92330d9cef4e4f,u_e497890bf7,card_22b89cdf663541,169.74,referral_bonus_payout,2026-07-26T16:48:36,card
pay_6b4654d02d3b44,u_93fd887668,card_62dfb4928bbe4f,262.95,referral_bonus_payout,2026-07-28T07:03:42,card
pay_934dd022bc794d,u_4008224157,card_62dfb4928bbe4f,75.76,referral_bonus_payout,2026-07-27T10:00:24,card
pay_231daf401d4044,u_eb1f1a0027,card_62dfb4928bbe4f,449.59,referral_bonus_payout,2026-07-26T17:10:04,card
pay_6f90a4ef59284e,u_4ae7472351,card_62dfb4928bbe4f,346.49,referral_bonus_payout,2026-07-28T19:57:44,card
pay_3b7c543f74f446,u_fc880a57c3,card_62dfb4928bbe4f,155.1,referral_bonus_payout,2026-07-26T18:34:15,card
pay_ce3e164f0d3348,u_0c2ba6664f,card_62dfb4928bbe4f,137.78,referral_bonus_payout,2026-07-28T17:30:55,card
pay_bc086ee2e8eb4b,u_15133b1155,card_62dfb4928bbe4f,185.61,referral_bonus_payout,2026-07-28T05:37:23,card
pay_fca8ba3898d54f,u_439b9adeb9,card_22b89cdf663541,497.01,referral_bonus_payout,2026-07-27T08:27:16,card
pay_9428f5d2b2434d,u_78294143f7,card_62dfb4928bbe4f,478.18,referral_bonus_payout,2026-07-27T20:45:05,card
pay_e10aa954978249,u_3c387e77f5,card_62dfb4928bbe4f,372.85,referral_bonus_payout,2026-07-28T11:29:03,card
pay_f939437de3814f,u_434eca0fec,card_62dfb4928bbe4f,89.46,referral_bonus_payout,2026-07-28T00:34:43,card
pay_966c02e89ac248,u_9feb531bde,arunimaacharya@okhdfcbank,192.17,referral_bonus_payout,2026-05-16T19:45:21,upi
pay_c2996b6afe6045,u_f7f2d4c96e,arunimaacharya@okhdfcbank,349.41,referral_bonus_payout,2026-05-18T04:08:42,upi
pay_218bf35e80724c,u_017387f382,arunimaacharya@okhdfcbank,367.94,referral_bonus_payout,2026-05-18T07:35:16,upi
pay_1881e35a090a47,u_9f8a2932c4,harish18@okhdfcbank,73.65,referral_bonus_payout,2026-05-17T06:49:30,upi
pay_60835841ff644e,u_f34609dd27,arunimaacharya@okhdfcbank,355.05,referral_bonus_payout,2026-05-17T06:29:52,upi
pay_d2e78236b6b24f,u_e10074beef,card_98938e4546714d,144.39,referral_bonus_payout,2026-07-14T04:10:16,card
pay_fdbdfb4a1b1e47,u_e3b3b52b9f,card_98938e4546714d,492.22,referral_bonus_payout,2026-07-14T04:58:49,card
pay_b537c864b72e41,u_c7896928fa,card_98938e4546714d,342.54,referral_bonus_payout,2026-07-14T04:58:36,card
pay_181b2c9603824f,u_5151f4e59f,sanevritti@paytm,496.02,referral_bonus_payout,2026-07-14T05:07:55,upi
pay_de8901dde0d240,u_1f4ce2ab65,sanevritti@paytm,102.48,referral_bonus_payout,2026-07-14T04:55:21,upi
pay_e4eeed719c2d4d,u_001d472f62,sanevritti@paytm,92.55,referral_bonus_payout,2026-07-14T05:01:37,upi
pay_c6ae3546f0f943,u_9d79936d57,card_98938e4546714d,78.57,referral_bonus_payout,2026-07-14T04:14:14,card
pay_eaad6790138641,u_e99a187adb,card_b171c56277f34b,299.62,referral_bonus_payout,2026-06-25T08:28:13,card
pay_3c9196aced3d44,u_9acfd333b4,card_c7317885c65c40,65.75,referral_bonus_payout,2026-06-25T12:09:25,card
pay_0c836dea17804a,u_07d848cd37,card_b171c56277f34b,475.8,referral_bonus_payout,2026-06-25T10:13:04,card
pay_f1bb36e0c40c4d,u_35d811fcf3,card_c7317885c65c40,285.2,referral_bonus_payout,2026-06-25T10:40:03,card
pay_38de09ef8cea4a,u_fde832be8e,card_b171c56277f34b,184.87,referral_bonus_payout,2026-06-25T11:30:09,card
pay_77ce302aca3f4f,u_68f6386b5c,card_b171c56277f34b,239.91,referral_bonus_payout,2026-06-25T12:06:48,card
pay_3ea9955d55654f,u_9e87d85b95,card_b171c56277f34b,354.44,referral_bonus_payout,2026-06-25T09:33:48,card
pay_82412212709b4e,u_cdabe5ba98,card_c7317885c65c40,192.36,referral_bonus_payout,2026-06-25T11:07:07,card
pay_99575cef712043,u_769db52ebe,card_b171c56277f34b,233.05,referral_bonus_payout,2026-06-25T09:05:23,card
pay_59e8059dcde146,u_9b90e4be4c,card_c7317885c65c40,219.72,referral_bonus_payout,2026-06-25T09:38:49,card
pay_4f048942e73440,u_a212424bf0,card_c7317885c65c40,207.01,referral_bonus_payout,2026-06-25T10:59:58,card
pay_3acf18837e8a43,u_19ea82800e,card_b171c56277f34b,388.34,referral_bonus_payout,2026-06-25T12:14:05,card
pay_f45919f2ad5a40,u_8cec3d1c20,card_1a78805a079448,378.48,referral_bonus_payout,2026-04-30T18:38:34,card
pay_5d738b7f93c449,u_b926e77062,jkothari@ybl,378.86,referral_bonus_payout,2026-05-01T12:16:12,upi
pay_7f33c957249c41,u_7b894c667b,harshil40@paytm,290.45,referral_bonus_payout,2026-04-30T19:22:55,upi
pay_074b4afe40734a,u_fe7c7107c5,card_5ee2d19f63004c,446.87,referral_bonus_payout,2026-05-02T00:30:13,card
pay_73b5044f01174e,u_eb22e3f9bc,card_1a78805a079448,355.58,referral_bonus_payout,2026-05-01T07:53:42,card
pay_2fd29b6f26874b,u_bea61731ff,noah69@ybl,382.11,referral_bonus_payout,2026-05-01T05:01:07,upi
pay_06b3fb7be1a144,u_96ddf77d0d,maanav85@ybl,75.87,referral_bonus_payout,2026-05-01T17:31:09,upi
pay_57648b49a7c94f,u_f4ce59cdc7,card_6d9cf7ea4b7446,133.77,referral_bonus_payout,2026-05-01T07:26:39,card
pay_23b399b6da7645,u_d09b484234,tanmayi18@paytm,396.25,referral_bonus_payout,2026-04-30T23:51:21,upi
pay_fcf86aaffaad4a,u_ebe6b54516,card_5ee2d19f63004c,171.27,referral_bonus_payout,2026-05-01T05:07:21,card
pay_808c719329e64d,u_47460809f2,card_ffdd65e2c23040,110.16,referral_bonus_payout,2026-05-01T19:21:52,card
pay_7c2557a1c9ce4b,u_bf4b417a09,jkothari@ybl,103.46,referral_bonus_payout,2026-05-01T00:09:46,upi
pay_fab10c4170704c,u_45dbb6ca2a,card_4c001f4a47424a,266.09,referral_bonus_payout,2026-05-06T11:24:33,card
pay_a2e9cdee83bf43,u_962b2fcd9f,card_4c001f4a47424a,395.03,referral_bonus_payout,2026-05-07T05:26:58,card
pay_1ed7932d15444a,u_cd4a142814,card_4c001f4a47424a,434.69,referral_bonus_payout,2026-05-07T01:12:25,card
pay_0c48ffcf404e40,u_ccba338fd9,card_4c001f4a47424a,468.09,referral_bonus_payout,2026-05-06T20:47:33,card
pay_48027654190f46,u_a14de5956b,card_4c001f4a47424a,77.61,referral_bonus_payout,2026-05-08T08:51:31,card
pay_a1476e8c0cd346,u_ed7636c691,card_4c001f4a47424a,161.14,referral_bonus_payout,2026-05-07T06:12:54,card
pay_b46a20b58b194b,u_5eed8351bf,card_4c001f4a47424a,176.07,referral_bonus_payout,2026-05-08T11:08:00,card
pay_959f551d10fc48,u_548cc14ff5,card_4c001f4a47424a,351.03,referral_bonus_payout,2026-05-07T23:03:00,card
pay_d8b79fd481ff42,u_944548d2db,card_4c001f4a47424a,144.51,referral_bonus_payout,2026-05-07T14:04:27,card
pay_e55afcabc17e4a,u_8a41d63f73,card_4c001f4a47424a,83.7,referral_bonus_payout,2026-05-08T10:14:28,card
pay_9d74585a8ec448,u_599a6faef6,valafalan@okhdfcbank,124.48,referral_bonus_payout,2026-05-17T05:19:19,upi
pay_6d2aeb4381c344,u_7a10ad51d3,valafalan@okhdfcbank,148.01,referral_bonus_payout,2026-05-17T07:54:35,upi
pay_7eb7bba0b97a41,u_e80ac1aa0c,srivastavaveda@okhdfcbank,149.15,referral_bonus_payout,2026-05-17T09:08:28,upi
pay_aa912e4688324c,u_c538621192,valafalan@okhdfcbank,473.92,referral_bonus_payout,2026-05-17T09:25:42,upi
pay_52118d8463fc46,u_88965080a1,valafalan@okhdfcbank,206.36,referral_bonus_payout,2026-05-17T06:54:18,upi
pay_56f2349ef73e46,u_9047a03170,valafalan@okhdfcbank,325.17,referral_bonus_payout,2026-05-17T09:29:17,upi
pay_2a812e51395d47,u_020a5346b2,srivastavaveda@okhdfcbank,487.22,referral_bonus_payout,2026-05-17T08:56:27,upi
pay_a4104f47facf41,u_8bf669434b,srivastavaveda@okhdfcbank,165.81,referral_bonus_payout,2026-05-17T06:16:26,upi
pay_088f9c2979cb48,u_6806ed151a,srivastavaveda@okhdfcbank,455.98,referral_bonus_payout,2026-05-17T06:16:19,upi
pay_40593fd872a04f,u_10587391b8,srivastavaveda@okhdfcbank,131.18,referral_bonus_payout,2026-05-17T07:31:29,upi
pay_810ec0ffab3b4d,u_50c25a2bf9,pdara@okhdfcbank,141.04,referral_bonus_payout,2026-03-21T16:31:31,upi
pay_d9394fe0b41449,u_1944c42d16,pdara@okhdfcbank,75.14,referral_bonus_payout,2026-03-21T21:36:54,upi
pay_4baddfa7d02845,u_18191b363e,pdara@okhdfcbank,426.42,referral_bonus_payout,2026-03-21T19:23:07,upi
pay_ffcafcc1b36748,u_58583a1bf2,pdara@okhdfcbank,179.08,referral_bonus_payout,2026-03-22T00:04:41,upi
pay_3f6fd616879a40,u_1be0072e15,pdara@okhdfcbank,480.13,referral_bonus_payout,2026-03-22T09:44:54,upi
pay_ab6b70f0e1e045,u_477819077f,imaran71@okicici,469.8,referral_bonus_payout,2026-03-21T04:19:51,upi
pay_2d3cd8800d8049,u_311e0eb43e,imaran71@okicici,374.6,referral_bonus_payout,2026-03-21T06:13:26,upi
pay_5ca741e7da2042,u_9c23cd0fad,imaran71@okicici,107.39,referral_bonus_payout,2026-03-21T07:17:34,upi
pay_ce724b75dc0848,u_8cb136129a,imaran71@okicici,297.2,referral_bonus_payout,2026-03-21T07:20:53,upi
pay_9256adf582644a,u_f9b3c82605,imaran71@okicici,399.47,referral_bonus_payout,2026-03-21T06:08:41,upi
pay_4771817f017a4d,u_7cf7f6d116,card_26704894a3ed48,482.92,referral_bonus_payout,2026-04-13T15:34:07,card
pay_85540dd8a07847,u_782c806b1d,card_26704894a3ed48,317.27,referral_bonus_payout,2026-04-13T18:21:06,card
pay_f6edcf6aa3ab46,u_e963d49905,card_26704894a3ed48,416.17,referral_bonus_payout,2026-04-13T15:40:15,card
pay_a05e6cefe7c344,u_df9ec4bd54,paniniparmer@ybl,249.79,referral_bonus_payout,2026-04-13T19:42:10,upi
pay_fe19eb04481b48,u_effe5545f6,bedwin@paytm,230.18,referral_bonus_payout,2026-03-18T21:39:18,upi
pay_2328b32add8c4a,u_cd1064ee94,bedwin@paytm,338.85,referral_bonus_payout,2026-03-18T22:00:37,upi
pay_faf49d4fefc64f,u_d8a8e401b4,bedwin@paytm,213.22,referral_bonus_payout,2026-03-18T20:55:32,upi
pay_5051237c7a4948,u_f60f3f95b8,bedwin@paytm,390.43,referral_bonus_payout,2026-03-18T21:58:32,upi
pay_3b02360b62954a,u_75a6659bf1,bedwin@paytm,304.16,referral_bonus_payout,2026-03-18T21:04:51,upi
pay_f2448fb8003645,u_08c40027e1,bedwin@paytm,488.23,referral_bonus_payout,2026-03-18T21:39:05,upi
pay_d1bab80b36e144,u_c596c21f4f,bedwin@paytm,440.97,referral_bonus_payout,2026-03-18T21:57:01,upi
pay_cb590753618147,u_5c4079f621,bedwin@paytm,413.36,referral_bonus_payout,2026-03-18T21:19:12,upi
pay_366cb174ad274e,u_ec30bec3a5,bedwin@paytm,435.18,referral_bonus_payout,2026-03-18T22:02:56,upi
pay_e30d399eb58e4d,u_49a598487f,bedwin@paytm,305.11,referral_bonus_payout,2026-03-18T20:45:54,upi
pay_f996be403add41,u_6715fc25c6,bedwin@paytm,183.02,referral_bonus_payout,2026-03-18T21:21:48,upi
pay_fbdc44a3399847,u_4ebde23a61,bedwin@paytm,262.97,referral_bonus_payout,2026-03-18T21:52:49,upi
pay_56d66513e65a4e,u_734600963f,bedwin@paytm,436.55,referral_bonus_payout,2026-03-18T22:11:04,upi
pay_5bdfae6c75b340,u_898a712489,bedwin@paytm,356.99,referral_bonus_payout,2026-03-18T21:57:30,upi
pay_028c7540ad1744,u_24dd878dd1,card_09dc82fa421c4a,443.37,referral_bonus_payout,2026-05-17T13:55:53,card
pay_72618fb4f1ec41,u_07fe5b7e4f,card_09dc82fa421c4a,98.76,referral_bonus_payout,2026-05-17T13:57:19,card
pay_b8c5a489b5a14b,u_56514435b4,card_09dc82fa421c4a,264.3,referral_bonus_payout,2026-05-17T13:28:32,card
pay_72ecd1eafc2246,u_ad0db940b6,card_09dc82fa421c4a,64.1,referral_bonus_payout,2026-05-17T14:38:38,card
pay_ccf95aaff4dc43,u_87d1fbbaff,card_09dc82fa421c4a,440.61,referral_bonus_payout,2026-05-17T13:51:47,card
pay_6fbb962c324843,u_ef663e45a6,card_09dc82fa421c4a,443.2,referral_bonus_payout,2026-05-17T13:24:33,card
pay_b411c39ebda643,u_74341e2eb0,card_09dc82fa421c4a,455.74,referral_bonus_payout,2026-05-17T13:54:35,card
pay_1fd3b124b30a40,u_eb4ba948c8,card_09dc82fa421c4a,359.97,referral_bonus_payout,2026-05-17T13:46:26,card
pay_78cb99aad7464e,u_b8bfa60057,card_09dc82fa421c4a,350.58,referral_bonus_payout,2026-05-17T14:30:11,card
pay_208e96a5062b4d,u_6e5e98a983,card_09dc82fa421c4a,192.38,referral_bonus_payout,2026-05-17T12:48:51,card
pay_f6f47f52217641,u_1ce5a76255,card_09dc82fa421c4a,385.57,referral_bonus_payout,2026-05-17T13:39:38,card
pay_be09fd616d9041,u_307dce8754,card_09dc82fa421c4a,136.02,referral_bonus_payout,2026-05-17T14:14:54,card
pay_083ac1ec7b2b46,u_0a066bc52e,card_09dc82fa421c4a,342.01,referral_bonus_payout,2026-05-17T13:33:59,card
pay_70f0ccc7193b41,u_5803573846,card_09dc82fa421c4a,256.47,referral_bonus_payout,2026-05-17T14:20:25,card
pay_98c5862f489a45,u_addf952ce9,card_7dec285a37ff47,170.42,referral_bonus_payout,2026-05-12T18:51:59,card
pay_63673f93426040,u_778a2cd50f,kaulyahvi@okhdfcbank,61.81,referral_bonus_payout,2026-05-13T07:30:24,upi
pay_868ba02940704c,u_4297379cc1,card_08db4d4c8ccf4d,158.82,referral_bonus_payout,2026-05-13T00:39:44,card
pay_96f46de8be3347,u_424d91a8d3,card_91bc4c7c76c74c,193.16,referral_bonus_payout,2026-05-12T20:35:44,card
pay_7bc6767cb3a54d,u_564d05572e,card_08db4d4c8ccf4d,429.36,referral_bonus_payout,2026-05-13T04:24:45,card
pay_a47802e9753d4d,u_2bf928aa65,dalaja54@paytm,487.58,referral_bonus_payout,2026-05-12T21:09:09,upi
pay_092d74e09f7f4c,u_b520171a81,card_94dd27bce35541,160.36,referral_bonus_payout,2026-05-12T22:22:49,card
pay_1c567caa12984f,u_28b85759ff,zehaan54@okhdfcbank,105.21,referral_bonus_payout,2026-05-13T05:45:16,upi
pay_d06f55576d3b48,u_dea5cfb64d,kaulyahvi@okhdfcbank,407.95,referral_bonus_payout,2026-05-13T04:18:49,upi
pay_7fc2f897bc064a,u_d98823d7e1,kaulyahvi@okhdfcbank,191.11,referral_bonus_payout,2026-05-12T19:44:20,upi
pay_6ba3a4234c9841,u_3dc26723e6,dayitadatta@okhdfcbank,267.76,referral_bonus_payout,2026-05-13T06:02:30,upi
pay_edebf6bc4a6f49,u_a91e2371ce,balaypushti@paytm,147.34,referral_bonus_payout,2026-05-13T03:54:23,upi
pay_c7d5b2b1d32d47,u_50fec702cc,card_7dec285a37ff47,478.95,referral_bonus_payout,2026-05-13T08:16:52,card
pay_919012f4354c49,u_85bec38769,card_7dec285a37ff47,359.18,referral_bonus_payout,2026-05-13T03:09:16,card
pay_87a3ca05460448,u_821c06a0bc,jacob77@paytm,146.83,referral_bonus_payout,2026-04-06T03:06:34,upi
pay_b7ea321e96574a,u_706270ae37,bdevi@ybl,197.99,referral_bonus_payout,2026-04-06T11:49:55,upi
pay_26bd54ed35404f,u_e527513dba,card_d1584d6b54f84d,147.86,referral_bonus_payout,2026-04-06T08:40:57,card
pay_975783295a1f4b,u_5cf5678b48,card_a2a2541c7d8244,139.17,referral_bonus_payout,2026-04-06T07:58:28,card
pay_04623c265e124c,u_51e9f7e983,jacob77@paytm,320.64,referral_bonus_payout,2026-04-06T22:25:30,upi
pay_e749533575df49,u_06be4ef287,lekha92@ybl,290.06,referral_bonus_payout,2026-04-07T12:06:04,upi
pay_9bf8080c25f04c,u_255b2b9a4a,peter22@okhdfcbank,185.45,referral_bonus_payout,2026-04-06T07:40:00,upi
pay_f3995a3b559140,u_749a2fa4a8,lekha92@ybl,492.79,referral_bonus_payout,2026-04-07T01:29:50,upi
pay_67a900c9eac144,u_5a9aea17f1,card_454a4c7a3e8a48,54.68,referral_bonus_payout,2026-04-07T07:08:11,card
pay_3c38952b205e42,u_aa9ced6313,jacob77@paytm,456.02,referral_bonus_payout,2026-04-07T10:10:05,upi
pay_aacab5e311d644,u_e825e296a3,jacob77@paytm,186.93,referral_bonus_payout,2026-04-06T07:03:54,upi
pay_2650b509c77048,u_2bfd4bf25d,card_d1584d6b54f84d,106.83,referral_bonus_payout,2026-04-06T22:57:49,card
pay_947693891d6543,u_7479dffc07,card_d1584d6b54f84d,270.55,referral_bonus_payout,2026-04-07T11:35:34,card
pay_8e25acfd73714c,u_013e4f48fb,card_831925e66ae24c,401.01,referral_bonus_payout,2026-05-10T15:04:10,card
pay_a502c367d4cd43,u_815e6fd7f8,card_831925e66ae24c,444.29,referral_bonus_payout,2026-05-11T13:28:06,card
pay_90c5194d2a4541,u_4e83935c5a,card_831925e66ae24c,103.25,referral_bonus_payout,2026-05-11T10:35:38,card
pay_1ef8ed6eed744c,u_2816cfd4ce,card_831925e66ae24c,73.92,referral_bonus_payout,2026-05-11T03:04:14,card
pay_391ad14feca54b,u_3c266880ea,card_831925e66ae24c,231.21,referral_bonus_payout,2026-05-11T19:37:25,card
pay_296821d1fda74e,u_ed0a9c2675,card_831925e66ae24c,481.54,referral_bonus_payout,2026-05-12T05:03:02,card
pay_1c61952efccc4c,u_bcd613fcf3,card_831925e66ae24c,447.17,referral_bonus_payout,2026-05-11T08:34:21,card
pay_5782efbe735c44,u_93b8783455,card_831925e66ae24c,206.43,referral_bonus_payout,2026-05-11T11:19:14,card
pay_1252ef742fb341,u_30ee593f23,card_831925e66ae24c,356.65,referral_bonus_payout,2026-05-12T02:24:09,card
pay_889c29fa42744e,u_40915ec606,card_ed64cf3b4bfc4c,398.87,referral_bonus_payout,2026-04-14T08:36:51,card
pay_018b18781b7c45,u_06a42ade26,tganesh@okhdfcbank,164.09,referral_bonus_payout,2026-04-14T09:34:38,upi
pay_a1dabecc995245,u_28441e152d,card_ed64cf3b4bfc4c,283.69,referral_bonus_payout,2026-04-14T10:23:48,card
pay_abb21bf6b33342,u_cd9f34a978,tganesh@okhdfcbank,159.97,referral_bonus_payout,2026-04-14T10:02:45,upi
pay_8d0a6e2fba734b,u_7d4ffe9d69,kevinbobal@okicici,305.0,referral_bonus_payout,2026-06-27T21:52:20,upi
pay_54f33fae3b8840,u_82cd52f95c,kevinbobal@okicici,285.43,referral_bonus_payout,2026-06-28T02:43:48,upi
pay_95a3b902f1ce45,u_5a6e2c4215,kevinbobal@okicici,57.02,referral_bonus_payout,2026-06-28T01:52:09,upi
pay_f7abe55fc44243,u_fefec1f2d9,kevinbobal@okicici,208.51,referral_bonus_payout,2026-06-27T23:34:44,upi
pay_1f59637cf97c47,u_d300e88e95,kevinbobal@okicici,370.94,referral_bonus_payout,2026-06-28T02:35:29,upi
pay_5824f45ca7324e,u_6e9b5f9ac8,kevinbobal@okicici,161.93,referral_bonus_payout,2026-06-28T00:52:09,upi
pay_093f54f0da8646,u_1e3b08aea7,kevinbobal@okicici,112.63,referral_bonus_payout,2026-06-28T03:24:18,upi
pay_3f0d557e5a664c,u_d816c33761,kevinbobal@okicici,332.74,referral_bonus_payout,2026-06-28T01:30:45,upi
pay_25074b19078f40,u_d8c6dc11f0,kevinbobal@okicici,276.72,referral_bonus_payout,2026-06-27T23:42:47,upi
pay_a5f163997a3e40,u_8a0688347d,kevinbobal@okicici,61.89,referral_bonus_payout,2026-06-28T02:45:59,upi
pay_748bfc22386949,u_9c88eca876,luckydara@okhdfcbank,317.45,referral_bonus_payout,2026-03-11T15:01:12,upi
pay_2c615ecd5f734c,u_617dc341e4,tandonishani@okicici,302.92,referral_bonus_payout,2026-03-11T16:19:31,upi
pay_d66976c63fb44d,u_514645fb15,tandonishani@okicici,330.65,referral_bonus_payout,2026-03-11T17:57:31,upi
pay_e4aa75c765654e,u_4cfb8e784f,tandonishani@okicici,263.18,referral_bonus_payout,2026-03-11T16:15:18,upi
pay_1ac7a6bef37a47,u_d970c719e1,tandonishani@okicici,428.77,referral_bonus_payout,2026-03-11T19:04:59,upi
pay_4058a389fd174f,u_894e47d3a9,luckydara@okhdfcbank,59.75,referral_bonus_payout,2026-03-11T19:24:01,upi
pay_d3dca23ec92940,u_d2b6e7cbd4,luckydara@okhdfcbank,180.25,referral_bonus_payout,2026-03-11T17:14:27,upi
pay_7e4be5f3b89c48,u_135f10d0e3,tandonishani@okicici,416.07,referral_bonus_payout,2026-03-11T17:39:29,upi
pay_d285909612a645,u_f6f303f984,tandonishani@okicici,451.95,referral_bonus_payout,2026-03-11T19:11:52,upi
pay_4ec3ce2353c24c,u_e4ba5277a1,luckydara@okhdfcbank,121.24,referral_bonus_payout,2026-03-11T16:36:16,upi
pay_5d9bf9f113f340,u_6a5f5592a8,tandonishani@okicici,118.13,referral_bonus_payout,2026-03-11T18:21:42,upi
pay_6562eb8dd9be45,u_a405c13ba8,luckydara@okhdfcbank,427.7,referral_bonus_payout,2026-03-11T18:43:12,upi
pay_73086aef1bbe4a,u_c13c39bde6,tandonishani@okicici,314.98,referral_bonus_payout,2026-03-11T17:23:42,upi
pay_c9f3a625e9c544,u_9a89c50162,card_6883930d458e4a,465.07,referral_bonus_payout,2026-04-03T18:58:21,card
pay_00ad336e391f4c,u_907d62d65c,card_6883930d458e4a,194.52,referral_bonus_payout,2026-04-03T19:35:19,card
pay_9041c82c2b164c,u_620936ba42,card_6883930d458e4a,413.9,referral_bonus_payout,2026-04-03T20:29:44,card
pay_336bab6901254f,u_2f09e3dc6e,card_6883930d458e4a,211.8,referral_bonus_payout,2026-04-03T20:22:55,card
pay_60fd8c0d61204e,u_fb001bbe71,kmagar@okicici,485.65,referral_bonus_payout,2026-07-15T14:36:28,upi
pay_a6453f37646540,u_dc4ddcfef5,card_a4c6fef766bd47,75.49,referral_bonus_payout,2026-07-16T23:59:02,card
pay_b86d41147e8347,u_4c8716871e,card_a4c6fef766bd47,140.23,referral_bonus_payout,2026-07-16T13:59:28,card
pay_7c9a54df4f2243,u_3dbdc831d5,kmagar@okicici,412.55,referral_bonus_payout,2026-07-16T23:13:21,upi
pay_fced9d64a95c49,u_8437bd34e8,dgrewal@paytm,468.21,referral_bonus_payout,2026-07-16T03:28:58,upi
pay_7c378412488344,u_8c0aa5b9bd,card_a4c6fef766bd47,444.4,referral_bonus_payout,2026-07-16T02:40:36,card
pay_bf4e4672abce48,u_7b424cb53b,dgrewal@paytm,58.14,referral_bonus_payout,2026-07-16T10:07:24,upi
pay_6efe327fb61e4c,u_3345e61741,nikitadugar@okhdfcbank,177.17,referral_bonus_payout,2026-03-12T00:33:46,upi
pay_f69e176a30064d,u_42386d3207,card_dfdd7b4d46f441,105.07,referral_bonus_payout,2026-03-12T01:51:41,card
pay_2e79186cd9924c,u_d86c691088,card_dfdd7b4d46f441,436.44,referral_bonus_payout,2026-03-12T01:01:52,card
pay_e9493f441e1a49,u_76fa4f8256,nikitadugar@okhdfcbank,455.19,referral_bonus_payout,2026-03-12T01:40:41,upi
pay_cfe086afde6d46,u_e8a2146ffb,nikitadugar@okhdfcbank,376.21,referral_bonus_payout,2026-03-12T01:17:29,upi
pay_336a82ae28144c,u_53c6b0fa20,card_dfdd7b4d46f441,171.63,referral_bonus_payout,2026-03-12T01:14:43,card
pay_200404c244a141,u_3eb8bea9da,card_dfdd7b4d46f441,438.25,referral_bonus_payout,2026-03-12T00:36:55,card
pay_342d2012cfe444,u_7c813d1fc4,card_dfdd7b4d46f441,347.18,referral_bonus_payout,2026-03-12T00:57:33,card
pay_3ccc9dc736b042,u_179fdfa4b3,nikitadugar@okhdfcbank,203.42,referral_bonus_payout,2026-03-12T00:55:40,upi
pay_310ad4a2be7a4e,u_392ffe8827,card_dfdd7b4d46f441,472.09,referral_bonus_payout,2026-03-12T01:05:40,card
pay_d7773135531943,u_1ca6910219,nikitadugar@okhdfcbank,357.17,referral_bonus_payout,2026-03-12T02:15:34,upi
pay_a2b727c76dbd43,u_7d3e08d1a9,tbadami@okhdfcbank,233.87,referral_bonus_payout,2026-03-08T05:46:00,upi
pay_4d48000c8a674e,u_fd949c535a,tbadami@okhdfcbank,404.03,referral_bonus_payout,2026-03-08T06:22:45,upi
pay_65b5301faf864b,u_f5787f5d31,tbadami@okhdfcbank,344.57,referral_bonus_payout,2026-03-08T06:11:38,upi
pay_74c4acd3b6eb45,u_da0de75a8c,tbadami@okhdfcbank,371.55,referral_bonus_payout,2026-03-08T07:20:39,upi
pay_370245716d0b4f,u_fc139eb287,tbadami@okhdfcbank,84.87,referral_bonus_payout,2026-03-08T06:34:29,upi
pay_be4a473cf44e4b,u_99f995d730,tbadami@okhdfcbank,356.46,referral_bonus_payout,2026-03-08T05:59:43,upi
pay_ff7e2453eb8d47,u_bfe2287ce8,tbadami@okhdfcbank,233.66,referral_bonus_payout,2026-03-08T06:26:04,upi
pay_431e72178be547,u_8d51b37cc2,tbadami@okhdfcbank,117.53,referral_bonus_payout,2026-03-08T05:03:30,upi
pay_7f61279b8f2149,u_4f1d893ff0,tbadami@okhdfcbank,64.67,referral_bonus_payout,2026-03-08T06:03:29,upi
pay_6d219a4170b442,u_1e3109524f,tbadami@okhdfcbank,104.56,referral_bonus_payout,2026-03-08T06:13:06,upi
pay_bcab776930bf48,u_ed2bd0a37d,tbadami@okhdfcbank,181.88,referral_bonus_payout,2026-03-08T07:14:25,upi
pay_9b87d2fb3a4648,u_9f2a308d71,tbadami@okhdfcbank,250.25,referral_bonus_payout,2026-03-08T05:40:02,upi
pay_d2aa3785ed5a40,u_0bf7449e56,tbadami@okhdfcbank,238.48,referral_bonus_payout,2026-03-08T06:22:55,upi
pay_b76adefb697341,u_fa52e63815,card_3318bb69acb94b,106.88,referral_bonus_payout,2026-06-16T18:00:27,card
pay_0f47f554ec1343,u_7abfc68237,card_8bed946cb13647,463.38,referral_bonus_payout,2026-06-16T23:20:07,card
pay_740370f274ba43,u_5e6dd07ce3,card_8bed946cb13647,497.36,referral_bonus_payout,2026-06-17T23:19:04,card
pay_bfdab74b2fa94d,u_e8a2565d71,card_9df941e2146247,246.06,referral_bonus_payout,2026-06-17T09:58:04,card
pay_72d69ac715224b,u_81edd772b6,card_8bed946cb13647,353.26,referral_bonus_payout,2026-06-16T19:47:29,card
pay_0f36550ffe8b47,u_7a9b511414,grajan@ybl,282.95,referral_bonus_payout,2026-06-17T01:53:50,upi
pay_5e5422b61c3646,u_8f5cb2ab65,grajan@ybl,479.08,referral_bonus_payout,2026-06-17T03:21:36,upi
pay_bb2eac6a249e41,u_bb08972b92,card_49a4a23fbe5646,494.96,referral_bonus_payout,2026-04-13T10:31:25,card
pay_14527e9fb5124e,u_22fa1acc63,card_657272a50be44d,67.89,referral_bonus_payout,2026-04-13T11:28:31,card
pay_f061b16ee3f041,u_19f5b8420f,card_657272a50be44d,476.55,referral_bonus_payout,2026-04-13T12:23:04,card
pay_6e2efcb1f56a42,u_ea7593e83d,card_657272a50be44d,463.63,referral_bonus_payout,2026-04-13T13:09:52,card
pay_1d7800aedc8241,u_42872a840b,card_49a4a23fbe5646,102.41,referral_bonus_payout,2026-04-13T11:17:19,card
pay_f79f6890ff7d41,u_32f945561c,card_657272a50be44d,174.25,referral_bonus_payout,2026-04-13T12:01:43,card
pay_81132555036641,u_551fd69855,card_657272a50be44d,469.57,referral_bonus_payout,2026-04-13T13:13:55,card
pay_767ca752d6204e,u_567fdf669a,card_657272a50be44d,313.85,referral_bonus_payout,2026-04-13T13:07:46,card
pay_109942019d2041,u_18422c5d76,card_748d854fa61d4c,267.9,referral_bonus_payout,2026-06-22T09:39:58,card
pay_170c8c3cac244e,u_60b9b5267a,card_748d854fa61d4c,226.49,referral_bonus_payout,2026-06-22T09:42:54,card
pay_e1e162d6b2494f,u_8d3abed043,card_748d854fa61d4c,196.43,referral_bonus_payout,2026-06-22T10:26:54,card
pay_0c89eb01b63e46,u_494da337c8,card_748d854fa61d4c,63.03,referral_bonus_payout,2026-06-22T11:00:19,card
pay_b3e1c4744ba340,u_22d66face8,card_748d854fa61d4c,235.05,referral_bonus_payout,2026-06-22T09:21:07,card
pay_68d66ce443b443,u_045025767a,card_2ccf85d5b4c849,418.34,referral_bonus_payout,2026-06-22T10:42:17,card
pay_a676a25d0e1a48,u_5de5cd70ef,card_7b6681f65eeb4f,177.39,referral_bonus_payout,2026-05-17T08:00:21,card
pay_5083cf63967f47,u_15095d1e30,mahikavirk@okicici,402.82,referral_bonus_payout,2026-05-17T11:36:28,upi
pay_2621d38c5a9349,u_69947d081d,adweta51@okicici,393.07,referral_bonus_payout,2026-05-17T09:20:06,upi
pay_91ebbddc4e9d42,u_70df6c5559,vatwal@ybl,241.32,referral_bonus_payout,2026-05-17T14:33:33,upi
pay_9b9157de0b3d4a,u_1f46aa287b,adweta51@okicici,177.99,referral_bonus_payout,2026-05-17T09:16:59,upi
pay_fa63bb217cad42,u_7f2469055b,mahikavirk@okicici,150.83,referral_bonus_payout,2026-05-17T14:54:18,upi
pay_6f80d3c25a744a,u_c0455e7337,card_7b6681f65eeb4f,489.12,referral_bonus_payout,2026-05-17T09:33:21,card
pay_24eb36af788d4d,u_a20198d7dc,card_4776ef153e1341,263.08,referral_bonus_payout,2026-05-17T11:24:22,card
pay_cfbcd2a4aa9d4d,u_4110ef9eb3,card_5d25b82309874d,442.14,referral_bonus_payout,2026-05-17T08:15:13,card
pay_9a35a1e392bd4a,u_0a9463a72a,card_30aa483d2f6944,281.49,referral_bonus_payout,2026-05-17T12:29:14,card
pay_a86938a4616349,u_b36ecf7a54,card_dee6a8b3f2b747,240.88,referral_bonus_payout,2026-05-17T10:35:52,card
pay_c9135671055144,u_c5d972858a,devanchandani@okicici,245.97,referral_bonus_payout,2026-05-17T10:31:07,upi
pay_65b4ac48a83849,u_76cc558801,chowdhuryikshita@ybl,237.34,referral_bonus_payout,2026-07-17T20:32:15,upi
pay_866712a2682e41,u_dc26aed094,card_651422a2d2f54b,291.98,referral_bonus_payout,2026-07-17T21:52:32,card
pay_409059074e3144,u_3a8177ffdc,chowdhuryikshita@ybl,447.5,referral_bonus_payout,2026-07-17T21:36:49,upi
pay_3ffe0118401d40,u_735d69be0f,chowdhuryikshita@ybl,395.14,referral_bonus_payout,2026-07-17T22:05:59,upi
pay_2490eed8f8d34a,u_8545d68d6a,chowdhuryikshita@ybl,303.65,referral_bonus_payout,2026-07-17T22:04:39,upi
pay_0c38e2f344334a,u_e0ed0fdde4,chowdhuryikshita@ybl,381.77,referral_bonus_payout,2026-07-17T22:42:32,upi
pay_2593bc2256fc46,u_043995634d,chowdhuryikshita@ybl,195.5,referral_bonus_payout,2026-07-17T21:38:15,upi
pay_c49dd7cb8e5042,u_aadf3619b9,chowdhuryikshita@ybl,392.0,referral_bonus_payout,2026-07-17T21:50:17,upi
pay_743f03e9d06741,u_d8dd95bc9e,chowdhuryikshita@ybl,192.64,referral_bonus_payout,2026-07-17T21:47:27,upi
pay_a505fd848ad842,u_484a40d10f,card_0158c9ce318043,338.75,referral_bonus_payout,2026-04-23T00:57:06,card
pay_995bc94e55604e,u_afa4aa01b0,card_8e75374d6d5344,373.11,referral_bonus_payout,2026-04-23T06:22:34,card
pay_1b26452d2b4642,u_3b0fd94cb4,card_47bc1abac80c46,387.76,referral_bonus_payout,2026-04-23T10:38:38,card
pay_f7383effc7dc42,u_734db260f3,desaianamika@ybl,430.61,referral_bonus_payout,2026-04-23T03:19:25,upi
pay_eecf1b9ebf5b45,u_ea77250555,card_0158c9ce318043,137.38,referral_bonus_payout,2026-04-23T07:23:19,card
pay_19d6d9ef55b142,u_080c11ad7c,isaac60@paytm,350.48,referral_bonus_payout,2026-04-23T08:09:08,upi
pay_e9d95bef5b3341,u_3ff3d9497b,card_bc69aff0f9434a,173.99,referral_bonus_payout,2026-04-23T03:28:13,card
pay_41945f197f7945,u_eaa43b6f83,card_0158c9ce318043,102.97,referral_bonus_payout,2026-04-23T12:10:01,card
pay_6650690835f143,u_e613d2bc63,card_c1d9b8580be14d,484.59,referral_bonus_payout,2026-04-23T04:42:26,card
pay_813ec19bca2843,u_c19ceda76a,card_8e75374d6d5344,474.2,referral_bonus_payout,2026-04-23T01:59:52,card
pay_81b32e50f68846,u_d4c1a251d1,card_0158c9ce318043,191.99,referral_bonus_payout,2026-04-23T07:44:24,card
pay_2d7a5791961e4e,u_1e9bacb15d,card_47bc1abac80c46,91.59,referral_bonus_payout,2026-04-23T05:00:33,card
pay_a4274ef7c8654e,u_7c2962a00a,nagarajangavin@ybl,66.53,referral_bonus_payout,2026-04-23T11:23:24,upi
pay_53087098ffa040,u_ca920bac4c,card_47bc1abac80c46,298.23,referral_bonus_payout,2026-04-23T06:46:25,card
pay_0c153cf6c79d40,u_4ad262eccf,qdixit@paytm,414.15,referral_bonus_payout,2026-06-15T05:06:14,upi
pay_ae51a67d02c546,u_cf136e203a,qdixit@paytm,320.42,referral_bonus_payout,2026-06-16T10:19:56,upi
pay_307c83ef86e54f,u_3401c81ea2,qdixit@paytm,230.34,referral_bonus_payout,2026-06-15T12:40:27,upi
pay_ffc4ced3cabe4b,u_1bdc33e5ab,qdixit@paytm,199.92,referral_bonus_payout,2026-06-16T19:04:59,upi
pay_61f5625a156a44,u_329486df07,qdixit@paytm,116.37,referral_bonus_payout,2026-06-16T14:05:22,upi
pay_68421f88a8ca40,u_7f58870d4c,qdixit@paytm,299.91,referral_bonus_payout,2026-06-15T19:11:33,upi
pay_fe6a75d206244f,u_cdd569f5ee,card_fd264752618948,383.19,referral_bonus_payout,2026-03-14T23:14:41,card
pay_971f2dd7d66349,u_4629d2af93,card_aa9eb719b6e448,420.46,referral_bonus_payout,2026-03-15T11:05:04,card
pay_66cda459a6ea4d,u_614bca312c,card_aa9eb719b6e448,145.05,referral_bonus_payout,2026-03-16T22:21:15,card
pay_20e00d608d3b4b,u_8fa3e7d456,card_aa9eb719b6e448,353.87,referral_bonus_payout,2026-03-15T11:56:34,card
pay_d6c82a2e3bce44,u_0e9a31c24f,card_fd264752618948,97.89,referral_bonus_payout,2026-03-15T12:25:00,card
pay_84ba58b5fcde45,u_b0e5ae01ad,card_aa9eb719b6e448,278.14,referral_bonus_payout,2026-03-16T04:49:51,card
pay_ef7ff4e499c444,u_a2a0cf40a2,card_aa9eb719b6e448,383.93,referral_bonus_payout,2026-03-16T04:09:45,card
pay_b0cea923eca647,u_0812631b22,card_fd264752618948,290.76,referral_bonus_payout,2026-03-16T11:25:13,card
pay_59b6c0380e284f,u_bf01ce12bb,jaggihenry@paytm,201.7,referral_bonus_payout,2026-03-16T13:38:46,upi
pay_701398083fa64d,u_5799e613d2,card_aa9eb719b6e448,440.55,referral_bonus_payout,2026-03-16T06:53:44,card
pay_bfbe1f0a52324e,u_3aeb3210da,card_aa9eb719b6e448,183.27,referral_bonus_payout,2026-03-17T00:41:33,card
pay_bace6fa142da47,u_19aaafd99c,card_aa9eb719b6e448,66.03,referral_bonus_payout,2026-03-16T05:27:50,card
pay_a969e077ade841,u_653616bf31,jaggihenry@paytm,92.56,referral_bonus_payout,2026-03-17T04:20:01,upi
pay_7518ebdbb46046,u_1256558159,card_fd264752618948,421.51,referral_bonus_payout,2026-03-16T00:04:41,card
pay_4ba2ff5d49c04f,u_ae32a9995d,card_bab3d9efff0249,426.58,referral_bonus_payout,2026-03-05T08:43:52,card
pay_c5eb54e648dc43,u_b5187fec14,card_bab3d9efff0249,71.97,referral_bonus_payout,2026-03-05T11:50:45,card
pay_119bc2619ac743,u_714dcf514a,card_bab3d9efff0249,459.39,referral_bonus_payout,2026-03-05T09:36:54,card
pay_7710e9eb028541,u_db274ec345,card_bab3d9efff0249,319.59,referral_bonus_payout,2026-03-05T12:34:25,card
pay_32627d9ab2e24d,u_c9c30e32c7,card_bab3d9efff0249,335.65,referral_bonus_payout,2026-03-05T10:31:13,card
pay_5021f12d6f0948,u_45d9bb6b6c,card_bab3d9efff0249,249.97,referral_bonus_payout,2026-03-05T08:49:17,card
pay_964f533c1a4645,u_6533df3dd5,card_bab3d9efff0249,347.31,referral_bonus_payout,2026-03-05T11:47:12,card
pay_3bec7b07b57c4d,u_f3b810ddde,card_bab3d9efff0249,288.32,referral_bonus_payout,2026-03-05T11:50:08,card
pay_cd729ad2450548,u_c801e4a29d,card_bab3d9efff0249,125.03,referral_bonus_payout,2026-03-05T11:26:03,card
pay_92b199bef9e449,u_77420a5ae0,card_4f71d817227141,193.73,referral_bonus_payout,2026-07-24T22:41:22,card
pay_988943ce5c9d45,u_d5d4ce8bff,ishani39@okicici,258.76,referral_bonus_payout,2026-07-25T09:30:33,upi
pay_317aafef01894f,u_2b5661952e,ishani39@okicici,238.14,referral_bonus_payout,2026-07-25T15:12:02,upi
pay_c3a6a3c4d5034b,u_104cbb4be9,card_fa756608518847,124.91,referral_bonus_payout,2026-07-25T01:15:14,card
pay_fe6fc782ad1c42,u_10a6a7bb5a,card_fa756608518847,157.69,referral_bonus_payout,2026-07-25T04:42:03,card
pay_8ca1df17118543,u_d2e13caf71,onveer72@okicici,249.64,referral_bonus_payout,2026-07-25T19:38:09,upi
pay_76203b8a292d42,u_7e282e4e1e,onveer72@okicici,483.11,referral_bonus_payout,2026-07-25T02:43:11,upi
pay_b98c1b56a0ce45,u_157a2401c9,zsethi@okhdfcbank,480.91,referral_bonus_payout,2026-07-25T12:09:02,upi
pay_ffc6055cbccc47,u_29409af1a9,oshenoy@paytm,144.54,referral_bonus_payout,2026-05-05T23:54:38,upi
pay_0e2910654a434e,u_394a3a92a2,oshenoy@paytm,204.1,referral_bonus_payout,2026-05-06T02:23:45,upi
pay_8733ddabf9ea49,u_432846e32a,oshenoy@paytm,179.79,referral_bonus_payout,2026-05-06T01:46:48,upi
pay_9f2e06b399734b,u_8081f59900,oshenoy@paytm,187.13,referral_bonus_payout,2026-05-06T02:33:09,upi
pay_c53f08ce16b548,u_a2ec417573,oshenoy@paytm,165.79,referral_bonus_payout,2026-05-06T00:38:44,upi
pay_ab1d1c3195b741,u_ce30b626e2,oshenoy@paytm,455.0,referral_bonus_payout,2026-05-06T00:54:55,upi
pay_ec54e1fdffc94f,u_daf80e85f8,oshenoy@paytm,266.92,referral_bonus_payout,2026-05-06T01:55:51,upi
pay_ebfd7545003742,u_cc04cffcc6,oshenoy@paytm,210.43,referral_bonus_payout,2026-05-06T00:27:37,upi
pay_aa66162523964a,u_69774978fb,oshenoy@paytm,64.78,referral_bonus_payout,2026-05-06T03:12:45,upi
pay_72da9e13df7c4d,u_e24d2d15ee,oshenoy@paytm,75.19,referral_bonus_payout,2026-05-06T00:34:58,upi
pay_6938b78d5a714c,u_51f36a0148,card_3c319130754841,138.39,referral_bonus_payout,2026-03-20T02:24:20,card
pay_a769b65377ef42,u_4c4052661c,card_3c319130754841,54.32,referral_bonus_payout,2026-03-20T03:22:36,card
pay_0a775eb00d8b4f,u_0fbb40f049,card_3c319130754841,163.29,referral_bonus_payout,2026-03-20T05:30:48,card
pay_398e7e43828241,u_ab3cd1904f,card_3c319130754841,355.03,referral_bonus_payout,2026-03-20T05:09:32,card
pay_65761fe34abb4c,u_d32461b2c0,card_3c319130754841,279.3,referral_bonus_payout,2026-03-20T03:45:04,card
pay_a0bfc00369ab49,u_8243460c86,card_3c319130754841,145.95,referral_bonus_payout,2026-03-20T04:39:50,card
pay_6c9d5bb4b3b74c,u_769293a223,card_3c319130754841,144.63,referral_bonus_payout,2026-03-20T04:49:11,card
pay_9ba22e684e7b4a,u_6d8e98d60c,card_3c319130754841,171.22,referral_bonus_payout,2026-03-20T04:38:21,card
pay_f011e7ab18bb48,u_35dddffea1,card_3c319130754841,191.91,referral_bonus_payout,2026-03-20T04:15:57,card
pay_3d52af63ab664e,u_cd7db1decd,card_3c319130754841,412.42,referral_bonus_payout,2026-03-20T02:26:52,card
pay_7ca7b4d5424c41,u_276438e63d,card_3c319130754841,242.37,referral_bonus_payout,2026-03-20T05:25:07,card
pay_6df13fa93a8d4f,u_b1657d216c,card_0b8f1cc6224b4a,89.6,referral_bonus_payout,2026-03-30T06:25:21,card
pay_1ac5de31317d47,u_110286d0ce,wallapallavi@paytm,80.6,referral_bonus_payout,2026-03-30T10:27:07,upi
pay_f8d4b24305fb4b,u_6993f2c35a,card_24385f2a5abe4e,354.95,referral_bonus_payout,2026-03-30T13:34:53,card
pay_1b06e72ee2fc46,u_6d6dd0c62d,gagankhanna@paytm,268.86,referral_bonus_payout,2026-03-30T08:39:33,upi
pay_b903be489f8e45,u_7cfdb02421,card_c992820fc28344,442.89,referral_bonus_payout,2026-03-30T11:57:17,card
pay_640fad7e17654f,u_01732fc4c4,card_0b8f1cc6224b4a,281.08,referral_bonus_payout,2026-03-30T07:46:52,card
pay_c88ac5109c6c45,u_b60fa7b9ea,nakul03@paytm,450.21,referral_bonus_payout,2026-03-30T09:24:51,upi
pay_42cad54b0bc744,u_7c34c374bb,card_c992820fc28344,225.48,referral_bonus_payout,2026-03-30T05:43:48,card
pay_8d64fd1e64eb4e,u_66dac9e295,card_0b8f1cc6224b4a,349.43,referral_bonus_payout,2026-03-30T10:23:05,card
pay_ccc2a07fd96446,u_f64fd109cc,card_0b8f1cc6224b4a,430.11,referral_bonus_payout,2026-03-30T08:59:41,card
pay_a1ada610face40,u_02d5be0321,nakul03@paytm,495.95,referral_bonus_payout,2026-03-30T09:57:41,upi
pay_071dcbf7a4eb43,u_868e2db97a,card_5197f3f7cb8842,218.8,referral_bonus_payout,2026-03-30T06:22:09,card
pay_aea45c201e5a46,u_6e5cfde3e4,card_1c9a7292767246,91.78,referral_bonus_payout,2026-03-30T08:53:18,card
pay_901c296319f44b,u_829b86b192,card_43be0ccfa89844,426.44,referral_bonus_payout,2026-03-20T10:59:29,card
pay_083be3589e7f42,u_8747ce480f,card_43be0ccfa89844,57.13,referral_bonus_payout,2026-03-20T11:55:06,card
pay_6bee3579a65b4c,u_c07e3049a6,kallacharita@paytm,261.42,referral_bonus_payout,2026-03-20T11:35:54,upi
pay_73ac5201ac3c49,u_645e4252fb,card_43be0ccfa89844,238.66,referral_bonus_payout,2026-03-20T14:37:03,card
pay_441c48d183c44e,u_7207b0816f,kallacharita@paytm,63.49,referral_bonus_payout,2026-03-20T14:31:05,upi
pay_0a1cfc1c101b4a,u_3a5823304a,card_43be0ccfa89844,61.62,referral_bonus_payout,2026-03-20T14:47:41,card
pay_4c797fcf61ba4d,u_25303a1d77,card_43be0ccfa89844,375.14,referral_bonus_payout,2026-03-20T15:14:57,card
pay_fc42b6d7792d40,u_f0d84e8c24,card_24b433ec5f9845,271.76,referral_bonus_payout,2026-07-06T12:01:32,card
pay_1e0c89fbff1c47,u_df429414d8,anika96@paytm,372.77,referral_bonus_payout,2026-07-06T14:42:19,upi
pay_338b4a1916364c,u_7f7f0bf46d,pbatta@paytm,309.73,referral_bonus_payout,2026-07-06T16:43:25,upi
pay_ba42429257124b,u_5d84b46470,anika96@paytm,490.79,referral_bonus_payout,2026-07-06T21:59:21,upi
pay_4844d6fe368a48,u_627aebfba8,anika96@paytm,267.73,referral_bonus_payout,2026-07-06T14:50:21,upi
pay_2c548af283b444,u_aa9a279774,mannmadhavi@ybl,228.9,referral_bonus_payout,2026-06-16T11:02:29,upi
pay_c0f699ec164441,u_9f56048daa,oviya76@ybl,400.97,referral_bonus_payout,2026-06-16T12:18:00,upi
pay_1aa9ab9be4b346,u_500bc3b2ee,fariqsawhney@okicici,335.71,referral_bonus_payout,2026-06-16T17:03:45,upi
pay_f1fe0171e53645,u_926c5a1148,card_251a912286e947,284.79,referral_bonus_payout,2026-06-16T21:23:42,card
pay_f3960e5a37f844,u_eba5712815,fariqsawhney@okicici,300.09,referral_bonus_payout,2026-06-16T16:49:50,upi
pay_a18022604e3d4d,u_f7f50bc56b,card_32d60c1c55b74a,266.42,referral_bonus_payout,2026-06-17T08:43:03,card
pay_cf5a3c60eac34e,u_63e17148d7,card_32d60c1c55b74a,137.02,referral_bonus_payout,2026-06-17T01:24:09,card
pay_b2340fc07e3544,u_e4c2bbf13d,card_3aa6e3baba2647,118.33,referral_bonus_payout,2026-06-16T16:20:16,card
pay_657c561c935146,u_105333e583,card_3aa6e3baba2647,347.19,referral_bonus_payout,2026-06-17T05:48:42,card
pay_15e1a31ddb3c4d,u_92cac9b2fd,card_32d60c1c55b74a,164.95,referral_bonus_payout,2026-06-17T00:06:13,card
pay_bf2cc15f578a4b,u_2e6e2de7f3,card_3aa6e3baba2647,439.29,referral_bonus_payout,2026-06-16T15:48:35,card
pay_5e74fc18f36241,u_25fd706f0e,card_7bd64620e31541,352.67,referral_bonus_payout,2026-07-27T09:23:27,card
pay_33e609815db54a,u_8e00fe26f4,revasolanki@ybl,229.41,referral_bonus_payout,2026-07-27T16:43:18,upi
pay_1f8ea1e506d646,u_987848563e,card_2717cc4d568040,464.3,referral_bonus_payout,2026-07-27T13:07:25,card
pay_88c09fc4893148,u_3e15fa6b7a,ekantakhatri@okhdfcbank,402.67,referral_bonus_payout,2026-07-27T16:32:07,upi
pay_577cea66601a42,u_042cc2d018,revasolanki@ybl,296.27,referral_bonus_payout,2026-07-27T14:29:54,upi
pay_cc28dc16774d48,u_99abe0efa7,card_7bd64620e31541,412.32,referral_bonus_payout,2026-07-27T10:27:31,card
pay_2e3b8a88e0f646,u_280f48b0c4,qgrover@okicici,390.45,referral_bonus_payout,2026-07-27T16:45:58,upi
pay_54b178009a8b4f,u_4b8dc4e54a,aashi02@ybl,100.17,referral_bonus_payout,2026-07-27T18:06:36,upi
pay_28c12eb6e1e84c,u_d75154c7c3,revasolanki@ybl,328.31,referral_bonus_payout,2026-07-27T20:07:38,upi
pay_3fccf00bca6a49,u_1457126926,card_2717cc4d568040,228.54,referral_bonus_payout,2026-07-27T17:19:25,card
pay_5e9afc3ba25741,u_ba6c70b343,card_f6f76d0ebae242,431.56,referral_bonus_payout,2026-06-17T01:29:00,card
pay_438c7b5ceba140,u_2d8c434562,card_f6f76d0ebae242,455.02,referral_bonus_payout,2026-06-17T19:59:28,card
pay_b392a8e4deca46,u_a41b1e07f6,card_f6f76d0ebae242,462.87,referral_bonus_payout,2026-06-18T01:22:21,card
pay_8bfc0e9cf2ec40,u_fb6f75198b,card_f6f76d0ebae242,308.42,referral_bonus_payout,2026-06-17T18:18:22,card
pay_dcdfff84214040,u_5f42039337,card_f6f76d0ebae242,251.81,referral_bonus_payout,2026-06-18T20:00:23,card
pay_95a104f455cb40,u_93ce07a1ea,ekapad34@paytm,438.23,referral_bonus_payout,2026-06-19T15:53:40,upi
pay_9afc63124a9a4a,u_a5ba62ab26,ekapad34@paytm,379.65,referral_bonus_payout,2026-06-19T21:41:54,upi
pay_f6f244cb65734e,u_186833c486,ekapad34@paytm,199.31,referral_bonus_payout,2026-06-19T18:52:38,upi
pay_3fc7b6868e8c48,u_ef080d59a1,ekapad34@paytm,204.48,referral_bonus_payout,2026-06-19T20:11:15,upi
pay_75f4e0d467f546,u_8d71d67f32,card_9020939036d247,140.27,referral_bonus_payout,2026-06-19T18:12:17,card
pay_c8258a3b426d42,u_88eda29f92,ekapad34@paytm,322.77,referral_bonus_payout,2026-06-19T19:57:11,upi
pay_c31e77b03bc044,u_cfe5ce41a7,ekapad34@paytm,410.02,referral_bonus_payout,2026-06-19T15:59:32,upi
pay_c8441d6bb52f42,u_51f89a784e,ekapad34@paytm,148.27,referral_bonus_payout,2026-06-19T17:37:48,upi
pay_f1be8f61b0b344,u_ab9f677a5b,card_9020939036d247,367.87,referral_bonus_payout,2026-06-19T21:15:11,card
pay_25868fc0ac514b,u_26d1b34971,card_f3990309a94845,134.75,referral_bonus_payout,2026-05-11T01:17:19,card
pay_02ff88a13df748,u_3099905624,card_f3990309a94845,303.35,referral_bonus_payout,2026-05-11T15:39:02,card
pay_c7132f5001b94d,u_049e7dcbb0,card_f3990309a94845,270.71,referral_bonus_payout,2026-05-11T12:41:26,card
pay_4b42000b0d1e4b,u_fbb50ea667,card_f3990309a94845,396.83,referral_bonus_payout,2026-05-11T12:35:13,card
pay_eafc42ec59b74d,u_b2b1cab1dd,card_8a1a177bca4046,71.24,referral_bonus_payout,2026-05-11T11:17:11,card
pay_ecf64fe68d324c,u_e61b084a9c,card_f3990309a94845,70.12,referral_bonus_payout,2026-05-11T01:41:35,card
pay_5070bd9c8a244b,u_346561db64,card_8a1a177bca4046,307.02,referral_bonus_payout,2026-05-11T14:02:27,card
pay_c4204d7056c047,u_eec8c6d29e,card_8a1a177bca4046,346.82,referral_bonus_payout,2026-05-11T04:52:21,card
pay_ff36b19f6c8146,u_ab0d0d1310,card_8a1a177bca4046,166.18,referral_bonus_payout,2026-05-11T02:28:12,card
pay_8d43f89b9cdb40,u_16dddbf9a4,card_8a1a177bca4046,236.14,referral_bonus_payout,2026-05-11T14:42:55,card
pay_fccbef4ad23843,u_13b2be1267,card_8a1a177bca4046,252.11,referral_bonus_payout,2026-05-11T05:34:07,card
pay_8a10f6b4f68640,u_cf72f0bc13,card_f3990309a94845,178.12,referral_bonus_payout,2026-05-11T03:34:07,card
pay_8a067b2bc3aa43,u_37e897db35,jacksongulati@paytm,326.89,referral_bonus_payout,2026-07-27T02:59:01,upi
pay_d38d47d3293345,u_967a44300a,card_70eb655b86e347,69.69,referral_bonus_payout,2026-07-27T03:07:31,card
pay_12a4743ca52a45,u_a11b1baf98,card_70eb655b86e347,75.39,referral_bonus_payout,2026-07-27T02:36:59,card
pay_53cf4b5df0014b,u_9d40833533,jacksongulati@paytm,160.6,referral_bonus_payout,2026-07-27T02:45:56,upi
pay_ea22c9f00b7248,u_6625811bb3,card_70eb655b86e347,234.47,referral_bonus_payout,2026-07-27T02:41:22,card
pay_d0759275e23147,u_4a4d4d1e33,card_70eb655b86e347,96.71,referral_bonus_payout,2026-07-27T03:44:26,card
pay_cc01a8cfd2b04d,u_ddf08ccb47,card_70eb655b86e347,65.84,referral_bonus_payout,2026-07-27T02:47:00,card
pay_bdb502242b5a41,u_1c894ace95,card_21a257f319144c,239.51,referral_bonus_payout,2026-06-30T16:39:04,card
pay_e2604c46a4eb43,u_5ef9a6328d,ogarde@ybl,349.42,referral_bonus_payout,2026-07-02T02:54:33,upi
pay_6e1104e131db4f,u_f75f997a53,card_3bb0b3467acc46,402.86,referral_bonus_payout,2026-07-01T00:59:01,card
pay_3bb9dbf1dad14f,u_8a7ea21637,samuel91@ybl,294.27,referral_bonus_payout,2026-07-01T03:18:29,upi
pay_d52a47e90c2b45,u_c41ff8a469,card_a507409736b448,282.88,referral_bonus_payout,2026-07-01T01:05:29,card
pay_3f07d343f59349,u_07e270cba9,rachitasrivastava@okicici,356.28,referral_bonus_payout,2026-06-30T23:39:04,upi
pay_d1a7af035db443,u_9c921e13b2,card_45fdb3e42fb54c,382.31,referral_bonus_payout,2026-06-30T22:30:14,card
pay_23c82704022341,u_4fd5accaf7,imitra@ybl,59.66,referral_bonus_payout,2026-07-01T11:47:09,upi
pay_266052e5e00344,u_7a5d4271e7,rachitasrivastava@okicici,213.32,referral_bonus_payout,2026-06-30T23:28:32,upi
pay_71c7a02da58e49,u_7ebc66ea84,imitra@ybl,455.37,referral_bonus_payout,2026-07-01T03:35:00,upi
pay_319b5fe4a56c48,u_ec7d29317d,raviekaja@okhdfcbank,360.48,referral_bonus_payout,2026-07-01T07:34:01,upi
pay_8497738bc9c44d,u_612bebf167,card_21a257f319144c,264.6,referral_bonus_payout,2026-06-30T20:01:07,card
pay_3e05eb3fe8654d,u_b0eefb3b10,card_45fdb3e42fb54c,486.63,referral_bonus_payout,2026-07-02T03:02:44,card
pay_5c44f7b502f442,u_c0c6565bd0,imitra@ybl,138.71,referral_bonus_payout,2026-07-01T07:21:56,upi
pay_d9fe7582dfe443,u_9a4dc32d09,rattanyatin@ybl,139.84,referral_bonus_payout,2026-06-20T10:53:53,upi
pay_125c4c04d83c49,u_b1d489d5b8,card_2990473de9824f,434.13,referral_bonus_payout,2026-06-21T05:30:46,card
pay_7fc751d8da8a4a,u_67df9b64f2,ramachandranhritik@okhdfcbank,463.45,referral_bonus_payout,2026-06-21T21:41:36,upi
pay_940ed84249b249,u_c7b5432b3a,inayabala@ybl,98.17,referral_bonus_payout,2026-06-21T22:47:49,upi
pay_c5c15e829d1040,u_ee1ece0c14,ramachandranhritik@okhdfcbank,56.05,referral_bonus_payout,2026-06-22T03:23:35,upi
pay_44019d3cd6d14c,u_cad8f2ff8b,tanveer76@paytm,366.87,referral_bonus_payout,2026-06-21T19:08:59,upi
pay_a7e3de95c6c949,u_79dc0d54de,card_2aecae2244904b,358.52,referral_bonus_payout,2026-06-20T23:45:40,card
pay_d7ebd27fd83542,u_88d6058e5a,card_9cd6418d788746,272.89,referral_bonus_payout,2026-06-21T08:55:45,card
pay_7ec79b95e5c34c,u_853031f54b,inayabala@ybl,308.95,referral_bonus_payout,2026-06-20T22:38:11,upi
pay_122bf665073049,u_3d811db812,inayabala@ybl,426.22,referral_bonus_payout,2026-06-21T00:24:06,upi
pay_9b2283df2ff747,u_b0ce04268e,abhimanyusodhi@ybl,193.28,referral_bonus_payout,2026-07-09T22:31:51,upi
pay_407fc560fffc44,u_5904b30cf1,card_5673179eefb749,383.99,referral_bonus_payout,2026-07-10T01:22:02,card
pay_9a19f15668d541,u_72a54cb267,abhimanyusodhi@ybl,208.8,referral_bonus_payout,2026-07-09T23:31:26,upi
pay_a8dd6c464a984b,u_9ee3e798b6,abhimanyusodhi@ybl,387.75,referral_bonus_payout,2026-07-09T23:38:27,upi
pay_bb09a42f4b764a,u_ee33a1b56a,card_5673179eefb749,245.47,referral_bonus_payout,2026-07-09T23:04:20,card
pay_447a7b7364a54b,u_7d723cbb15,card_5673179eefb749,171.9,referral_bonus_payout,2026-07-09T22:34:06,card
pay_9f44f81757a641,u_eeb10615c8,abhimanyusodhi@ybl,375.68,referral_bonus_payout,2026-07-09T22:57:43,upi
pay_c6b5debd350f42,u_10dea8a192,abhimanyusodhi@ybl,195.48,referral_bonus_payout,2026-07-09T23:57:55,upi
pay_a9087e5e86e04d,u_a5f65afcf9,card_5673179eefb749,480.59,referral_bonus_payout,2026-07-10T00:15:30,card
pay_c279bc3c29444f,u_4715f33084,abhimanyusodhi@ybl,203.49,referral_bonus_payout,2026-07-10T00:37:38,upi
pay_9a76d58f616843,u_dc7064158c,card_8741e5f53b1343,303.48,referral_bonus_payout,2026-06-24T03:38:37,card
pay_d85192e7c46f4e,u_dfad332e30,card_8741e5f53b1343,455.19,referral_bonus_payout,2026-06-24T03:54:07,card
pay_396d3f22e6404e,u_6229cb3cbd,card_8741e5f53b1343,150.5,referral_bonus_payout,2026-06-24T05:24:02,card
pay_c82fca0c99b242,u_9ef9c18b5d,card_8741e5f53b1343,191.38,referral_bonus_payout,2026-06-24T05:25:23,card
pay_d51f1941e2cf48,u_63db5cf30b,card_8741e5f53b1343,276.86,referral_bonus_payout,2026-06-24T04:51:29,card
pay_ef6948f9ef2241,u_2ad25d43ac,card_8741e5f53b1343,61.38,referral_bonus_payout,2026-06-24T03:51:35,card
pay_7925442f11de4b,u_960a74c27e,card_8741e5f53b1343,391.31,referral_bonus_payout,2026-06-24T04:04:55,card
pay_a82a8eb60a8b4b,u_06792f687c,card_8741e5f53b1343,195.26,referral_bonus_payout,2026-06-24T04:24:37,card
pay_5a45337b24a147,u_2ce61a5530,card_8741e5f53b1343,218.76,referral_bonus_payout,2026-06-24T05:40:53,card
pay_a69241c9f3ea47,u_9ff392a554,card_8741e5f53b1343,195.81,referral_bonus_payout,2026-06-24T04:53:37,card
pay_f28ea7255e8d42,u_6719b050cb,card_8741e5f53b1343,285.25,referral_bonus_payout,2026-06-24T05:48:14,card
pay_f8fb40f73d8e40,u_3d48f19d68,vsachar@paytm,479.49,referral_bonus_payout,2026-03-09T05:23:13,upi
pay_36d062ce7eda4a,u_660c82292a,card_de256bdb894943,351.34,referral_bonus_payout,2026-03-09T08:42:25,card
pay_a748994f19d046,u_7f49df004e,card_de256bdb894943,365.82,referral_bonus_payout,2026-03-09T05:05:02,card
pay_ff137ba6f6d345,u_9c2dc12360,vsachar@paytm,384.91,referral_bonus_payout,2026-03-09T06:47:40,upi
pay_6866d595d21342,u_eeb873ed61,vsachar@paytm,167.15,referral_bonus_payout,2026-03-09T07:23:08,upi
pay_266ec769e45441,u_5faf33ebe1,vsachar@paytm,224.35,referral_bonus_payout,2026-03-09T07:01:52,upi
pay_2cb7ab60ce8241,u_200bbadf7d,card_de256bdb894943,74.47,referral_bonus_payout,2026-03-09T06:00:52,card
pay_57974d5e81874b,u_fdc40edd1a,vsachar@paytm,131.41,referral_bonus_payout,2026-03-09T06:22:25,upi
pay_ee64b99d71a44a,u_e549dfc366,card_de256bdb894943,124.37,referral_bonus_payout,2026-03-09T08:26:48,card
pay_7407cac3c60f45,u_f63ef8b2cd,card_a2f3495575a749,168.23,referral_bonus_payout,2026-03-07T20:26:40,card
pay_0e72aa79646d4b,u_d0073889ee,card_a2f3495575a749,88.74,referral_bonus_payout,2026-03-08T23:25:31,card
pay_6e26d12568964c,u_67653b7cee,card_7c778c9a24f145,265.88,referral_bonus_payout,2026-03-08T21:15:44,card
pay_edba8f54ac0c4a,u_a15b5c0d25,card_416a2f58cddf49,396.29,referral_bonus_payout,2026-03-08T02:29:00,card
pay_b006a684178743,u_51d54c0f67,card_416a2f58cddf49,442.4,referral_bonus_payout,2026-03-08T02:28:28,card
pay_75120e87231f40,u_91dbf80fd7,card_71dbc74682d144,269.84,referral_bonus_payout,2026-03-08T19:32:00,card
pay_3777c404010243,u_50a45e13b0,vupadhyay@paytm,123.75,referral_bonus_payout,2026-03-07T23:05:48,upi
pay_5f03530f882240,u_dae79cdab3,card_a2f3495575a749,388.25,referral_bonus_payout,2026-03-08T12:23:54,card
pay_cc20bbb6aedb44,u_3d8c9a5d5d,card_1f4ab5b23a6144,437.81,referral_bonus_payout,2026-03-08T08:32:41,card
pay_70943629902949,u_c8b84759c2,vupadhyay@paytm,112.78,referral_bonus_payout,2026-03-08T01:15:32,upi
pay_aafdb1e49d6149,u_541ef272b6,darsh43@okicici,470.53,referral_bonus_payout,2026-03-07T23:52:04,upi
pay_fb6292a23beb46,u_859972b0a2,pallnidra@ybl,217.99,referral_bonus_payout,2026-03-08T14:22:17,upi
pay_71aa6bbe7fa44a,u_0e95ce02da,card_416a2f58cddf49,120.07,referral_bonus_payout,2026-03-08T22:36:29,card
pay_04a36498c1604c,u_8582e5effc,card_7982262335b64c,421.35,referral_bonus_payout,2026-03-08T20:47:46,card
pay_5729bf90251742,u_3e79f3dcb0,card_a7b01919f43249,224.49,referral_bonus_payout,2026-05-18T07:23:11,card
pay_d40bef40729445,u_39eb02b98e,card_a7b01919f43249,208.17,referral_bonus_payout,2026-05-18T08:02:30,card
pay_d0a75c99d8634a,u_8fbd314c92,card_a7b01919f43249,358.18,referral_bonus_payout,2026-05-18T08:23:46,card
pay_7d7765a4e5a74c,u_96aef5576f,card_a7b01919f43249,375.93,referral_bonus_payout,2026-05-18T07:03:02,card
pay_f374b2cc38ad47,u_3cf6533376,mtank@okicici,163.94,referral_bonus_payout,2026-06-18T17:42:25,upi
pay_2cb77a92892645,u_a24eb0c98d,mtank@okicici,199.14,referral_bonus_payout,2026-06-18T19:32:46,upi
pay_806f903c3d854e,u_9f89555a00,mtank@okicici,399.08,referral_bonus_payout,2026-06-18T18:19:47,upi
pay_a7cf1d815cb442,u_2d527993f3,sthakur@okhdfcbank,312.61,referral_bonus_payout,2026-06-18T19:03:57,upi
pay_51c722e4d4244e,u_6271b17e92,mtank@okicici,215.0,referral_bonus_payout,2026-06-18T19:26:25,upi
pay_c5fd71bcbd7044,u_21d963f5ee,sthakur@okhdfcbank,246.33,referral_bonus_payout,2026-06-18T20:25:59,upi
pay_1e21392593db44,u_9ad7dd70cf,mtank@okicici,443.99,referral_bonus_payout,2026-06-18T20:11:04,upi
pay_8b292e22696644,u_3f0d0d5778,sthakur@okhdfcbank,265.05,referral_bonus_payout,2026-06-18T18:16:25,upi
pay_4f7d2d961d2e41,u_6301ef5bf7,sthakur@okhdfcbank,365.66,referral_bonus_payout,2026-06-18T18:24:50,upi
pay_89fde63a2f7d46,u_afe83b52b0,mtank@okicici,415.16,referral_bonus_payout,2026-06-18T18:52:12,upi
pay_85555854f3484c,u_9d9c653853,sthakur@okhdfcbank,146.36,referral_bonus_payout,2026-06-18T19:38:43,upi
pay_25abca0a68604a,u_4566dd4857,card_af86bf18837b4b,401.28,referral_bonus_payout,2026-07-25T03:06:09,card
pay_a58b4ff6f4364d,u_accc69d0f0,card_e91d4e0173104e,107.3,referral_bonus_payout,2026-07-26T07:52:28,card
pay_2d28f530c5954a,u_a5b475aa34,card_af86bf18837b4b,237.79,referral_bonus_payout,2026-07-25T23:50:48,card
pay_eb86a6b4c6f244,u_2b801ec181,card_af86bf18837b4b,322.38,referral_bonus_payout,2026-07-26T13:36:36,card
pay_6a6516f1f9344a,u_7776649f17,inazareth@okhdfcbank,347.45,referral_bonus_payout,2026-07-26T22:34:58,upi
pay_013f7fee2c6f43,u_532e0bdc82,card_730814bb12044c,395.74,referral_bonus_payout,2026-06-25T02:23:57,card
pay_739eba18d21a48,u_378391443a,mshah@ybl,258.21,referral_bonus_payout,2026-06-25T03:15:49,upi
pay_8f103131127c44,u_ec4c01cf1f,mshah@ybl,341.36,referral_bonus_payout,2026-06-25T05:42:19,upi
pay_35573008438848,u_2b8ef7e062,mshah@ybl,115.85,referral_bonus_payout,2026-06-25T05:50:45,upi
pay_892731f077cd40,u_15fef993f2,card_730814bb12044c,470.35,referral_bonus_payout,2026-06-25T04:52:19,card
pay_62166c0d82544f,u_a9a35298e5,mshah@ybl,242.47,referral_bonus_payout,2026-06-25T04:21:31,upi
pay_af6b955be3824c,u_a36ed16dee,mshah@ybl,497.39,referral_bonus_payout,2026-06-25T02:38:06,upi
pay_7684685437174a,u_24e620b755,card_730814bb12044c,359.03,referral_bonus_payout,2026-06-25T04:17:43,card
pay_38057fc3c82046,u_93ecb3fd56,mshah@ybl,158.31,referral_bonus_payout,2026-06-25T02:51:22,upi
pay_43c89a74f4084b,u_0a70a94671,card_730814bb12044c,312.85,referral_bonus_payout,2026-06-25T05:06:51,card
pay_14cedbf6128147,u_ce978fda95,card_730814bb12044c,326.36,referral_bonus_payout,2026-06-25T03:34:25,card
pay_6e00f8e6d24147,u_f693e2e1e8,card_730814bb12044c,462.93,referral_bonus_payout,2026-06-25T04:03:17,card
pay_df091d550f1744,u_52baed1b95,card_730814bb12044c,86.9,referral_bonus_payout,2026-06-25T04:21:32,card
pay_f4230066dc2745,u_9ca69a3ab2,mshah@ybl,352.99,referral_bonus_payout,2026-06-25T05:17:54,upi
pay_ff154d3a2d544e,u_c182674648,vpadmanabhan@okicici,340.46,referral_bonus_payout,2026-06-25T14:16:58,upi
pay_a2472aa7358c4b,u_c6c566e673,card_802173f7b91047,270.93,referral_bonus_payout,2026-06-25T16:33:09,card
pay_80f9be16b99a4c,u_3ca15dd452,card_802173f7b91047,166.94,referral_bonus_payout,2026-06-25T16:56:03,card
pay_e22d775b47d042,u_9638823316,vpadmanabhan@okicici,214.06,referral_bonus_payout,2026-06-25T18:16:33,upi
pay_afa176f2cfb64d,u_384ef0bf6f,card_802173f7b91047,469.4,referral_bonus_payout,2026-06-25T18:19:50,card
pay_7497c2d8526c46,u_3f46ae9dd8,card_802173f7b91047,284.23,referral_bonus_payout,2026-06-25T15:37:01,card
pay_a831d1568cf04a,u_a198e612ff,card_802173f7b91047,473.91,referral_bonus_payout,2026-06-25T17:16:19,card
pay_590ed02aa8d149,u_b41778d2d6,vpadmanabhan@okicici,171.07,referral_bonus_payout,2026-06-25T18:09:31,upi
pay_363382047d0b4f,u_8a812cdff3,vpadmanabhan@okicici,134.06,referral_bonus_payout,2026-06-25T18:16:43,upi
pay_08400c435b204b,u_4630a88f74,card_802173f7b91047,71.76,referral_bonus_payout,2026-06-25T17:52:07,card
pay_67f3e0a1e58a42,u_2a6c721052,card_802173f7b91047,128.82,referral_bonus_payout,2026-06-25T17:16:14,card
pay_d3d299adb28246,u_8241098289,tejas92@paytm,428.88,referral_bonus_payout,2026-03-08T02:31:50,upi
pay_e9d7108b99854c,u_1af4308f2b,duavasatika@paytm,139.42,referral_bonus_payout,2026-03-08T09:55:27,upi
pay_3f6a03c4953348,u_c038135a03,duavasatika@paytm,185.89,referral_bonus_payout,2026-03-08T05:20:34,upi
pay_24761d2ae3ed4c,u_1c8df8eb4c,tejas92@paytm,217.21,referral_bonus_payout,2026-03-08T06:51:05,upi
pay_bfa0e832cfb34e,u_df5854af83,card_15790b597e1541,196.95,referral_bonus_payout,2026-06-28T01:41:32,card
pay_53b2c3897ca24e,u_88c757e93f,yash50@ybl,66.27,referral_bonus_payout,2026-06-28T05:38:52,upi
pay_c1a7e5417e3a47,u_653c2af2fc,card_3c3d67fc87f34b,138.35,referral_bonus_payout,2026-06-28T17:21:25,card
pay_f5247c0c2bda41,u_380a3c1181,dalalyutika@okhdfcbank,118.24,referral_bonus_payout,2026-06-28T21:44:10,upi
pay_e47f7ae3eaee46,u_1205ba99a0,card_183315c7d4974b,124.52,referral_bonus_payout,2026-06-28T19:01:55,card
pay_8f3906d00a0243,u_be8e39edb1,reva65@okicici,356.88,referral_bonus_payout,2026-06-28T11:07:19,upi
pay_96210315a16841,u_79fe72366a,yash50@ybl,197.67,referral_bonus_payout,2026-06-28T09:55:23,upi
pay_5b5900ae743241,u_3bd65897a6,card_06820f40082f45,446.34,referral_bonus_payout,2026-06-28T05:49:10,card
pay_e1b84616d8ee49,u_111a091eb1,card_e0b4d26c135442,304.96,referral_bonus_payout,2026-06-28T21:31:00,card
pay_30717d9736384a,u_a44a09138b,radhamunshi@paytm,416.78,referral_bonus_payout,2026-06-28T18:01:40,upi
pay_1e3ceb7084f74d,u_f5ea5dfce1,om48@okhdfcbank,445.6,referral_bonus_payout,2026-06-28T13:51:41,upi
pay_743ab60789574a,u_704f4244ee,card_06820f40082f45,159.46,referral_bonus_payout,2026-06-28T09:30:05,card
pay_bcaf3d653a314d,u_f72178ac7a,akshay18@paytm,381.84,referral_bonus_payout,2026-06-28T14:21:46,upi
pay_7ad9e7cc7f6340,u_97867eb89e,card_183315c7d4974b,110.07,referral_bonus_payout,2026-06-28T06:44:20,card
pay_d1c71a8ab79a48,u_1d960727c0,card_a2dee5983d0243,258.05,referral_bonus_payout,2026-06-28T00:39:40,card
pay_6500b1382ea745,u_888cfd345a,card_a2dee5983d0243,433.47,referral_bonus_payout,2026-06-28T03:49:38,card
pay_6b027e6ba09544,u_5611501c3e,card_a2dee5983d0243,468.72,referral_bonus_payout,2026-06-28T18:32:19,card
pay_b41c667b4e8145,u_571b8a37e4,card_a2dee5983d0243,76.44,referral_bonus_payout,2026-06-28T08:36:26,card
pay_bc4c4bc1071d48,u_0069643a75,card_a2dee5983d0243,310.67,referral_bonus_payout,2026-06-28T05:26:52,card
pay_4aaf67a2da4e44,u_7aca237101,card_caa01db06bcb4b,374.35,referral_bonus_payout,2026-06-26T07:49:47,card
pay_39874b85de5940,u_c72473a9e5,card_762b66a84f4649,267.26,referral_bonus_payout,2026-06-26T13:45:47,card
pay_6eefc8f6e9fa4c,u_97f6c7e9a7,fmurthy@okicici,325.61,referral_bonus_payout,2026-06-26T20:02:54,upi
pay_1578a60da71347,u_3914c3bb6a,boasedarpan@paytm,233.3,referral_bonus_payout,2026-06-26T12:46:45,upi
pay_973f6c9e024544,u_844ba2ce29,card_762b66a84f4649,150.3,referral_bonus_payout,2026-06-26T15:30:31,card
pay_466c81e2292348,u_b6f500ba50,boasedarpan@paytm,153.15,referral_bonus_payout,2026-06-26T17:32:49,upi
pay_6c6b6dcd794447,u_a8501d4727,card_807a8646c57949,411.08,referral_bonus_payout,2026-06-26T14:47:23,card
pay_18fcd77564064a,u_4f07f7cf43,fbrahmbhatt@ybl,146.04,referral_bonus_payout,2026-06-26T19:17:51,upi
pay_f3d51bafaa9046,u_bc8c3ea985,saramalhotra@okicici,197.95,referral_bonus_payout,2026-06-26T18:38:25,upi
pay_3fb14da90f4846,u_3e62d54e15,saramalhotra@okicici,165.69,referral_bonus_payout,2026-06-26T09:11:38,upi
pay_02d275f71f8548,u_9f370867fe,boasedarpan@paytm,361.2,referral_bonus_payout,2026-06-26T13:38:33,upi
pay_d2438d9af81b47,u_63994becc7,card_762b66a84f4649,394.7,referral_bonus_payout,2026-06-26T11:10:16,card
pay_b93f36189b8247,u_31cbfbf9ff,card_762b66a84f4649,208.96,referral_bonus_payout,2026-06-26T18:59:50,card
pay_95b83f06868f4f,u_c5cdb76d57,card_ff2c0fb059784c,284.94,referral_bonus_payout,2026-06-26T09:24:10,card
pay_5fa91807cfa445,u_e804b4df02,card_622cb68c41264e,224.27,referral_bonus_payout,2026-07-23T14:25:35,card
pay_802119d0f2c645,u_481db383d3,jdas@okicici,57.7,referral_bonus_payout,2026-07-23T14:40:27,upi
pay_29d8f835884f4b,u_1450f19e4a,jdas@okicici,317.59,referral_bonus_payout,2026-07-23T17:29:42,upi
pay_69fa036f2cd24a,u_6718814455,jdas@okicici,64.62,referral_bonus_payout,2026-07-23T19:33:08,upi
pay_e2f429f5064b4c,u_52d42bd98c,jdas@okicici,349.17,referral_bonus_payout,2026-07-23T17:19:50,upi
pay_772942cc00a647,u_a7232fb28f,jdas@okicici,213.7,referral_bonus_payout,2026-07-23T17:16:51,upi
pay_2f89313d8b8941,u_79e2fb8e45,card_622cb68c41264e,488.59,referral_bonus_payout,2026-07-23T16:24:24,card
pay_6da6f3e200d04e,u_ebd7b83fe4,jdas@okicici,428.66,referral_bonus_payout,2026-07-23T16:26:31,upi
pay_f3f57dc72f0d48,u_237a54176c,card_622cb68c41264e,68.33,referral_bonus_payout,2026-07-23T17:08:53,card
pay_c6709ae480e740,u_287d2f3a0c,card_6e48828e67884a,86.9,referral_bonus_payout,2026-03-21T19:21:52,card
pay_e4a6d75385d849,u_cea145ddcc,card_6e48828e67884a,368.67,referral_bonus_payout,2026-03-21T20:33:35,card
pay_7bc29c7b6d3349,u_2962b87eff,card_6e48828e67884a,443.78,referral_bonus_payout,2026-03-21T23:12:13,card
pay_30a6e7a40c6b48,u_aa460dc1f9,card_6e48828e67884a,325.97,referral_bonus_payout,2026-03-21T23:15:55,card
pay_0569dfd8be9e42,u_b1f9823fa4,card_6e48828e67884a,179.45,referral_bonus_payout,2026-03-21T22:10:52,card
pay_41602de585464c,u_a660e5b246,card_b91b5335dc1744,369.98,referral_bonus_payout,2026-04-05T19:16:12,card
pay_99e5765582014c,u_6819705251,card_b91b5335dc1744,100.68,referral_bonus_payout,2026-04-05T19:44:54,card
pay_55f74ac6b7e74c,u_dcd552a238,card_b91b5335dc1744,114.97,referral_bonus_payout,2026-04-05T19:55:57,card
pay_b9d6881fe3f74f,u_fb05701009,card_b91b5335dc1744,435.99,referral_bonus_payout,2026-04-05T21:27:27,card
pay_dac08d15869448,u_87f7fa5480,card_b91b5335dc1744,163.45,referral_bonus_payout,2026-04-05T20:24:29,card
pay_c33846ef7d0043,u_3804cf8952,card_b91b5335dc1744,179.24,referral_bonus_payout,2026-04-05T21:17:28,card
pay_dd3172625c6747,u_3dc55a5c19,card_b91b5335dc1744,150.94,referral_bonus_payout,2026-04-05T22:21:25,card
pay_553614969d3a41,u_db4ab4c860,card_b91b5335dc1744,457.16,referral_bonus_payout,2026-04-05T21:59:51,card
pay_e155185dd3d449,u_2199ecdd79,card_b91b5335dc1744,216.88,referral_bonus_payout,2026-04-05T22:20:12,card
pay_e26580af54c748,u_f4794224b7,card_b91b5335dc1744,480.72,referral_bonus_payout,2026-04-05T22:04:14,card
pay_497553c3239640,u_b712bc6cbd,card_b91b5335dc1744,58.81,referral_bonus_payout,2026-04-05T21:00:54,card
pay_bd0b23f12c3549,u_dffa66a561,card_b91b5335dc1744,187.85,referral_bonus_payout,2026-04-05T20:26:35,card
pay_5a55027c18784b,u_20a775356d,card_b91b5335dc1744,331.08,referral_bonus_payout,2026-04-05T20:50:40,card
pay_496682ee7b4442,u_09fae5b28d,card_3f9c944537a144,463.19,referral_bonus_payout,2026-03-19T20:45:57,card
pay_1693006048db4f,u_2066c30463,card_3f9c944537a144,156.52,referral_bonus_payout,2026-03-20T18:05:49,card
pay_20d75e90c18d44,u_a7ca623877,card_3f9c944537a144,174.69,referral_bonus_payout,2026-03-20T14:56:48,card
pay_e670bf9388e847,u_d16a36682b,card_3498c94be65849,276.67,referral_bonus_payout,2026-03-20T13:13:23,card
pay_2fb72b1553b747,u_2f320c5c87,card_3498c94be65849,300.33,referral_bonus_payout,2026-03-20T12:09:58,card
pay_9734125cb5ac47,u_e96c6aa821,card_3f9c944537a144,120.63,referral_bonus_payout,2026-03-19T20:36:36,card
pay_2d3ab69263bb45,u_66ab17496a,card_3498c94be65849,252.26,referral_bonus_payout,2026-03-20T03:01:42,card
pay_3352d7f8d7f64b,u_8c5e932fb4,card_355748fe7d2446,119.18,referral_bonus_payout,2026-03-17T11:41:26,card
pay_712deaa678ca48,u_86e4caa843,anmolram@paytm,498.75,referral_bonus_payout,2026-03-17T13:30:06,upi
pay_9f02870a4bce4e,u_892c2466b3,anmolram@paytm,322.83,referral_bonus_payout,2026-03-17T13:53:27,upi
pay_1807cca2ec3941,u_dc9494ceb0,card_355748fe7d2446,101.91,referral_bonus_payout,2026-03-17T14:25:58,card
pay_31f19ed1e7e247,u_63832cc705,card_355748fe7d2446,292.56,referral_bonus_payout,2026-03-17T14:04:59,card
pay_467b19c163fb45,u_9fbc39b639,card_355748fe7d2446,87.61,referral_bonus_payout,2026-03-17T14:12:15,card
pay_8ba68ec104874c,u_29a6fa61b6,card_355748fe7d2446,270.73,referral_bonus_payout,2026-03-17T14:20:06,card
pay_04dff1fdb38b49,u_d09cea71e9,anmolram@paytm,374.41,referral_bonus_payout,2026-03-17T14:55:10,upi
pay_371a48aa791046,u_bc31b24624,card_c81f18dfdc574e,247.54,referral_bonus_payout,2026-07-12T15:27:33,card
pay_eb1f8f18cdcc45,u_5c411865ff,card_a9b624cc1cac47,352.48,referral_bonus_payout,2026-07-13T01:45:13,card
pay_0c63239d603b45,u_8cfb1a11be,card_c81f18dfdc574e,309.37,referral_bonus_payout,2026-07-12T19:28:25,card
pay_65bc4eee4a544c,u_32bdea235a,card_a9b624cc1cac47,278.21,referral_bonus_payout,2026-07-12T23:21:13,card
pay_de78226e198449,u_2c48dde602,card_a9b624cc1cac47,203.67,referral_bonus_payout,2026-07-12T15:17:36,card
pay_68fc55b259e843,u_6b3da04b81,card_c81f18dfdc574e,117.17,referral_bonus_payout,2026-07-12T17:32:20,card
pay_c210a758e6ff4e,u_17b0b90352,card_a9b624cc1cac47,403.31,referral_bonus_payout,2026-07-12T21:17:12,card
pay_99faa0a019b042,u_1df3f7f0c7,card_a9b624cc1cac47,57.65,referral_bonus_payout,2026-07-12T19:04:07,card
pay_520f392d9a5345,u_43151da0dd,card_a9b624cc1cac47,105.92,referral_bonus_payout,2026-07-12T16:08:52,card
pay_5e4576794bce47,u_535d9290c3,card_c81f18dfdc574e,393.73,referral_bonus_payout,2026-07-12T23:18:53,card
pay_ef1f60fee21a4d,u_08dda34d93,card_c81f18dfdc574e,328.58,referral_bonus_payout,2026-07-12T19:11:07,card
pay_6935b38b6c1547,u_53b2c0d69b,card_c81f18dfdc574e,238.91,referral_bonus_payout,2026-07-12T22:39:48,card
pay_5313c433783c4c,u_70763c42ac,card_a9b624cc1cac47,163.33,referral_bonus_payout,2026-07-12T22:18:11,card
pay_a036d34552884f,u_052d3ea006,card_c81f18dfdc574e,404.9,referral_bonus_payout,2026-07-12T20:57:57,card
pay_e86e281e522242,u_e57bbe9369,rborra@ybl,180.36,referral_bonus_payout,2026-07-14T09:46:36,upi
pay_a7753874245840,u_4ada293097,rborra@ybl,420.77,referral_bonus_payout,2026-07-14T10:29:48,upi
pay_f13441639fee41,u_3fbe2e7ef7,rborra@ybl,90.53,referral_bonus_payout,2026-07-14T11:12:23,upi
pay_9517f393c5494b,u_5d432ca03b,rborra@ybl,333.89,referral_bonus_payout,2026-07-14T10:13:47,upi
pay_b9ed1e6089404e,u_b11a07fe1a,card_e4dcc556bf0b4b,313.74,referral_bonus_payout,2026-04-05T22:32:52,card
pay_8ab77bf0c7ea48,u_a2982d0327,nidra43@ybl,336.58,referral_bonus_payout,2026-04-06T07:57:42,upi
pay_2cb72897b65343,u_a4b34b31a9,card_e4dcc556bf0b4b,324.38,referral_bonus_payout,2026-04-06T06:14:50,card
pay_714da857c3814c,u_0ac5ea2114,nidra43@ybl,181.51,referral_bonus_payout,2026-04-06T20:45:38,upi
pay_fafaa7d2724049,u_4523de6dc6,card_e4dcc556bf0b4b,375.33,referral_bonus_payout,2026-04-06T00:15:06,card
pay_e4d1c2e76b9243,u_e8ccf342fc,nidra43@ybl,164.82,referral_bonus_payout,2026-04-06T18:01:26,upi
pay_34604227032a42,u_e22897ab9a,nidra43@ybl,400.11,referral_bonus_payout,2026-04-06T06:56:04,upi
pay_151c3d2f5cf544,u_335a835adc,card_1e22dff5570845,395.42,referral_bonus_payout,2026-07-23T16:49:12,card
pay_0bb1b15ca39747,u_bdba113c6d,card_e1056d82cd534b,307.42,referral_bonus_payout,2026-07-24T23:22:49,card
pay_65a2148080f94a,u_2fc004707d,card_1e22dff5570845,424.13,referral_bonus_payout,2026-07-24T21:40:06,card
pay_70f5e8bd2c2e4b,u_fef2c1d7df,card_3a8f0794a07740,264.6,referral_bonus_payout,2026-07-23T17:11:01,card
pay_bc077a33968d4f,u_22fae10e78,card_1e22dff5570845,326.53,referral_bonus_payout,2026-07-24T08:20:18,card
pay_1ccf9322b1c749,u_c269c175d6,card_2dd1365b647340,116.12,referral_bonus_payout,2026-05-11T03:36:29,card
pay_33bd582d86914c,u_1ca32751bc,card_2dd1365b647340,450.74,referral_bonus_payout,2026-05-11T14:16:48,card
pay_13f326b77e7047,u_a042ae8407,card_2dd1365b647340,482.28,referral_bonus_payout,2026-05-11T13:17:40,card
pay_8b066480157840,u_c732383518,card_2dd1365b647340,255.73,referral_bonus_payout,2026-05-11T23:20:15,card
pay_f262914cb6d04a,u_a2c9b6e397,nishashenoy@okicici,56.72,referral_bonus_payout,2026-05-19T01:51:27,upi
pay_19deefb257cd42,u_d218380462,card_8923a8076dc644,201.58,referral_bonus_payout,2026-05-19T11:53:05,card
pay_407a3dea761049,u_233c8e34a8,card_8923a8076dc644,189.83,referral_bonus_payout,2026-05-20T16:19:09,card
pay_a0093de1d09f4f,u_d8b351f2d8,card_8923a8076dc644,225.8,referral_bonus_payout,2026-05-19T01:18:43,card
pay_29d8a6d80b3545,u_111de5b3ba,nishashenoy@okicici,416.44,referral_bonus_payout,2026-05-20T13:15:01,upi
pay_4ab3018089c243,u_3bad924607,card_8923a8076dc644,181.87,referral_bonus_payout,2026-05-20T04:25:41,card
pay_1cb71478ff8a45,u_d6ca1a5c3a,nishashenoy@okicici,284.81,referral_bonus_payout,2026-05-19T04:56:47,upi
pay_e28e97c40e2e47,u_dd3ef18456,card_9c35238ac1a549,491.89,referral_bonus_payout,2026-06-30T10:40:37,card
pay_660f0c8355f248,u_b01dd87fc9,jagvibrar@okicici,137.87,referral_bonus_payout,2026-06-30T12:00:34,upi
pay_18fec4ae546b44,u_eed18977e3,card_9c35238ac1a549,462.12,referral_bonus_payout,2026-06-30T12:08:24,card
pay_b8d3da0e30874e,u_b8a0829774,card_9c35238ac1a549,85.37,referral_bonus_payout,2026-06-30T13:07:23,card
pay_b5108f30ecce46,u_e9860de253,jagvibrar@okicici,273.09,referral_bonus_payout,2026-06-30T12:42:49,upi
pay_0b3de96c87c743,u_37b0acc0af,card_9c35238ac1a549,295.33,referral_bonus_payout,2026-06-30T12:38:36,card
pay_08cbd39b7b3449,u_3e132bbd1f,jagvibrar@okicici,69.35,referral_bonus_payout,2026-06-30T12:06:49,upi
pay_7ea8660036614c,u_6cdc436c05,jagvibrar@okicici,229.26,referral_bonus_payout,2026-06-30T12:36:11,upi
pay_06eb98ddf57343,u_718d5d6f72,card_9c35238ac1a549,122.66,referral_bonus_payout,2026-06-30T14:04:03,card
pay_0bf921319a0340,u_8824660ae9,card_9c35238ac1a549,468.76,referral_bonus_payout,2026-06-30T13:42:02,card
pay_5de7d390868b41,u_6b624626bf,jagvibrar@okicici,154.23,referral_bonus_payout,2026-06-30T12:49:46,upi
pay_cd6ebb7e5bd04b,u_abac4074c1,bchhabra@paytm,87.96,referral_bonus_payout,2026-07-27T11:41:46,upi
pay_a7b5e72277d04c,u_3bc51359e4,bchhabra@paytm,200.77,referral_bonus_payout,2026-07-27T12:46:43,upi
pay_2b6b34575c6742,u_0ef5cba5ab,bchhabra@paytm,229.07,referral_bonus_payout,2026-07-27T11:45:33,upi
pay_880821238ce84c,u_3e2272cc4d,bchhabra@paytm,440.63,referral_bonus_payout,2026-07-27T13:31:24,upi
pay_9d8e35c0785f49,u_2b3ec7ea37,bchhabra@paytm,184.16,referral_bonus_payout,2026-07-27T14:24:16,upi
pay_bc67db452e9542,u_163c453e7c,bchhabra@paytm,331.73,referral_bonus_payout,2026-07-27T15:44:29,upi
pay_9b692d43014246,u_4e5511265c,bchhabra@paytm,294.79,referral_bonus_payout,2026-07-27T16:10:49,upi
pay_bcbd771795304d,u_4c8c6b5a91,bchhabra@paytm,85.1,referral_bonus_payout,2026-07-27T14:06:45,upi
pay_4b9f929f102d48,u_dc8c0daee9,bchhabra@paytm,435.66,referral_bonus_payout,2026-07-27T16:15:45,upi
pay_09516b7b897e46,u_39c6a1e3ab,bchhabra@paytm,387.39,referral_bonus_payout,2026-07-27T12:24:49,upi
pay_bebda6fcacff48,u_ea69e2b3a4,bchhabra@paytm,171.2,referral_bonus_payout,2026-07-27T15:24:27,upi
pay_771a3d58845540,u_ef2c430adf,bchhabra@paytm,63.79,referral_bonus_payout,2026-07-27T15:42:50,upi
pay_0ff2e53140084e,u_a1be81ea1d,bchhabra@paytm,470.4,referral_bonus_payout,2026-07-27T13:01:50,upi
pay_f077afaeba1447,u_0bd181c05f,card_e6dd56c25fa244,123.99,referral_bonus_payout,2026-06-20T05:11:01,card
pay_14139eb3dd584a,u_23e43fffde,card_e6dd56c25fa244,204.51,referral_bonus_payout,2026-06-20T05:48:58,card
pay_2f4930750fe14a,u_0ec10704b8,card_e6dd56c25fa244,437.2,referral_bonus_payout,2026-06-20T07:42:41,card
pay_416a8c50788643,u_f074f4a4f8,card_e6dd56c25fa244,301.41,referral_bonus_payout,2026-06-20T08:28:22,card
pay_0fb826e6e9b14c,u_9cf417f6f6,card_e6dd56c25fa244,187.98,referral_bonus_payout,2026-06-20T09:06:05,card
pay_5f629bee43084d,u_e6573d2fcd,card_e6dd56c25fa244,124.17,referral_bonus_payout,2026-06-20T08:57:06,card
pay_967e3e683b6f4b,u_ff37b6b531,card_e6dd56c25fa244,213.9,referral_bonus_payout,2026-06-20T07:45:56,card
pay_8cb1232267c347,u_f72ea04054,card_e6dd56c25fa244,147.47,referral_bonus_payout,2026-06-20T07:00:54,card
pay_72bb208ffba044,u_d729119c7e,card_e6dd56c25fa244,241.81,referral_bonus_payout,2026-06-20T08:47:15,card
pay_62b4501e589144,u_817cf18e95,card_e6dd56c25fa244,406.6,referral_bonus_payout,2026-06-20T09:19:11,card
pay_a7abec979a804b,u_03a9ccb353,card_e6dd56c25fa244,425.71,referral_bonus_payout,2026-06-20T06:44:34,card
pay_4157b0a16b0448,u_ed5c8bfb11,card_e6dd56c25fa244,470.83,referral_bonus_payout,2026-06-20T09:34:40,card
pay_3843b4f4c20a43,u_b0c5b084b1,card_e6dd56c25fa244,438.17,referral_bonus_payout,2026-06-20T07:53:18,card
pay_6187e4d0b60941,u_2bb6dc8654,nairyahvi@ybl,313.85,referral_bonus_payout,2026-03-31T08:07:51,upi
pay_1c7bfee3732b41,u_61a8792cf9,nairyahvi@ybl,195.79,referral_bonus_payout,2026-03-31T09:10:03,upi
pay_cba50ac1afac42,u_bef4db8e01,nairyahvi@ybl,177.96,referral_bonus_payout,2026-03-31T13:20:33,upi
pay_1b06c5c7a9e041,u_407f1276f0,card_9ad15b4b03d347,360.66,referral_bonus_payout,2026-03-31T13:02:07,card
pay_1ebb0a1fb87c4b,u_ccdf27b58a,nairyahvi@ybl,430.68,referral_bonus_payout,2026-03-31T09:33:41,upi
pay_ec97e68049e44e,u_1e2dea3bb7,nairyahvi@ybl,135.69,referral_bonus_payout,2026-03-31T11:51:01,upi
pay_b20c1f2c49824b,u_b420246952,nairyahvi@ybl,53.65,referral_bonus_payout,2026-03-31T07:22:43,upi
pay_0a9a72750fa643,u_aa9fcf81d4,card_9ad15b4b03d347,289.63,referral_bonus_payout,2026-03-31T12:38:12,card
pay_091cd89c43994a,u_39a00b4f81,card_9ad15b4b03d347,194.38,referral_bonus_payout,2026-03-31T11:55:54,card
pay_b1553859a36d41,u_1bf1edcbee,nairyahvi@ybl,328.38,referral_bonus_payout,2026-03-31T09:24:56,upi
pay_5e7e1591c0a544,u_1afe11fed9,nairyahvi@ybl,297.22,referral_bonus_payout,2026-03-31T11:08:33,upi
pay_0c9b2d4ae21547,u_02b7a6afda,card_9ad15b4b03d347,139.24,referral_bonus_payout,2026-03-31T12:24:51,card
pay_9be0e68fa9f246,u_3aa53f660d,card_9ad15b4b03d347,119.84,referral_bonus_payout,2026-03-31T12:25:00,card
pay_cc3957df9f4f49,u_fa6794bdf4,nairyahvi@ybl,156.32,referral_bonus_payout,2026-03-31T08:01:54,upi
pay_3cb780f0935d4d,u_2fa0d97bac,jalsa94@ybl,473.85,referral_bonus_payout,2026-04-01T09:28:55,upi
pay_50de40e2ad0840,u_5b03e6b8e3,jalsa94@ybl,321.62,referral_bonus_payout,2026-04-01T11:40:46,upi
pay_ec07e884af0340,u_908c4e7f65,jalsa94@ybl,146.41,referral_bonus_payout,2026-04-01T12:10:56,upi
pay_5e50b520ff5b49,u_70f618826f,jalsa94@ybl,353.85,referral_bonus_payout,2026-04-01T10:13:46,upi
pay_dd7269b39b5342,u_02d088cfd9,jalsa94@ybl,169.39,referral_bonus_payout,2026-04-01T11:23:44,upi
pay_3f482426f05540,u_c81afd483d,jalsa94@ybl,210.81,referral_bonus_payout,2026-04-01T10:03:46,upi
pay_373b0364f9b94e,u_f7c2f7bde3,jalsa94@ybl,185.95,referral_bonus_payout,2026-04-01T11:58:57,upi
pay_cf286e7bba8e41,u_fe7ca80d76,jalsa94@ybl,442.32,referral_bonus_payout,2026-04-01T09:51:42,upi
pay_de8ece0d8ab842,u_490e33f43e,jalsa94@ybl,91.61,referral_bonus_payout,2026-04-01T10:05:02,upi
pay_c25e0af75bd745,u_0d549e70ce,card_2fcd23e4432441,388.7,referral_bonus_payout,2026-07-12T10:06:16,card
pay_4bdd265dee0740,u_0328d249f5,card_2fcd23e4432441,108.28,referral_bonus_payout,2026-07-12T09:33:00,card
pay_132390f72c2343,u_df4605d23b,card_2fcd23e4432441,139.08,referral_bonus_payout,2026-07-12T13:52:06,card
pay_5c30fb8b4b964c,u_b80387ebe0,card_2fcd23e4432441,96.63,referral_bonus_payout,2026-07-12T09:23:35,card
pay_b2c42c414fa043,u_463c748218,card_2fcd23e4432441,309.39,referral_bonus_payout,2026-07-12T10:07:40,card
pay_c1db15935cad4c,u_0fcf6802bd,card_2fcd23e4432441,79.71,referral_bonus_payout,2026-07-12T10:53:01,card
pay_0a71bd69b01e45,u_92e538f5ee,card_2fcd23e4432441,399.36,referral_bonus_payout,2026-07-12T14:08:56,card
pay_e2399c9318e14d,u_6f61854338,card_2fcd23e4432441,292.84,referral_bonus_payout,2026-07-12T11:26:42,card
pay_967b3e4795fb44,u_003df94d24,card_2fcd23e4432441,400.33,referral_bonus_payout,2026-07-12T10:42:03,card
pay_50ac973b28504d,u_4ba0729471,card_2fcd23e4432441,300.89,referral_bonus_payout,2026-07-12T13:49:59,card
pay_409a6381b1b243,u_65007f2995,card_2fcd23e4432441,315.87,referral_bonus_payout,2026-07-12T09:49:51,card
pay_80ef0453bd4f4e,u_8f576afb94,card_2fcd23e4432441,438.82,referral_bonus_payout,2026-07-12T13:58:17,card
pay_d5fa77617b8241,u_82c2691a8a,card_2fcd23e4432441,327.26,referral_bonus_payout,2026-07-12T12:37:09,card
pay_16afffb674a54c,u_aa3a3a77f4,tamannachawla@ybl,299.72,referral_bonus_payout,2026-05-24T07:31:53,upi
pay_0b886272a07644,u_dbfa7b0a42,card_25cdc1ebd2ef48,252.2,referral_bonus_payout,2026-05-24T16:02:33,card
pay_f11b0a810a1d49,u_decb3dbd81,card_25cdc1ebd2ef48,93.84,referral_bonus_payout,2026-05-24T14:36:30,card
pay_5893b87fbc314a,u_b84b27cb2e,card_25cdc1ebd2ef48,88.0,referral_bonus_payout,2026-05-24T08:47:28,card
pay_43c8f43c820044,u_4c440203a1,card_25cdc1ebd2ef48,85.87,referral_bonus_payout,2026-05-24T17:12:22,card
pay_e967980a197f4c,u_dd8c6ba67f,rkrishnan@paytm,230.28,referral_bonus_payout,2026-05-25T02:49:12,upi
pay_eff35ea4c66b4b,u_089997c0d3,rkrishnan@paytm,287.66,referral_bonus_payout,2026-05-25T04:56:25,upi
pay_df136632efc943,u_207edf8f0d,tamannachawla@ybl,302.57,referral_bonus_payout,2026-05-25T05:35:12,upi
pay_aa053d3ba3024f,u_2a1b8aa753,rkrishnan@paytm,427.25,referral_bonus_payout,2026-05-25T05:50:48,upi
pay_fb0b432264ca45,u_3c1e759f97,tamannachawla@ybl,169.7,referral_bonus_payout,2026-05-25T09:37:54,upi
pay_c1aeeac01c2f46,u_80f5d4ae29,mghose@paytm,191.77,referral_bonus_payout,2026-06-16T05:03:04,upi
pay_7ccdda21ff3b43,u_c2ad67f21e,mghose@paytm,319.07,referral_bonus_payout,2026-06-16T06:21:27,upi
pay_7ad7f4076ecd43,u_45fbdb3895,mghose@paytm,222.0,referral_bonus_payout,2026-06-16T12:31:03,upi
pay_8a7da92ba3c84f,u_1fac6e4c91,mghose@paytm,423.91,referral_bonus_payout,2026-06-16T07:56:20,upi
pay_1b74a1d5d23844,u_982ddb315c,card_4ba7be47479f4f,378.93,referral_bonus_payout,2026-03-22T18:23:21,card
pay_264f56c6eb0148,u_b73bfec2e7,yugparekh@okicici,452.37,referral_bonus_payout,2026-03-23T18:36:23,upi
pay_2ebe5407ef7f45,u_a024463d0b,idhawan@okhdfcbank,218.21,referral_bonus_payout,2026-03-23T12:49:33,upi
pay_1ee80b832f444d,u_36e39cda98,idhawan@okhdfcbank,349.96,referral_bonus_payout,2026-03-23T04:25:14,upi
pay_60ec8761834a46,u_e2e4aeecdc,card_46a338af933441,341.58,referral_bonus_payout,2026-03-22T21:55:18,card
pay_493b28496bd34d,u_8eb0a5f5d9,card_6eaa66e94baa4d,301.86,referral_bonus_payout,2026-03-23T19:20:28,card
pay_f09a900d9fad4c,u_a2d510a220,card_4ba7be47479f4f,153.2,referral_bonus_payout,2026-03-23T18:09:09,card
pay_27775f415ee34d,u_8b09551fc1,card_ea66989dba244a,272.46,referral_bonus_payout,2026-03-23T23:34:23,card
pay_299e3891a3f643,u_9d6d289a9b,ubera@okhdfcbank,98.15,referral_bonus_payout,2026-03-23T05:29:00,upi
pay_1f4e9986801d4e,u_d2ca896c98,card_75d83beb68b040,322.14,referral_bonus_payout,2026-03-23T09:34:08,card
pay_7a55f37ff43c47,u_df373ce0b8,dalalwyatt@okicici,471.0,referral_bonus_payout,2026-03-23T07:47:25,upi
pay_f3b013975bc649,u_31463e8937,card_46a338af933441,491.55,referral_bonus_payout,2026-03-23T15:31:30,card
pay_c2ce34fa858f4d,u_f358ba903e,yugparekh@okicici,276.14,referral_bonus_payout,2026-03-23T09:02:38,upi
pay_a02564c1441149,u_7249b6fe24,ubera@okhdfcbank,326.34,referral_bonus_payout,2026-03-23T04:34:15,upi
pay_5a739b3e91024c,u_e5d80b293a,card_6cd05f92799c44,499.36,referral_bonus_payout,2026-03-22T22:50:02,card
pay_205c7a8f6a1f48,u_69fb87dfcc,card_40d07da9404a4d,161.88,referral_bonus_payout,2026-03-23T02:01:46,card
pay_ccf41e92719749,u_c7217c3fbe,card_40d07da9404a4d,273.02,referral_bonus_payout,2026-03-22T23:23:01,card
pay_af8e03ab29c742,u_805cb3cbfa,card_40d07da9404a4d,404.46,referral_bonus_payout,2026-03-23T00:49:50,card
pay_d8c0cf8787dc4a,u_d2a7522a3c,card_6cd05f92799c44,317.55,referral_bonus_payout,2026-03-23T01:54:21,card
pay_adc46197c1254f,u_62a3477599,card_40d07da9404a4d,115.46,referral_bonus_payout,2026-03-23T01:44:19,card
pay_b30508aaa06749,u_cac45b55dc,card_40d07da9404a4d,463.6,referral_bonus_payout,2026-03-23T01:53:12,card
pay_07e25a57609644,u_e37433494c,card_40d07da9404a4d,278.03,referral_bonus_payout,2026-03-23T00:29:19,card
pay_bd850b84aade4b,u_bdb6b9ada4,card_40d07da9404a4d,72.19,referral_bonus_payout,2026-03-23T01:08:24,card
pay_b9bfbdd4b6194e,u_919ff99b82,card_40d07da9404a4d,160.88,referral_bonus_payout,2026-03-23T01:35:35,card
pay_a69377bce09643,u_bcca274b5b,card_40d07da9404a4d,234.86,referral_bonus_payout,2026-03-22T23:58:02,card
pay_699239782e1e44,u_33e6c8355a,card_40d07da9404a4d,72.12,referral_bonus_payout,2026-03-23T00:30:30,card
pay_bdf0890bc31445,u_229f4f930c,card_40d07da9404a4d,181.99,referral_bonus_payout,2026-03-23T02:38:23,card
pay_b74ea6f1eeed4c,u_06b6b9b40c,baghyawati14@ybl,419.09,referral_bonus_payout,2026-05-23T18:18:24,upi
pay_468d03b1ff8346,u_d52a8458cb,card_a73fc685b26349,392.92,referral_bonus_payout,2026-05-26T08:45:16.480267,card
pay_21ea6fec427f43,u_412963d650,card_cf96751b5cc144,116.27,referral_bonus_payout,2026-05-25T23:04:35.536127,card
pay_755ff4647dfd4c,u_9d36f2685e,card_2fdf005e3c1e49,212.91,referral_bonus_payout,2026-05-25T16:57:44.338911,card
pay_fdea19c1f42146,u_76c7de2583,card_f7be619d6c5841,119.37,referral_bonus_payout,2026-05-25T14:20:08.847179,card
pay_da5644c681da41,u_dcf21694dd,harini65@okicici,338.68,referral_bonus_payout,2026-05-26T21:04:07.568596,upi
pay_eb7081adbd8245,u_f427837b41,card_8f822811fd5a48,452.21,referral_bonus_payout,2026-06-27T06:53:24,card
pay_1dc4fb2195dc48,u_8a2e5922ed,anitashroff@okicici,105.5,referral_bonus_payout,2026-06-28T03:03:10.032622,upi
pay_50f393b683f744,u_e81da46069,card_df5f13e2fa9d48,493.38,referral_bonus_payout,2026-06-27T19:12:55.391090,card
pay_67f49be56d2147,u_4f74a0f9ce,card_1f0ad181e01c4b,50.95,referral_bonus_payout,2026-03-09T18:08:58,card
pay_2a10c2e50edf4e,u_4b85aaf7d4,card_ebf6d72d90f845,462.77,referral_bonus_payout,2026-03-14T10:50:41.328066,card
pay_c1687230cddf40,u_d150cd6214,bdugar@ybl,314.75,referral_bonus_payout,2026-03-16T00:44:39.453796,upi
pay_6ecc9699208447,u_b358f6fd2c,card_0e055c3316f946,341.29,referral_bonus_payout,2026-07-08T20:08:55,card
pay_f82235e5d41e43,u_74b7c7b954,gaurav03@okhdfcbank,316.11,referral_bonus_payout,2026-07-19T17:59:06.183247,upi
pay_43bb859def3640,u_68900689de,card_a278fcb9a6ce4a,402.78,referral_bonus_payout,2026-06-16T11:35:46,card
pay_e3ce01049a7142,u_c5c7148802,card_aa4993c145f245,425.65,referral_bonus_payout,2026-06-25T08:31:54.335148,card
pay_607b706957364b,u_657ee7e762,urandhawa@ybl,420.49,referral_bonus_payout,2026-06-18T23:17:19.298402,upi
pay_5c80f5cf825c47,u_b608570114,card_a278fcb9a6ce4a,460.59,referral_bonus_payout,2026-06-24T10:37:08.594306,card
pay_ad2360de20b947,u_c28f8e6880,ridhibhandari@okhdfcbank,308.46,referral_bonus_payout,2026-05-12T11:09:57,upi
pay_a164e97a0f6f49,u_e75a0100ae,card_c8516f526f9c47,414.35,referral_bonus_payout,2026-05-16T16:38:50.754026,card
pay_49d02180f6314c,u_4d20ffe68c,yaminiseth@okhdfcbank,398.05,referral_bonus_payout,2026-05-21T02:43:47.242040,upi
pay_5d729750443f42,u_b31c47643b,tripti69@ybl,405.8,referral_bonus_payout,2026-05-15T21:59:26.829420,upi
pay_33108aeb8d2546,u_ce30ba8b25,card_d8106999bb0c42,372.99,referral_bonus_payout,2026-05-19T19:03:17.493476,card
pay_61a3d55e5fab41,u_16d12d42e4,jack36@okhdfcbank,189.26,referral_bonus_payout,2026-05-14T01:05:21.547792,upi
pay_7555c8ac8e6a4c,u_dc0ef54a41,card_b5b0b70d911048,412.45,referral_bonus_payout,2026-03-20T11:58:45,card
pay_a357899281b444,u_c026ca53ab,card_d05be0e2222c42,430.04,referral_bonus_payout,2026-03-31T01:56:20.506557,card
pay_08f39a861e9343,u_70ab32daf0,card_32cc8092ab404e,397.79,referral_bonus_payout,2026-03-13T19:43:37,card
pay_1b00e804a25643,u_52c05e3296,card_32cc8092ab404e,177.9,referral_bonus_payout,2026-03-14T21:21:21.708695,card
pay_c400a105a01a49,u_619253d455,card_aa23309ba05142,203.21,referral_bonus_payout,2026-03-17T18:51:33.938427,card
pay_b7b7777ebbf94e,u_509242716a,ramanbhavika@okhdfcbank,224.09,referral_bonus_payout,2026-06-21T04:24:11,upi
pay_c5fb0d3c580343,u_ecd2fa3bf6,card_cf4ab24ec7c04e,81.38,referral_bonus_payout,2026-06-21T08:16:13.084896,card
pay_859734b6c18e4b,u_9aa573ddc8,card_0eb0c28185a445,89.77,referral_bonus_payout,2026-06-22T03:18:16.396864,card
pay_ad2154aafeaf48,u_4cf0e7597d,vedant53@ybl,300.42,referral_bonus_payout,2026-06-21T05:15:33.490949,upi
pay_7ac9f0daff8f4a,u_b6e8d5caee,card_de1b0ff7889f49,351.97,referral_bonus_payout,2026-06-21T22:16:45.847155,card
pay_5af8a6e865094e,u_6d37795aa4,card_c9490c220eab49,459.44,referral_bonus_payout,2026-04-02T16:33:41,card
pay_640aa780c2be47,u_c0af778185,card_7f8882347bd74c,368.97,referral_bonus_payout,2026-04-03T06:36:50.348499,card
pay_1e21358db5ed4d,u_b26306c72b,christophersodhi@okicici,437.11,referral_bonus_payout,2026-04-03T15:10:35.838819,upi
pay_70e1de4bd39f45,u_7a332097fb,card_f674ede56fff49,174.65,referral_bonus_payout,2026-07-09T18:29:44,card
pay_900e25966b8747,u_e70a6e0e12,soniyauvani@ybl,492.96,referral_bonus_payout,2026-07-15T19:14:47.858590,upi
pay_24825c95091846,u_5da36fb87d,card_0ee8f740143e45,358.6,referral_bonus_payout,2026-07-21T16:17:36.783778,card
pay_fc0e1ca328924a,u_e78a4219ef,senguptakrishna@paytm,305.37,referral_bonus_payout,2026-06-14T03:04:54,upi
pay_517684a114c34a,u_d9962b21d6,card_c4b18fe87d424d,244.17,referral_bonus_payout,2026-06-14T16:39:32.345486,card
pay_1337020f5fac44,u_a97cf19c89,card_8cee3f30015343,281.61,referral_bonus_payout,2026-06-16T18:42:47,card
pay_a8939cc98d0b4d,u_ee5b597605,kashish94@paytm,408.87,referral_bonus_payout,2026-06-18T01:06:46.423552,upi
pay_02fa2bc5fdc544,u_8711cea80e,mishrapraneel@okhdfcbank,106.91,referral_bonus_payout,2026-06-21T13:21:16.543140,upi
pay_a4b86d3f46a945,u_f2867a94cb,morarbarkha@okicici,309.07,referral_bonus_payout,2026-06-24T10:34:25.263931,upi
pay_eead936115af49,u_8e236e1ae4,card_1186f042a9554c,223.16,referral_bonus_payout,2026-04-23T15:22:36,card
pay_7df505fabee24b,u_2d840fe8b9,upasna15@ybl,213.24,referral_bonus_payout,2026-04-24T02:33:37.730551,upi
pay_4a8c1fbc22a14d,u_de2d7c3e95,card_1186f042a9554c,77.88,referral_bonus_payout,2026-04-24T09:50:02.056669,card
pay_cfe5827a758f4b,u_c870db8b06,yram@okicici,348.16,referral_bonus_payout,2026-03-30T12:37:32,upi
pay_fcd392c0b05c4d,u_99d420a9e8,mahajanmitali@ybl,436.91,referral_bonus_payout,2026-04-05T14:11:25.807606,upi
pay_c8d83803e40147,u_124b47a83f,lgulati@okicici,151.48,referral_bonus_payout,2026-04-03T20:24:35,upi
pay_1736b49818644e,u_3763ccc526,megha74@okhdfcbank,423.39,referral_bonus_payout,2026-04-03T22:03:07.750843,upi
pay_b9e1a4a0ffe947,u_40d5dc077b,lgulati@okicici,428.82,referral_bonus_payout,2026-04-03T23:37:17.727152,upi
pay_abf3fa1d10f544,u_a390ade61e,card_2ed2fcf88f8d49,113.74,referral_bonus_payout,2026-04-04T14:53:29.961277,card
pay_af7d115ae45349,u_4d2d36d329,tandonbalendra@paytm,449.79,referral_bonus_payout,2026-04-04T16:49:04.729475,upi
pay_84433ebbc3c74a,u_166ca0c538,varenyagoyal@ybl,174.58,referral_bonus_payout,2026-04-04T13:34:57.856425,upi
pay_df466ce9148346,u_d809619ed9,nathan30@paytm,341.27,referral_bonus_payout,2026-04-09T05:12:16,upi
pay_9ec7e389932948,u_6ae687138a,card_f0ea762fc0bb45,115.13,referral_bonus_payout,2026-04-10T03:49:55.700952,card
pay_97be71c7f06d4f,u_47faf70f75,rajagopalanzansi@paytm,448.17,referral_bonus_payout,2026-04-09T13:23:47.567406,upi
pay_24e40f0d7b5c4f,u_359388196d,card_a795d213d9ba48,208.85,referral_bonus_payout,2026-04-09T17:23:43.705779,card
pay_48a713fc7ddc4e,u_0209468d3f,card_1b950d8f199b44,434.0,referral_bonus_payout,2026-05-29T21:03:37,card
pay_1cabddf129004f,u_54a3b9fa19,bhavya64@okhdfcbank,104.59,referral_bonus_payout,2026-06-02T01:34:57.900172,upi
pay_f8a34e1a2d254d,u_141ba835b8,card_529a612359154a,175.16,referral_bonus_payout,2026-06-02T07:46:57.022866,card
pay_35b4d35970f14d,u_e2207caa45,card_d6e127c45ba84e,132.61,referral_bonus_payout,2026-03-15T03:10:35,card
pay_a1944ebb36a94a,u_f0ace5cec0,card_1cce10762dfc4b,428.66,referral_bonus_payout,2026-03-17T08:28:33.555940,card
pay_5d3b5f69b7314c,u_d8ce6e7bf7,card_dc5a23d140064f,155.2,referral_bonus_payout,2026-03-16T13:06:50.752403,card
pay_7ea886e6ce6849,u_3d79e7152c,somgaurang@paytm,361.52,referral_bonus_payout,2026-03-16T11:57:58.837627,upi
pay_50b3100f5fef48,u_1c39801413,aryan10@paytm,166.52,referral_bonus_payout,2026-03-16T00:23:53.844872,upi
pay_6e2662e9a6c04e,u_dedf4ce021,card_691f62f3ad7a46,424.58,referral_bonus_payout,2026-07-13T05:42:04,card
pay_126d86e0a3f648,u_d90ec38489,card_0a8445ecdab04a,84.34,referral_bonus_payout,2026-07-17T04:54:08.209257,card
pay_a27ddd5893954c,u_d7ced2e436,rmittal@okhdfcbank,454.46,referral_bonus_payout,2026-07-14T17:35:34.296931,upi
pay_44876665f2c84c,u_3b68600c8f,card_cb4c3a46a84e44,113.95,referral_bonus_payout,2026-07-22T02:11:40.316587,card
pay_240861dc5e4c43,u_4079ecc19b,card_a21875e2bad94d,144.14,referral_bonus_payout,2026-07-20T16:06:21.687269,card
pay_083886c7b67f48,u_323b3a32f6,card_59714a2840fc43,322.06,referral_bonus_payout,2026-03-04T10:36:39,card
pay_29c10686f80643,u_97728e4a9b,gaganuppal@okicici,119.38,referral_bonus_payout,2026-03-04T17:25:51.446637,upi
pay_78a4c340d3fa48,u_33d96c8d2e,card_59714a2840fc43,137.54,referral_bonus_payout,2026-03-04T12:38:56.492205,card
pay_e1b0b72c91be4e,u_3afad4e86f,card_b2d42e5c24484d,441.38,referral_bonus_payout,2026-03-05T05:17:28.134951,card
pay_b4cdb5637b7a47,u_4d619e9085,card_e3f3c309cdb44c,289.35,referral_bonus_payout,2026-04-29T09:41:39,card
pay_3965e28e178f44,u_4da54696de,card_d9c0b24d54054f,297.3,referral_bonus_payout,2026-04-30T00:47:07.885283,card
pay_f5c47629b4e341,u_178e36f3bd,card_0263b6a60b6c41,70.89,referral_bonus_payout,2026-04-30T01:03:30.568913,card
pay_613c72df172d46,u_d65463e4da,card_cbc213356a094e,275.72,referral_bonus_payout,2026-04-17T09:36:41,card
pay_793c88c3466c46,u_9ce2377911,card_b90031dd137240,399.64,referral_bonus_payout,2026-04-18T08:41:21.146703,card
pay_7a7ab791342643,u_a06362e2f9,card_bbf09937b52b44,381.73,referral_bonus_payout,2026-04-17T15:48:44.462253,card
pay_5fd45efb8c7e4c,u_35abe4824b,card_cbc213356a094e,95.2,referral_bonus_payout,2026-04-18T02:20:12.952711,card
pay_2d79babb3be84a,u_5d693bc808,azaanbiswas@okhdfcbank,188.62,referral_bonus_payout,2026-04-18T07:54:56.369577,upi
pay_1c09153d029c40,u_7af84958f9,card_d749c44776fe42,181.84,referral_bonus_payout,2026-06-09T19:45:26,card
pay_0faf13061e8e4a,u_0760e09d83,card_1433b20f580546,320.82,referral_bonus_payout,2026-06-27T21:02:11.023416,card
pay_bef2215ab48a4c,u_580ed9670c,card_3c9baee0fadd4c,167.86,referral_bonus_payout,2026-06-21T14:23:48.502716,card
pay_1ba13910b27d4f,u_9a5fc655ec,jai35@okicici,210.85,referral_bonus_payout,2026-06-28T09:47:26.262995,upi
pay_802a09df4c434d,u_4510e3d382,card_38de21284e2047,265.93,referral_bonus_payout,2026-07-08T04:19:05,card
pay_8b579b62f80f41,u_14dae4e560,dixitlakshmi@ybl,69.47,referral_bonus_payout,2026-07-09T03:02:58.434526,upi
pay_96242d637e4f48,u_8b33ef613c,iwali@okhdfcbank,111.73,referral_bonus_payout,2026-07-08T10:29:27.613301,upi
pay_da15de8b0f0742,u_0a2a92673b,card_ff81604f6fc44a,232.74,referral_bonus_payout,2026-07-08T10:03:21.076340,card
pay_659fc1892eec4f,u_344d56c0fd,card_1bfab1919e674e,263.5,referral_bonus_payout,2026-07-08T06:22:57.702577,card
pay_c9282fc701424b,u_53f1c72c6c,asharma@okhdfcbank,308.8,referral_bonus_payout,2026-05-13T01:45:57,upi
pay_484b182a561340,u_603beb2dea,asharma@okhdfcbank,348.61,referral_bonus_payout,2026-06-01T14:58:36.852971,upi
pay_4edece6bde994a,u_64a99e41be,damyantithakkar@paytm,369.49,referral_bonus_payout,2026-05-30T22:58:34.716191,upi
pay_2ba3a883ba9543,u_246a0467bc,card_55c9c7b4f97c4f,144.46,referral_bonus_payout,2026-05-31T07:19:18.991007,card
pay_b70a479027ef43,u_b1ecfa55ee,asharma@okhdfcbank,71.15,referral_bonus_payout,2026-06-01T02:01:27.786327,upi
pay_14a6cabe7c364f,u_d7b61b9b96,hritik63@okhdfcbank,241.97,referral_bonus_payout,2026-05-16T11:04:44.887549,upi
pay_19b0fca0d90e4e,u_0b4091eb91,card_a78fc67ee85d41,180.58,referral_bonus_payout,2026-06-19T08:11:13,card
pay_6d00b066587d44,u_3745caf482,card_8be5805d96ca4a,53.72,referral_bonus_payout,2026-06-23T02:02:26.928189,card
pay_c18a77d16eb04b,u_acb6e651ea,maneom@paytm,153.46,referral_bonus_payout,2026-06-21T13:18:53.346888,upi
pay_7998844b20d64c,u_dc25ebd4c0,sahadevika@paytm,442.03,referral_bonus_payout,2026-07-07T01:09:49,upi
pay_40c65bab6bae45,u_302b58dcdf,card_4d5ef7c071ca4a,390.9,referral_bonus_payout,2026-07-19T08:57:39.717174,card
pay_0a83c29b04ed40,u_cc3cf0df88,card_c717b4fea6384b,146.5,referral_bonus_payout,2026-07-15T20:14:12.586046,card
pay_0ed261d1712c42,u_56c85848e4,card_8a4cc821f5f14b,336.61,referral_bonus_payout,2026-07-17T10:49:01.544719,card
pay_7d6bf4bdbd0143,u_c8bcd62675,aradhana26@okicici,492.33,referral_bonus_payout,2026-07-17T02:21:42.143341,upi
pay_00b86ed3ab0c4c,u_84a3938b3c,card_1ad0aa42bcd845,422.8,referral_bonus_payout,2026-07-13T18:39:43,card
pay_78d16c8add5145,u_d110c2387d,card_1ad0aa42bcd845,406.59,referral_bonus_payout,2026-07-13T22:12:00.641862,card
pay_4a43e4ca924e47,u_924cfc9583,card_6f9d069bc59f42,99.93,referral_bonus_payout,2026-04-19T08:12:37,card
pay_cf85b5e353284d,u_3ee7447acc,card_474d1b2fb86441,114.9,referral_bonus_payout,2026-04-29T03:22:07.167291,card
pay_c265c9aa7cf543,u_8e0399375e,card_6f9d069bc59f42,99.7,referral_bonus_payout,2026-05-10T00:07:33.768273,card
pay_e79d1cde7c7f40,u_d5e2db9432,pallavi37@okicici,220.72,referral_bonus_payout,2026-05-20T07:49:37,upi
pay_b1cb5ed04f5442,u_8c775b500e,krishnanarjun@ybl,381.64,referral_bonus_payout,2026-05-20T10:07:47.872905,upi
pay_2cfb637ad08e4c,u_a1ff844904,card_ccbf270fc9714a,409.24,referral_bonus_payout,2026-05-20T12:56:14.031516,card
pay_8b63b17eaf4941,u_c5c922c1df,bhattiadvik@okhdfcbank,379.87,referral_bonus_payout,2026-05-20T20:21:06.049782,upi
pay_47823f7078454d,u_2d5b6828a2,card_f7a86be737434e,166.9,referral_bonus_payout,2026-05-20T20:10:03.638108,card
pay_020f7583ff9b44,u_43434b7e89,jackson94@paytm,74.15,referral_bonus_payout,2026-05-20T19:43:53.376159,upi
pay_0e887a7f4bcb47,u_4f5652b1df,gnagar@okicici,205.99,referral_bonus_payout,2026-06-24T20:12:17,upi
pay_d691eedcf18d44,u_1468ff8812,paljagrati@okhdfcbank,488.55,referral_bonus_payout,2026-06-28T21:39:19.096671,upi
pay_dc86e530d1e64b,u_e9eb35b9cb,mammengirish@okhdfcbank,159.04,referral_bonus_payout,2026-07-02T19:46:51.075128,upi
pay_ee5367d97f814d,u_d1e580cfce,dalalyadavi@ybl,70.7,referral_bonus_payout,2026-05-23T09:25:15,upi
pay_cbe347c6d04b40,u_6489184390,dalalyadavi@ybl,414.16,referral_bonus_payout,2026-06-10T22:05:47.163006,upi
pay_72fa7e8823204f,u_f2e4b7d56b,gprabhu@okicici,117.87,referral_bonus_payout,2026-04-29T18:17:03,upi
pay_e140bdb7c78949,u_b0d9b33f9e,devanayaan@okhdfcbank,369.62,referral_bonus_payout,2026-04-30T12:06:35.368727,upi
pay_c8f44291642d45,u_a6d7f5611b,wallaanvi@okicici,442.53,referral_bonus_payout,2026-04-30T11:21:12.298177,upi
pay_ad3de52a8f8742,u_b3a8543d71,card_b3970d12ec0546,472.26,referral_bonus_payout,2026-04-30T08:35:27.422056,card
pay_f9c92699a36049,u_76736c09bb,xkakar@ybl,332.91,referral_bonus_payout,2026-04-20T04:49:37,upi
pay_424d71e01b8c4d,u_2140e8639f,zpatla@okhdfcbank,475.47,referral_bonus_payout,2026-04-24T01:10:57.279688,upi
pay_32f36dc3d73a46,u_f46f3a8cb5,card_dabaebb1b95b4b,445.24,referral_bonus_payout,2026-06-12T23:48:20,card
pay_8442434045d748,u_92dbcb2f74,card_812d44030f8f47,147.91,referral_bonus_payout,2026-06-13T03:36:12.170871,card
pay_415771e80bd546,u_23cd07fe90,card_e654ee618f0d42,310.05,referral_bonus_payout,2026-06-13T06:01:18.860882,card
pay_eb2277b53eaa49,u_376fe75622,card_dabaebb1b95b4b,71.08,referral_bonus_payout,2026-06-13T03:05:44.033295,card
pay_9ce327cac5bd44,u_d9cc5d1e87,jagdish00@paytm,350.49,referral_bonus_payout,2026-06-13T08:36:33.063453,upi
pay_15929f7efa024b,u_1408956ae0,mprakash@okicici,472.5,referral_bonus_payout,2026-06-18T07:34:42,upi
pay_09ad8db32ed84d,u_f524548685,card_496df03cbb0045,77.52,referral_bonus_payout,2026-06-18T20:46:48.198431,card
pay_78ad466039604c,u_004359bae9,mprakash@okicici,142.94,referral_bonus_payout,2026-06-18T20:03:11.231200,upi
pay_2134d874f63f48,u_c1fa4eef4f,card_141401a2058545,282.66,referral_bonus_payout,2026-06-18T19:27:02.695237,card
pay_27522f9bc01041,u_b7a46237d9,card_d12f17edcb3b42,309.97,referral_bonus_payout,2026-06-18T17:14:38.711650,card
pay_bb6b13e832bd4b,u_7424ac8ca2,surlibni@okhdfcbank,438.19,referral_bonus_payout,2026-06-19T06:07:40.425445,upi
pay_b84cf8d02e1e45,u_fa1a98bd5a,chadhachatura@paytm,154.71,referral_bonus_payout,2026-03-31T15:24:14,upi
pay_5d7fe2b3c8cb49,u_52ec14b2e5,balveer79@okicici,309.91,referral_bonus_payout,2026-04-11T16:00:41.530731,upi
pay_9815009d49f344,u_2d34efc93c,card_fb9154c9c0a542,151.19,referral_bonus_payout,2026-06-27T23:57:48,card
pay_fd0fb511453a41,u_6b1f82c608,azaanjain@okhdfcbank,238.9,referral_bonus_payout,2026-06-28T09:27:37.964563,upi
pay_c1a51441789646,u_f6909d4bc3,card_a9abe86a41f142,120.59,referral_bonus_payout,2026-06-28T23:25:46.859040,card
pay_a3ff08a7d2e846,u_68cdb48c34,card_cc56dadab9e746,160.52,referral_bonus_payout,2026-06-28T10:44:30.747868,card
pay_ee9ee42955fe4c,u_121bfd100c,card_30d703c759594f,404.9,referral_bonus_payout,2026-06-13T09:11:56,card
pay_8c27c708ecd04e,u_9631d8e785,xratta@okicici,256.9,referral_bonus_payout,2026-06-21T15:56:13.407171,upi
pay_9affd2e5edb34a,u_5153af31c2,card_0883e716897945,445.71,referral_bonus_payout,2026-06-27T11:24:20.312667,card
pay_c31d14f800fa47,u_24a0e1cbde,card_05134640e56d4b,112.81,referral_bonus_payout,2026-05-08T21:56:32,card
pay_d13af80f28c945,u_95fcf0d999,card_449272f757334f,295.37,referral_bonus_payout,2026-05-09T08:01:47.052461,card
pay_7aeede78777641,u_13f2e36200,card_4323bc95a4364c,276.56,referral_bonus_payout,2026-05-09T09:09:59.186016,card
pay_51a4eced0e1649,u_95a4ec434c,mayayadav@okicici,90.79,referral_bonus_payout,2026-04-28T06:15:19,upi
pay_0d322f58d87240,u_678e08bafa,joshua03@okhdfcbank,154.22,referral_bonus_payout,2026-04-28T20:11:46.888056,upi
pay_52ce2f3bb9c646,u_393ac7d852,mayayadav@okicici,257.63,referral_bonus_payout,2026-04-29T04:51:46.717230,upi
pay_80add8e84cd042,u_90c74b1e2d,card_d081fdac2d5443,196.5,referral_bonus_payout,2026-04-28T21:15:25.044763,card
pay_47f2d55701e94a,u_b519af552c,mayayadav@okicici,242.86,referral_bonus_payout,2026-04-28T12:58:17.793278,upi
pay_9a9ed65fc84d49,u_ed7dfcdc7b,sarmajoshua@ybl,273.29,referral_bonus_payout,2026-04-02T18:34:57,upi
pay_53391a8cb2d04f,u_6a54412cdd,amairagola@okicici,201.75,referral_bonus_payout,2026-04-03T12:02:28.423507,upi
pay_c142fc2f1e4a4e,u_64703c8e59,ngulati@okicici,224.46,referral_bonus_payout,2026-04-03T11:48:15.691589,upi
pay_c38b01ad6e4a49,u_e861f2c811,card_e38ace4fcec244,263.92,referral_bonus_payout,2026-03-17T22:34:43,card
pay_48a386fe740a4c,u_b441c2d480,eiravatidugar@okicici,365.38,referral_bonus_payout,2026-03-28T22:31:41.729069,upi
pay_dbf860f6682744,u_a9da214ae6,okakar@okicici,363.37,referral_bonus_payout,2026-03-22T04:52:26.062118,upi
pay_7963183e0b8c46,u_ccd54b23c3,oviya33@paytm,295.28,referral_bonus_payout,2026-03-21T14:49:45.171871,upi
pay_14538c3d544d4a,u_36324a5903,card_9ac6b913ab0848,279.04,referral_bonus_payout,2026-06-21T05:27:04,card
pay_52311e2503674f,u_fd933a1d68,card_f195e06c07804a,188.58,referral_bonus_payout,2026-06-25T14:17:47.573504,card
pay_da8de3d68b6c47,u_89582a4da6,card_f0c43143246042,304.51,referral_bonus_payout,2026-06-28T06:04:49.071246,card
pay_e5ce706425fc42,u_09bd3a0647,tristan60@okicici,91.92,referral_bonus_payout,2026-06-28T20:07:15.024326,upi
pay_2fdb1306c2134b,u_0cd50c5f39,card_7a1abc189d9e4f,63.99,referral_bonus_payout,2026-06-22T12:12:53.569709,card
pay_1cb99997321748,u_c27c7c9f09,svenkatesh@ybl,196.73,referral_bonus_payout,2026-05-28T15:16:47,upi
pay_d63bb8d073a243,u_f3b46dd922,samartak@okhdfcbank,393.84,referral_bonus_payout,2026-06-05T03:02:43.963726,upi
pay_d6cd504c471542,u_6871f4430d,svenkatesh@ybl,398.96,referral_bonus_payout,2026-06-05T08:18:00.999919,upi
pay_9aa70c5e55464d,u_71bd405748,card_58cafd153a9a42,401.45,referral_bonus_payout,2026-05-30T02:54:22,card
pay_5b945348b52649,u_5e1d6f6f9a,card_f722f0bec26c4e,180.32,referral_bonus_payout,2026-06-17T11:48:57.906755,card
pay_82666aa182c14e,u_4d4698b57b,card_58cafd153a9a42,81.82,referral_bonus_payout,2026-06-09T23:45:20.849359,card
pay_58afd63c271941,u_625182c96e,krajagopalan@ybl,121.9,referral_bonus_payout,2026-06-17T18:54:17.886049,upi
pay_db2967d0c45f4d,u_dc16f07653,card_bd46b199ab914e,160.7,referral_bonus_payout,2026-06-13T08:19:33.032170,card
pay_9d766eaa75694d,u_aec17efbe0,card_55ab97c3492548,407.93,referral_bonus_payout,2026-05-04T18:06:01,card
pay_d0566e9ce9494d,u_a67aa78d51,card_55ab97c3492548,182.27,referral_bonus_payout,2026-05-04T22:29:47.148154,card
pay_85e5890e4e994d,u_a0c2af1277,kalpitapte@okhdfcbank,487.22,referral_bonus_payout,2026-05-05T09:27:27.265271,upi
pay_c0c80e39f3154e,u_8c8a06c74c,emurty@okicici,229.27,referral_bonus_payout,2026-05-05T13:51:07.849649,upi
pay_a12abf0e1bfb44,u_7c6d604e14,card_44269bc5aab949,204.15,referral_bonus_payout,2026-05-05T03:55:25.105495,card
pay_7b9c262806bd44,u_9974fffe2d,riasharma@paytm,322.3,referral_bonus_payout,2026-05-05T09:44:38.641578,upi
pay_90f4f1820efa45,u_5a143f85b6,card_de836c110d6549,435.27,referral_bonus_payout,2026-07-13T13:56:31,card
pay_0aa519a173164b,u_e631c27277,urvashikothari@ybl,481.36,referral_bonus_payout,2026-07-16T07:04:13.420922,upi
pay_716aac78a1ad47,u_18f8743343,aadhyaoza@paytm,307.53,referral_bonus_payout,2026-07-27T13:08:07.152669,upi
pay_5a3d8723e9bb48,u_4b5662281b,card_de836c110d6549,290.58,referral_bonus_payout,2026-07-16T22:20:06.778478,card
pay_d50e379fda1f41,u_3d088792c6,card_38b6f9e7d1a440,288.91,referral_bonus_payout,2026-07-20T16:01:47.506211,card
pay_ec5ff964784046,u_6b0ccfcd70,deyzayan@paytm,435.86,referral_bonus_payout,2026-07-24T13:22:18.006239,upi
pay_51a58e2f91bc4f,u_ff6ef9b043,lataraksha@okicici,240.38,referral_bonus_payout,2026-05-13T18:57:52,upi
pay_5f4bd86c2b564b,u_606226b419,card_ac430effb6a643,336.75,referral_bonus_payout,2026-05-20T14:54:29.025587,card
pay_9fb41fac51c646,u_938b4098dd,victorbalakrishnan@ybl,228.19,referral_bonus_payout,2026-05-29T18:46:46.125753,upi
pay_755f303a08b94a,u_d97d91af28,card_a9d353a6f19349,133.52,referral_bonus_payout,2026-05-28T23:31:46.521593,card
pay_6ce5e4162e1a47,u_a9f9620b83,card_6c2719b3d7274a,302.3,referral_bonus_payout,2026-03-26T21:23:35,card
pay_f329e148cee44d,u_d7347fd94f,card_2760d92682f34e,496.21,referral_bonus_payout,2026-03-30T10:56:32.721311,card
pay_f9e7cb793e7f48,u_c09d17c23b,card_6c2719b3d7274a,107.08,referral_bonus_payout,2026-03-30T14:41:10.342859,card
pay_0ee5066a91b24c,u_1821dc98df,tejastripathi@okicici,119.63,referral_bonus_payout,2026-03-25T03:56:34,upi
pay_72b56c8ea1e64d,u_ff8d9208e7,fsachdev@paytm,51.09,referral_bonus_payout,2026-03-25T14:49:26.234639,upi
pay_9175d4f13e2b49,u_58e1ae5955,indrajit10@okicici,442.58,referral_bonus_payout,2026-03-25T18:40:15.691577,upi
pay_e31d93b7f9e64f,u_ca94847967,ayush70@paytm,468.11,referral_bonus_payout,2026-03-26T01:10:48.989381,upi
pay_111f75c292ae44,u_1ee670b683,card_a5f07d8e5f3948,295.72,referral_bonus_payout,2026-03-25T06:25:25.327400,card
pay_115b913e32e143,u_902f48061e,card_bb1f515e614448,193.4,referral_bonus_payout,2026-03-26T00:39:11.846768,card
pay_f203eadd9e434a,u_6db07c9c99,card_d1d3d537b5bb4d,419.26,referral_bonus_payout,2026-04-09T04:07:01,card
pay_637d0f45123a4e,u_34c8d30ac4,card_231688c20cd944,408.79,referral_bonus_payout,2026-04-19T01:10:21.520691,card
pay_dd84422efc1b4b,u_da266f4899,obali@ybl,488.16,referral_bonus_payout,2026-05-30T03:56:37,upi
pay_cc79aafc6e8245,u_628011d4b2,card_1e15405e181543,50.49,referral_bonus_payout,2026-05-30T09:31:07.149726,card
pay_ab0674b1cd964a,u_c41eaa3227,card_bcf3d907e28742,428.69,referral_bonus_payout,2026-05-31T06:08:04.213408,card
pay_98572dbc757b49,u_43384edad1,card_9beb62367c3341,454.71,referral_bonus_payout,2026-05-30T11:56:38.012400,card
pay_3327755ce07d47,u_69dd98a021,pranitpalan@okicici,222.78,referral_bonus_payout,2026-04-26T19:58:52,upi
pay_33b2edbb0a3a47,u_5c728288c8,nsinghal@okhdfcbank,310.67,referral_bonus_payout,2026-04-27T17:30:59.366256,upi
pay_1192d8408b4c48,u_bc81617c6f,joshuamorar@paytm,317.01,referral_bonus_payout,2026-04-27T07:35:55.094259,upi
pay_f0efd5073d5646,u_922f332ddb,card_1e22755c459145,249.48,referral_bonus_payout,2026-04-27T20:27:05.660306,card
pay_107cd6e8d3b54e,u_d5ec846b12,card_3822fb3f46324f,413.79,referral_bonus_payout,2026-04-27T10:47:49.203305,card
pay_3fce974261924d,u_aa91a759a9,bhanumatimaster@okhdfcbank,395.43,referral_bonus_payout,2026-07-06T19:36:06,upi
pay_f9a5745930ec44,u_9974a1627e,card_761db41312f042,411.93,referral_bonus_payout,2026-07-07T09:47:56.525666,card
pay_ba3b7ff5c8b44b,u_f2658d8c09,card_a2e8e6b786884f,240.47,referral_bonus_payout,2026-06-20T14:04:14,card
pay_3191943abe0d47,u_cbcf4c86e7,ayushkapoor@ybl,320.64,referral_bonus_payout,2026-06-21T04:04:06.090852,upi
pay_b2c65672f16f46,u_e6fec05a8c,card_a2e8e6b786884f,301.64,referral_bonus_payout,2026-06-21T14:33:33.246684,card
pay_c9531810afab42,u_a09927b592,card_bfe1d9b3b2ff45,201.5,referral_bonus_payout,2026-06-20T17:35:50.482242,card
pay_6ec70b7d87ef4f,u_ef2c6aa0f6,card_eed14eac99064e,106.42,referral_bonus_payout,2026-06-21T03:20:07.320331,card
pay_662b9551337443,u_49e74e88a3,card_493cda01da5949,450.81,referral_bonus_payout,2026-07-02T05:33:15,card
pay_ca1e68f7d1084e,u_39c841ea00,card_6ee187b5993b48,256.06,referral_bonus_payout,2026-07-07T22:34:21.423639,card
pay_e909b5c490df4c,u_359f1c343e,anshwable@paytm,459.77,referral_bonus_payout,2026-07-08T04:19:33.690870,upi
pay_8855fe25cf044b,u_9b53a85723,fariq85@okicici,241.22,referral_bonus_payout,2026-07-05T16:54:14.816393,upi
pay_43449db5cb6b4d,u_c71e8390e7,card_493cda01da5949,152.98,referral_bonus_payout,2026-07-11T12:15:50.108299,card
pay_a423d5f4a37145,u_43f7a13894,mchoudhry@okicici,233.99,referral_bonus_payout,2026-03-27T20:29:04,upi
pay_98f7a507f3b84d,u_acb0be70d6,choudhurydivya@okhdfcbank,441.08,referral_bonus_payout,2026-03-31T08:58:22.976050,upi
pay_c4b1b62444f84f,u_7520175f4e,card_70a668144bee46,121.25,referral_bonus_payout,2026-04-03T21:25:25,card
pay_5cefe2ba213e4c,u_44a31ea2cb,card_53e67da3a1da45,378.36,referral_bonus_payout,2026-04-12T02:34:06.697276,card
pay_1fb51a7c9d1a48,u_3178b616af,card_997c76d078ea40,129.9,referral_bonus_payout,2026-04-07T07:04:43.108750,card
pay_5f917c64777c47,u_ce0f7da36e,devansh89@okicici,368.18,referral_bonus_payout,2026-07-02T02:01:37,upi
pay_bfbf1d84783545,u_e4d09068fc,card_a35c5f37b1964b,145.63,referral_bonus_payout,2026-07-16T18:35:28.795440,card
pay_cfb54aa3308841,u_3132919c3f,card_7aca8ef028eb43,220.79,referral_bonus_payout,2026-07-13T09:55:23.956490,card
pay_f7943e4b2fc14b,u_41da9f0296,hgoel@okhdfcbank,99.43,referral_bonus_payout,2026-07-16T14:42:34.815654,upi
pay_b5b41c2ca31f4e,u_8d2e0a6900,card_7910f920832344,149.3,referral_bonus_payout,2026-07-14T06:21:23.901263,card
pay_60984d9fdaf64a,u_c01865ea27,sudiksha96@okicici,173.13,referral_bonus_payout,2026-04-22T20:20:52,upi
pay_b81ef65e0ad540,u_116cecb574,card_321fffd351b04f,497.29,referral_bonus_payout,2026-04-23T01:28:07.200289,card
pay_c9762bf3826543,u_752657e27a,ekaja73@okhdfcbank,404.24,referral_bonus_payout,2026-04-23T15:47:18.484753,upi
pay_c23846c9c4c54b,u_72501f535c,card_1d8487fd747a40,290.13,referral_bonus_payout,2026-06-10T03:25:31,card
pay_9ddcd6c77d1145,u_abb9a16f7d,card_1d8487fd747a40,245.0,referral_bonus_payout,2026-06-12T09:07:14.172839,card
pay_600f74c5653545,u_67ca3bd9fd,card_0188a7aaa81d40,259.95,referral_bonus_payout,2026-03-01T10:41:52,card
pay_00c88e5f9ed444,u_ebed1ff136,anirudh33@paytm,462.66,referral_bonus_payout,2026-03-06T13:49:31.015880,upi
pay_30db8f71d6234a,u_ebab33027c,card_4686b2f5777e49,215.13,referral_bonus_payout,2026-03-03T18:50:52.866208,card
pay_71a4fd1edd274c,u_aabc3fd2da,card_54c57de819fe4c,53.47,referral_bonus_payout,2026-03-09T02:05:03.721048,card
pay_fc897d9a91384e,u_adf964a2cb,agarwalreyansh@ybl,365.09,referral_bonus_payout,2026-04-02T00:53:24,upi
pay_aab73c1fb92b49,u_013a894f9d,agarwalreyansh@ybl,491.6,referral_bonus_payout,2026-04-02T12:19:48.744147,upi
pay_5a487a511c5548,u_1da9d68569,card_2dcd6e1581654b,249.87,referral_bonus_payout,2026-04-02T11:23:11.977258,card
pay_80f01f33d7bf47,u_667b738fa9,dmodi@paytm,411.22,referral_bonus_payout,2026-04-02T04:18:59.351168,upi
pay_14634bdae0844f,u_ae89d495f9,bmurthy@okhdfcbank,474.03,referral_bonus_payout,2026-04-02T00:20:05.276292,upi
pay_d6c086fb1b3747,u_c0d1e7de08,card_2e7b7a5c8bca4b,478.08,referral_bonus_payout,2026-07-13T00:23:19,card
pay_a34d5df1b0dc46,u_81fbdc13b1,card_2e7b7a5c8bca4b,471.93,referral_bonus_payout,2026-07-23T22:05:45.818211,card
pay_8bf3074ab91e49,u_bcd16717f1,xmuni@okicici,155.45,referral_bonus_payout,2026-07-16T22:03:04.020615,upi
pay_8bd5ba55468e4f,u_ac6e4598d0,card_2e7b7a5c8bca4b,76.94,referral_bonus_payout,2026-07-14T18:37:16.540181,card
pay_2d8661dc74d049,u_b5187152a3,card_43bceacaae4449,357.78,referral_bonus_payout,2026-07-20T01:42:33.056547,card
pay_5bb0111389d042,u_9feba31740,cchauhan@okicici,292.04,referral_bonus_payout,2026-03-06T15:49:03,upi
pay_4913eb84eacc47,u_8df7ee5693,cchauhan@okicici,350.28,referral_bonus_payout,2026-03-10T15:50:10.637920,upi
pay_d6d8045515fc44,u_afcc27f01b,mandalleena@okicici,192.17,referral_bonus_payout,2026-03-09T18:32:19.200077,upi
pay_a467be2fe06e43,u_5821a437ce,deshmukhmohammed@ybl,280.09,referral_bonus_payout,2026-04-30T23:43:03,upi
pay_0c616177f5d540,u_64f40f10ce,kritikasawhney@paytm,470.71,referral_bonus_payout,2026-05-02T14:14:14.420854,upi
pay_63580fac70614d,u_e8bad54923,card_45819cf9e20b43,356.29,referral_bonus_payout,2026-05-02T16:40:50.303987,card
pay_aca8c9e5127341,u_bf67e72068,deshmukhmohammed@ybl,421.45,referral_bonus_payout,2026-05-03T01:33:21.333446,upi
pay_9b7a3b15255046,u_4abaf439f4,card_d53768f3992d42,388.73,referral_bonus_payout,2026-04-22T03:44:10,card
pay_dddbd7c84d7745,u_525ea18ffd,narayanyashoda@okhdfcbank,404.19,referral_bonus_payout,2026-04-24T03:42:44.855122,upi
pay_e40e5186693445,u_95a6915ef6,card_d53768f3992d42,214.62,referral_bonus_payout,2026-04-23T01:25:42.329107,card
pay_62facef008fa4e,u_811b67f9b1,card_2f6862d3322a48,457.44,referral_bonus_payout,2026-04-24T09:05:20.085183,card
pay_b58824d113404a,u_20e78c3ce6,card_0cf05a25ec504b,407.01,referral_bonus_payout,2026-04-23T14:17:43.813533,card
pay_8c36c9587e9245,u_28b0fa5c4e,card_d53768f3992d42,53.88,referral_bonus_payout,2026-04-23T01:43:48.007850,card
pay_5f8f8a34288340,u_a785aca43c,card_8544ffd3b7a047,346.39,referral_bonus_payout,2026-04-27T08:43:49,card
pay_6fa2ba22d2dd40,u_994849316e,card_5f16efb9a45e40,212.83,referral_bonus_payout,2026-05-12T15:26:37.124473,card
pay_08e9a09fe27e4c,u_bd41b9cfa9,card_20649d99d1c74f,452.49,referral_bonus_payout,2026-05-07T15:15:58.197509,card
pay_5cdf8772e2514b,u_4cacec8825,balaosha@okicici,274.13,referral_bonus_payout,2026-05-09T01:08:53.995512,upi
pay_73bc12c7642342,u_8363e6233f,merchantaarav@okhdfcbank,315.15,referral_bonus_payout,2026-05-16T00:02:54,upi
pay_dc43a516844e43,u_9b89bbb6e5,card_a55ec2c4c1ff47,237.72,referral_bonus_payout,2026-05-27T22:06:15.971879,card
pay_043602c3d91841,u_ed22e75d85,card_ce3df0d32bf640,492.86,referral_bonus_payout,2026-05-20T02:28:36.036316,card
pay_8cd6fa0760214f,u_00f51e6caa,card_32f261be21594a,286.68,referral_bonus_payout,2026-06-14T09:45:54,card
pay_53cffe83a61145,u_672f9b5435,oeshibrar@paytm,488.54,referral_bonus_payout,2026-06-18T06:20:04.958435,upi
pay_17af26a8e2a54f,u_b83b06ea04,card_8f6fd88746444b,398.27,referral_bonus_payout,2026-06-18T20:45:47.843952,card
pay_6e3f954090cb49,u_ca0168286e,hritik49@okicici,122.92,referral_bonus_payout,2026-04-03T05:53:23,upi
pay_ade3ec59363d4d,u_275f8fa61a,aahanajha@okicici,240.56,referral_bonus_payout,2026-04-09T13:39:33.818358,upi
pay_014c2e0ef94c41,u_eb72f35690,srivastavaaishani@ybl,355.23,referral_bonus_payout,2026-05-03T10:59:48,upi
pay_2a67c89dfcf047,u_35b3d0f31d,tatapatrick@paytm,139.38,referral_bonus_payout,2026-05-03T20:46:19.068399,upi
pay_2ba4c6bfff8b41,u_adf8c11418,qmisra@ybl,158.15,referral_bonus_payout,2026-05-20T21:31:18,upi
pay_84c254b992434d,u_d4c8335564,wgade@ybl,60.7,referral_bonus_payout,2026-05-25T04:24:20.360620,upi
pay_94ea2d8fa2534c,u_763c264aaf,dugardevansh@okhdfcbank,360.11,referral_bonus_payout,2026-05-24T18:10:18.275402,upi
pay_1eadc50022924c,u_55c60ba219,card_dddaae63165746,329.2,referral_bonus_payout,2026-05-24T21:48:27.584347,card
pay_64c0921635ad42,u_b29f103174,qvora@ybl,168.89,referral_bonus_payout,2026-05-22T03:24:20.456953,upi
pay_fde6a094506f41,u_9feb11e624,card_59c24980e9f84f,240.94,referral_bonus_payout,2026-05-12T18:44:16,card
pay_320faf7eb23246,u_4c8764bdf5,card_4ed639d4e4094b,417.16,referral_bonus_payout,2026-05-13T17:54:07.869938,card
pay_47669099e29e4a,u_a6fc583609,card_2629dfb2e7b24f,322.23,referral_bonus_payout,2026-05-22T07:00:48.276139,card
pay_f13efc44f41949,u_371d4c000b,card_59c24980e9f84f,87.52,referral_bonus_payout,2026-05-24T13:02:04.227122,card
pay_90108f065f124d,u_cdadf55414,card_8e3c3b23d72a43,249.19,referral_bonus_payout,2026-06-24T07:54:39,card
pay_7d9dc74a528041,u_87b04843cf,ybora@ybl,54.66,referral_bonus_payout,2026-06-24T23:02:00.213477,upi
pay_137ff76301f942,u_339fe97972,sarmavictor@ybl,80.96,referral_bonus_payout,2026-06-25T03:59:12.370339,upi
pay_f8e3968c643142,u_4d4738d40d,card_d645d9cac0064a,396.93,referral_bonus_payout,2026-03-20T04:19:47,card
pay_06a03ca2938046,u_0359580112,card_d645d9cac0064a,165.64,referral_bonus_payout,2026-03-25T05:29:00.988719,card
pay_9f3fb28165fb4b,u_ba758fa85e,chakradhar72@ybl,213.52,referral_bonus_payout,2026-03-21T22:14:00.407946,upi
pay_906a6a5159eb42,u_bbad258b43,farhan56@okicici,142.16,referral_bonus_payout,2026-03-14T08:55:10,upi
pay_4d670130d10a42,u_2783393dfc,card_6eef36dc1f7647,148.95,referral_bonus_payout,2026-03-22T23:10:59.440455,card
pay_4ca419969deb43,u_aca1a52d6f,card_51e4edbf5a1c4b,105.83,referral_bonus_payout,2026-03-30T18:25:59.161041,card
pay_e2cea93a3b1745,u_b524892b53,card_5bff4d52d77b44,295.83,referral_bonus_payout,2026-03-27T23:49:08.475172,card
pay_5e9f5d617f9f47,u_323a85e09a,card_392cea32fa754f,101.22,referral_bonus_payout,2026-04-11T00:38:20,card
pay_a8a52a1209d24e,u_1f9db540b9,raviladli@ybl,151.21,referral_bonus_payout,2026-04-15T23:22:01.568176,upi
pay_0c9c4b2cd60e46,u_cc0a7cde49,wyatt56@ybl,421.17,referral_bonus_payout,2026-03-24T15:15:51,upi
pay_2f6fc13f4f8446,u_0dbedc6c71,card_fce0431246914e,92.33,referral_bonus_payout,2026-03-25T13:36:30.793972,card
pay_3f9cc123426c4e,u_872d8416a2,gopalpatla@ybl,451.2,referral_bonus_payout,2026-03-25T15:57:31.484405,upi
pay_bbb125fdee014a,u_df902cc93d,wyatt56@ybl,53.63,referral_bonus_payout,2026-03-25T05:04:49.934556,upi
pay_b42715cbc7b446,u_79d2f8414b,card_fb1d15f0dfec49,92.0,referral_bonus_payout,2026-03-25T08:56:47.475274,card
pay_945e4aac092c41,u_dca9b9244f,card_1468f4bb12f94d,222.0,referral_bonus_payout,2026-06-21T05:53:33,card
pay_45e1dfa71a9740,u_1165619be1,oscar76@paytm,164.48,referral_bonus_payout,2026-06-30T15:29:17.115585,upi
pay_7d6c5dd8556445,u_027f130cf5,card_1468f4bb12f94d,203.01,referral_bonus_payout,2026-07-05T06:24:04.027860,card
pay_e18ec045d39546,u_8214a4df64,neelima88@ybl,195.22,referral_bonus_payout,2026-07-08T16:21:29.681076,upi
pay_f68b85cce55540,u_ce61ecfa04,maxray@paytm,245.14,referral_bonus_payout,2026-07-07T15:33:16.571280,upi
pay_d44a319b650a44,u_30b6aeed40,card_0175dd165a6e46,215.57,referral_bonus_payout,2026-06-26T18:25:43.685135,card
pay_2bd90c1ddaa247,u_b70597a6e5,card_a11c2b93cb2844,189.89,referral_bonus_payout,2026-03-04T07:00:33,card
pay_34b7f97d53d24c,u_2d3c65727d,dugarzaid@ybl,405.31,referral_bonus_payout,2026-03-05T05:58:09.991058,upi
pay_829363c5ebc14c,u_2c4a4f73eb,abhachadha@okicici,356.0,referral_bonus_payout,2026-03-04T11:47:15.381693,upi
pay_6201c8c2c9ac41,u_a2537b4b64,warda89@paytm,363.48,referral_bonus_payout,2026-03-05T03:48:17.161358,upi
pay_da38506940c143,u_dbd93bc9a0,card_5f182c503f574e,217.67,referral_bonus_payout,2026-03-07T07:10:49,card
pay_5259ae0dd2484b,u_1d8034938e,rudra90@okicici,439.21,referral_bonus_payout,2026-03-08T06:12:32.334708,upi
pay_f85ddd80566041,u_65f3b0f1b6,devkashyap@paytm,499.79,referral_bonus_payout,2026-03-08T06:30:41.399990,upi
pay_b129b5d6944945,u_bb2e2da419,vrishti54@ybl,84.43,referral_bonus_payout,2026-03-08T02:26:53.747817,upi
pay_6ca7ac9476f84c,u_dad90ed576,card_5f182c503f574e,366.97,referral_bonus_payout,2026-03-08T00:24:27.058457,card
pay_5067ba17ac444c,u_fe82677c30,gdhillon@paytm,440.18,referral_bonus_payout,2026-03-07T14:15:39.330382,upi
pay_53c1dbeafbbf48,u_37d6307e50,card_a09e3949dda04d,93.7,referral_bonus_payout,2026-05-07T00:46:14,card
pay_59254ea4389845,u_ae83e5115e,edhitha74@paytm,107.21,referral_bonus_payout,2026-05-17T01:03:55.594601,upi
pay_9164587de5c546,u_6413d312ab,psankaran@ybl,74.29,referral_bonus_payout,2026-03-18T02:47:26,upi
pay_d2ff5e8e18d942,u_313ec56b2b,matthewdave@okicici,494.58,referral_bonus_payout,2026-04-01T10:10:15.972722,upi
pay_a2418abd11ad41,u_2b81124a2e,card_f12ca424f9c045,420.9,referral_bonus_payout,2026-03-30T02:06:33.482936,card
pay_a68309be2e344e,u_38dcf3ed19,nchawla@paytm,332.28,referral_bonus_payout,2026-03-26T16:08:19.821876,upi
pay_eda92a55f87f42,u_39a3e0585d,balasubramaniandevansh@okhdfcbank,133.82,referral_bonus_payout,2026-06-17T02:49:59,upi
pay_9c07ed29ea094b,u_4861c58020,mugdha03@ybl,479.58,referral_bonus_payout,2026-06-27T07:31:14.143471,upi
pay_7ec84df886fb48,u_907e02a620,card_d3327ceaffbb4c,175.75,referral_bonus_payout,2026-06-27T02:50:57.854088,card
pay_af0c4700972f4a,u_e9925584c3,balasubramaniandevansh@okhdfcbank,337.82,referral_bonus_payout,2026-07-05T08:59:10.046540,upi
pay_b46246c96bd545,u_681949cb59,rajpeter@ybl,263.72,referral_bonus_payout,2026-06-16T03:07:27,upi
pay_7e8257c0ce3f42,u_4c2fc60a95,goyalforum@ybl,358.62,referral_bonus_payout,2026-06-24T00:30:12.776576,upi
pay_11535d51de7e4e,u_32145389f6,rajpeter@ybl,426.71,referral_bonus_payout,2026-07-07T15:55:34.461229,upi
pay_3eaabd91b5c54a,u_6f5a1eb1ea,isaac58@okicici,348.27,referral_bonus_payout,2026-06-27T22:37:58.794344,upi
pay_3fcc076b7c114b,u_d7f39cbd68,vrindakade@paytm,268.69,referral_bonus_payout,2026-05-25T04:42:50,upi
pay_eeb94d101b3944,u_95ee6edbb7,pratyushkari@okicici,199.74,referral_bonus_payout,2026-05-25T09:49:46.523797,upi
pay_dd22475f198045,u_e7ded94b9b,card_25f86019590b4f,254.29,referral_bonus_payout,2026-05-26T01:59:05.429741,card
pay_c9d14b7ad0bb40,u_731b3bf169,sanayabhat@paytm,399.54,referral_bonus_payout,2026-05-26T03:13:11.037325,upi
pay_8c3d532e8ce349,u_df5fda658a,dashyasti@ybl,188.07,referral_bonus_payout,2026-05-12T18:39:08,upi
pay_fd7739d3192e41,u_811428f414,wkala@paytm,436.92,referral_bonus_payout,2026-05-13T08:33:26.487575,upi
pay_24237150caa746,u_c91f623d92,card_eda66791c32a40,485.03,referral_bonus_payout,2026-06-29T07:39:35,card
pay_168e2a4d923646,u_5e230ebc2f,card_dcfb41080bd848,207.18,referral_bonus_payout,2026-07-05T16:55:14.458615,card
pay_043b3dd69f2541,u_6dbaca986f,card_c22c0a63369e42,465.51,referral_bonus_payout,2026-07-04T05:44:45.028203,card
pay_5c23e2ef647147,u_e74c35eea0,card_eda66791c32a40,146.48,referral_bonus_payout,2026-07-06T08:11:19.227408,card
pay_8e8953aa65f84b,u_0f03f903ae,baghyawatirandhawa@paytm,419.08,referral_bonus_payout,2026-04-14T01:02:59,upi
pay_9e3d7669af7c4d,u_1f98768d9b,card_04e7076b1c154f,156.78,referral_bonus_payout,2026-04-30T03:16:16.086030,card
pay_0f6badb494e448,u_e56ea1330a,card_65e48368c31840,195.02,referral_bonus_payout,2026-04-22T20:45:01.347609,card
pay_8c193e312cf241,u_95d8a986dc,chandani89@paytm,172.78,referral_bonus_payout,2026-04-24T13:14:25.134374,upi
pay_0a567fc2e7cf4a,u_9f6e69e345,dararanveer@paytm,484.87,referral_bonus_payout,2026-03-19T23:35:33,upi
pay_f839534662474c,u_e5c3b80356,balkavya@ybl,267.31,referral_bonus_payout,2026-03-20T09:23:40.325277,upi
pay_a3bead62c39340,u_1e12f9c70b,parsajyoti@okicici,347.9,referral_bonus_payout,2026-06-19T12:55:41,upi
pay_9b49d2dfb36547,u_12f065eb28,card_998b5a08754642,127.34,referral_bonus_payout,2026-06-20T12:18:56.226054,card
pay_763ff6dc0e4c4a,u_5385f5e799,card_df6c5b4b23de43,295.36,referral_bonus_payout,2026-06-20T01:18:38.482710,card
pay_8f233dabbdf441,u_a8a41da090,card_fb1d86b1ae184d,164.17,referral_bonus_payout,2026-06-19T14:50:04.353640,card
pay_fd38709b7f8640,u_3c575cb7e5,baghyawati18@paytm,439.55,referral_bonus_payout,2026-05-27T02:06:50,upi
pay_f0157f2a94334e,u_cb12c2b51f,baghyawati18@paytm,180.28,referral_bonus_payout,2026-06-03T09:59:27.337384,upi
pay_a8d8e18fc5a645,u_308fdff461,card_891f65272ff649,401.8,referral_bonus_payout,2026-06-01T23:17:54.993061,card
pay_9c0b923159464d,u_5c9b834aa6,saumyasoman@paytm,445.7,referral_bonus_payout,2026-06-03T22:16:49.741183,upi
pay_acb470083d5c4d,u_2d5d94f7d7,card_32ad625ddaee49,123.78,referral_bonus_payout,2026-04-03T12:16:05,card
pay_52afc57cf33b46,u_0090012179,harish57@okicici,64.85,referral_bonus_payout,2026-04-03T19:24:35.894444,upi
pay_f81cee3196344f,u_fbca77985a,card_cc8569e0e42c43,483.39,referral_bonus_payout,2026-04-04T08:37:49.071035,card
pay_b0f7261739b647,u_669134fceb,card_a4e01426ccad4a,266.24,referral_bonus_payout,2026-04-03T16:42:37.508731,card
pay_8b3da32a07b94e,u_dbba56db14,zbala@okicici,408.74,referral_bonus_payout,2026-04-04T09:58:05.021996,upi
pay_cd65874110d64e,u_6d92d2d5fd,card_db50bf8509174a,212.38,referral_bonus_payout,2026-04-04T09:39:44.781974,card
pay_1a6f287363be42,u_ce12346704,krisha25@ybl,58.06,referral_bonus_payout,2026-04-22T06:38:40,upi
pay_ee6d137ca2af42,u_437668f596,gtara@okicici,359.96,referral_bonus_payout,2026-04-27T08:43:16.084849,upi
pay_1fe9ca16d6e444,u_2ee91e6940,card_5493fc2ed2d644,83.96,referral_bonus_payout,2026-04-20T10:21:49,card
pay_35695548b22149,u_83ba64e9e4,menonmason@okhdfcbank,461.63,referral_bonus_payout,2026-04-20T16:07:14.245801,upi
pay_8554a7f3ba3c4a,u_370d387df7,card_5fc8b5f11f804e,343.91,referral_bonus_payout,2026-05-07T04:41:14,card
pay_0513aa3a27a347,u_0f0e032467,card_11e1f2dc88ae49,209.45,referral_bonus_payout,2026-05-13T09:05:51.493360,card
pay_b32e7d475c0b49,u_9ae3be2da8,card_f2eb50cc16d940,132.96,referral_bonus_payout,2026-05-21T07:04:11.882011,card
pay_bf011a15f11b41,u_fbf9a6852f,card_056f4c4763a648,198.48,referral_bonus_payout,2026-03-03T11:43:39,card
pay_4006bdeda50443,u_f5b3a1a4a3,card_dc314a85082448,114.62,referral_bonus_payout,2026-03-09T23:56:03.357392,card
pay_d3540799ce4a4c,u_d808a5400d,card_160b1a4ecdd243,422.26,referral_bonus_payout,2026-03-10T16:58:33.211358,card
pay_1e3d6c4bfd5445,u_3333d3978e,obhatia@ybl,317.18,referral_bonus_payout,2026-03-11T12:11:57.835841,upi
pay_39bbdb4753cc49,u_c42a9d74d2,upma02@okhdfcbank,273.75,referral_bonus_payout,2026-04-30T05:55:09,upi
pay_3cfca6212d5a4c,u_431b69a32c,wgade@paytm,358.63,referral_bonus_payout,2026-05-07T21:01:09.299413,upi
pay_a88b395f93024c,u_b615d0ddfd,dattaanthony@paytm,122.14,referral_bonus_payout,2026-05-22T03:42:27.308512,upi
pay_8569e0f4e2204e,u_a781b6dd31,kapadiaqushi@okhdfcbank,201.93,referral_bonus_payout,2026-03-07T21:53:47,upi
pay_b633a18303e94b,u_b6a5309d18,card_257584b128154e,64.57,referral_bonus_payout,2026-03-08T06:16:46.765090,card
pay_722bca380ef544,u_aef991a1a7,card_41afe17a7b4349,313.77,referral_bonus_payout,2026-03-08T10:14:26.098138,card
pay_d667fc3c03dc4a,u_bbf808fba1,braghavan@okicici,397.6,referral_bonus_payout,2026-03-08T07:06:58.398360,upi
pay_459ffcb3dfd74c,u_42f4261779,dalbirvora@okicici,273.44,referral_bonus_payout,2026-03-08T17:16:42.779910,upi
pay_d476d5ed1f504c,u_946861e82c,card_39a8061417884d,278.08,referral_bonus_payout,2026-06-09T17:59:02,card
pay_932f8e1b939140,u_a9cc1cc4fd,kdesai@ybl,312.67,referral_bonus_payout,2026-06-10T14:38:19.546650,upi
pay_55d9cdbb6c6e42,u_82239d7616,samipahal@okicici,294.9,referral_bonus_payout,2026-03-31T04:58:00,upi
pay_3f2ab7f2a1364f,u_fb4e75f1fd,card_d5f54e0cbbd54d,485.97,referral_bonus_payout,2026-04-13T07:46:29.967267,card
pay_909fa1969fdc47,u_8e96a58cff,samipahal@okicici,276.5,referral_bonus_payout,2026-04-09T18:30:58.166115,upi
pay_3df79d1b333647,u_174c34363e,cdeshmukh@ybl,254.75,referral_bonus_payout,2026-04-06T02:57:28.611142,upi
pay_cb4f530f4f4e40,u_b4d46e900f,card_c6c1a616e2c246,226.93,referral_bonus_payout,2026-06-11T00:44:07,card
pay_e0c9c548389142,u_da5ed15780,card_c6c1a616e2c246,270.01,referral_bonus_payout,2026-06-11T17:31:37.333108,card
pay_a2acef74c67049,u_609cffa16c,jasmitagrawal@paytm,149.87,referral_bonus_payout,2026-06-11T21:45:47.243506,upi
pay_955bc1d01c5b42,u_bbdb4710f7,card_c6c1a616e2c246,73.43,referral_bonus_payout,2026-06-11T03:18:26.522800,card
pay_e4c1eb06174944,u_9229c722f1,manbirshanker@paytm,218.31,referral_bonus_payout,2026-06-11T13:56:52.096634,upi
pay_88042c5cbe714b,u_97695e8d7f,card_305e3850071347,190.0,referral_bonus_payout,2026-06-11T16:04:12.688440,card
pay_60d7d96627a047,u_43c6855603,adwetaramaswamy@paytm,119.65,referral_bonus_payout,2026-05-28T15:38:04,upi
pay_871f0b87354844,u_c3b5103fc5,agarwalhema@okhdfcbank,489.73,referral_bonus_payout,2026-05-29T09:20:59.460342,upi
pay_1c8550c4c4804b,u_8b06c87a96,card_935e710f6eb140,485.57,referral_bonus_payout,2026-05-31T22:42:27.964666,card
pay_3e8dd5f2d89c41,u_7b5653c483,dshah@paytm,148.12,referral_bonus_payout,2026-05-31T06:09:51.887479,upi
pay_5a1d37c9bb7449,u_0d0b5f0473,adua@ybl,112.33,referral_bonus_payout,2026-05-29T18:00:26.698284,upi
pay_c7cec2997c474e,u_80d8544cc0,chaudhurioni@okicici,460.88,referral_bonus_payout,2026-05-31T16:30:22.147069,upi
pay_7efea4e5526f44,u_71c8f3baca,card_5ce908743bda41,449.63,referral_bonus_payout,2026-06-12T15:17:14,card
pay_221ed7c095524f,u_9dde17efae,card_5ce908743bda41,322.25,referral_bonus_payout,2026-07-02T01:46:45.713126,card
pay_fcc53e8f06a148,u_3dac22f60c,mnadig@ybl,482.75,referral_bonus_payout,2026-07-03T22:05:54.968948,upi
pay_ae717b7335444e,u_d2d528299d,card_5ce908743bda41,69.33,referral_bonus_payout,2026-07-01T15:26:06.257708,card
pay_0de694f2568442,u_d2699d6fda,saxenadaniel@okicici,196.81,referral_bonus_payout,2026-07-09T18:28:18,upi
pay_f73d86be1a7841,u_651e5dc84b,saxenadaniel@okicici,51.27,referral_bonus_payout,2026-07-10T18:25:02.587418,upi
pay_8f38029f16154d,u_d42924b903,abajaj@okhdfcbank,164.41,referral_bonus_payout,2026-07-10T13:43:32.964507,upi
pay_601970dcd8924a,u_40272c9ce7,purohitisaac@okhdfcbank,92.74,referral_bonus_payout,2026-07-10T05:12:00.842096,upi
pay_e2a4a836d9544d,u_899d8c1e6c,csingh@paytm,137.81,referral_bonus_payout,2026-07-10T02:01:19.161569,upi
pay_9763e42c4f574d,u_c3d5883e11,saxenadaniel@okicici,492.85,referral_bonus_payout,2026-07-09T22:57:43.518320,upi
pay_25dee5de419b47,u_b32a22b707,jagat37@okicici,496.24,referral_bonus_payout,2026-06-24T04:48:18,upi
pay_e74923b701c848,u_97a3a73a1b,card_00c4b9d8bb8044,225.07,referral_bonus_payout,2026-06-29T03:25:04.127444,card
pay_0556bad5801048,u_372271746d,aadhyadugal@okicici,380.25,referral_bonus_payout,2026-06-29T06:09:11.811869,upi
pay_752073076cfa4b,u_b93ce52920,gchar@okhdfcbank,322.69,referral_bonus_payout,2026-06-25T05:30:54.509521,upi
pay_b1b0ce703d8a4d,u_7683ef5310,jagat37@okicici,112.21,referral_bonus_payout,2026-06-28T00:06:14.572434,upi
pay_3cd0ad1660d141,u_c38b5423fd,card_3bcfdb15c58740,485.86,referral_bonus_payout,2026-06-27T05:23:18.389525,card
pay_a661caa8b93447,u_d6702d5990,card_2c8246459d6246,318.68,referral_bonus_payout,2026-03-22T14:53:46,card
pay_8d2f82f4d5dc4d,u_0b18776a3f,prabhakarharshil@ybl,165.5,referral_bonus_payout,2026-03-23T22:38:06.968447,upi
pay_5cd2df48af834b,u_2d5311f5c6,card_b2a05d1d327e4a,477.0,referral_bonus_payout,2026-03-26T08:51:04.568115,card
pay_eaafd98e821146,u_a8104b8009,card_2c8246459d6246,163.78,referral_bonus_payout,2026-03-25T10:31:47.293825,card
pay_75b5fd1958824f,u_ff46463115,card_b7a0f817926649,150.95,referral_bonus_payout,2026-03-24T11:48:07.354094,card
pay_fe5f632dcc4d43,u_e538060cc7,labansahota@okhdfcbank,329.2,referral_bonus_payout,2026-07-05T17:18:14,upi
pay_478bfb85761740,u_89518242f8,faqidgoda@paytm,462.57,referral_bonus_payout,2026-07-06T06:03:01.591935,upi
pay_b9a98c14e1c645,u_ce2943099f,avnireddy@paytm,398.95,referral_bonus_payout,2026-07-06T05:18:33.708033,upi
pay_c74b2822c8e64f,u_addcfa77a1,card_77438f8c63e642,50.59,referral_bonus_payout,2026-03-29T11:29:03,card
pay_8dab4787e65f40,u_1cc43fe586,aaravvarkey@okicici,212.43,referral_bonus_payout,2026-04-01T00:13:03.557168,upi
pay_063985858a5149,u_830e77cd06,card_45edf69f2cd541,361.46,referral_bonus_payout,2026-03-30T10:13:01.787003,card
pay_40faa0b7b07d47,u_ab78f53856,yauvanimishra@okicici,468.63,referral_bonus_payout,2026-03-29T18:17:58.221873,upi
pay_00b03215fdac4c,u_7aba3b239f,henrydas@okicici,240.02,referral_bonus_payout,2026-03-30T04:20:27.697054,upi
pay_bf7b5a2dee7141,u_bdcb79c52e,card_77438f8c63e642,207.15,referral_bonus_payout,2026-03-31T17:03:30.842392,card
pay_d5c10f26c93e47,u_5f2eb5150b,zganesh@okhdfcbank,256.01,referral_bonus_payout,2026-05-13T03:50:41,upi
pay_f3b2118efb4d4c,u_31a441f3e6,card_fafc806bd64443,169.49,referral_bonus_payout,2026-05-17T11:55:00.280920,card
pay_f1491ed30b6c4e,u_5939e8f646,girik35@paytm,453.68,referral_bonus_payout,2026-03-12T01:57:29,upi
pay_981de6561c9f43,u_cd0a1f8980,card_30cb56f3831a4e,481.28,referral_bonus_payout,2026-03-12T09:04:58.818871,card
pay_a4b1b30e0c4546,u_90774223f2,prashadijaya@okhdfcbank,204.86,referral_bonus_payout,2026-05-23T11:53:13,upi
pay_34cea956203845,u_c84d72edad,qdutta@ybl,391.32,referral_bonus_payout,2026-06-11T05:49:31.614654,upi
pay_b9917db13c6240,u_e547d0ebf0,onori@paytm,254.16,referral_bonus_payout,2026-06-13T06:25:40.008063,upi
pay_de23d10d708449,u_7de4a79351,card_57edddbc4ca745,234.32,referral_bonus_payout,2026-07-08T23:08:15,card
pay_7adf4dc3f94e45,u_c4b19e696d,card_53df4a19286c44,158.57,referral_bonus_payout,2026-07-10T01:40:16.330931,card
pay_0a930a0dd7e546,u_8a0ed0f1bb,lgrewal@ybl,238.27,referral_bonus_payout,2026-07-09T23:48:53.699458,upi
pay_653dd1009ea247,u_f7c5ad8a75,card_5bb0905f955a45,237.29,referral_bonus_payout,2026-03-03T19:31:42,card
pay_a61c598047a742,u_c9d405aeed,card_8015265fa67943,127.11,referral_bonus_payout,2026-03-09T02:15:50.382742,card
pay_fe492f08293140,u_3a2b1ce3e8,lohit03@paytm,117.29,referral_bonus_payout,2026-03-11T01:07:57.431040,upi
pay_1997ea085cbe4a,u_873af3e073,card_e4abad9139f048,241.38,referral_bonus_payout,2026-04-13T02:19:44,card
pay_97b6f234256b44,u_f8b2d3787a,krishnagole@okhdfcbank,486.93,referral_bonus_payout,2026-04-25T08:04:44.799594,upi
pay_6f4abe3a6b0344,u_e5854d1377,card_e4abad9139f048,301.06,referral_bonus_payout,2026-04-23T14:57:14.717556,card
pay_7c40c1f34d0e42,u_fcfb8abbdd,chauhanurishilla@paytm,152.72,referral_bonus_payout,2026-04-18T11:07:13.746497,upi
pay_308477ac87c045,u_5cac4c000e,card_92a59b54189448,317.59,referral_bonus_payout,2026-04-22T20:01:33.454065,card
pay_5ce3707ba03d47,u_048250d793,card_e4abad9139f048,277.05,referral_bonus_payout,2026-04-17T03:56:37.661245,card
pay_864cadfef9194f,u_677e56145e,card_1e4153332a3f43,353.15,referral_bonus_payout,2026-06-15T18:34:54,card
pay_f44ccc6e477e44,u_29899bd043,adwetapurohit@ybl,61.44,referral_bonus_payout,2026-06-24T15:54:39.944098,upi
pay_b9cd1b4bdcbf40,u_680d6f8ccd,abeer30@okhdfcbank,330.92,referral_bonus_payout,2026-07-02T03:15:26.240317,upi
pay_6d4ce442300141,u_0dc00ff336,neelsura@okhdfcbank,324.62,referral_bonus_payout,2026-03-13T00:00:24,upi
pay_a6b3b5b6579d4d,u_106c7d883f,card_fe469745fde641,420.14,referral_bonus_payout,2026-03-14T08:32:10.442251,card
pay_69f061757fa54a,u_28a0f95f21,card_92b6a6d2c3d643,479.67,referral_bonus_payout,2026-03-14T03:35:24.237637,card
pay_612bb97f2d1945,u_9be53c84b3,bhattacharyyaati@okicici,242.38,referral_bonus_payout,2026-05-31T20:33:01,upi
pay_331783bbaf234e,u_bb341ca91a,card_c682333825cd45,436.68,referral_bonus_payout,2026-06-01T13:01:50.610727,card
pay_7c09b77fbbe344,u_b09ea01b3a,card_447491710b7341,401.77,referral_bonus_payout,2026-06-01T08:38:51.406717,card
pay_7bed457843db4a,u_cddac9f2e1,card_75f20123d36e47,396.48,referral_bonus_payout,2026-06-01T15:30:03.493097,card
pay_44c24e52a3374c,u_f7f3aa4e25,bhattacharyyaati@okicici,56.15,referral_bonus_payout,2026-06-01T11:09:15.885827,upi
pay_2d073ca3e7214f,u_0269bcd2a9,bishakhaagate@ybl,362.07,referral_bonus_payout,2026-06-01T04:39:57.083272,upi
pay_58e07c4ad60344,u_b0bbe54a1d,faggarwal@ybl,499.52,referral_bonus_payout,2026-05-03T03:54:52,upi
pay_cda375bba44b4b,u_73f01dfd8e,card_0c55612e5fcf40,235.04,referral_bonus_payout,2026-05-16T02:13:34.311538,card
pay_be90e165d3da4d,u_63168740f8,card_13918128eb9848,125.9,referral_bonus_payout,2026-05-20T20:16:25.305888,card
pay_68f5ca0a7e2745,u_96a3a4b373,ybadal@okhdfcbank,413.13,referral_bonus_payout,2026-04-17T23:30:53,upi
pay_3245c41bab2c48,u_714ab8b1d8,card_333fb4a221a042,433.05,referral_bonus_payout,2026-04-18T08:45:01.676040,card
pay_1ca6fd4627fa47,u_378f112c82,card_07bc65914f8041,377.05,referral_bonus_payout,2026-04-18T07:27:00.378497,card
pay_ea218f6416784f,u_8a9de9e9ba,nsrinivas@okhdfcbank,166.39,referral_bonus_payout,2026-04-18T22:24:01.609338,upi
pay_ee025be8c6ed4d,u_e71928de42,card_ee3d89e779494f,450.05,referral_bonus_payout,2026-04-18T06:25:51.148712,card
pay_874c9b34452d42,u_08de6bae6c,card_4b5deda3a34542,353.37,referral_bonus_payout,2026-07-07T15:43:26,card
pay_cccf27ca8e434a,u_cc87385937,card_6d66e8903d5743,353.53,referral_bonus_payout,2026-07-08T14:58:36.855994,card
pay_678c6082ed6648,u_0033993320,card_b598d0a2d55a43,410.11,referral_bonus_payout,2026-07-07T21:02:27.832744,card
pay_6239c0e066674c,u_7ce978708a,card_1f3961552dd541,377.18,referral_bonus_payout,2026-07-07T19:19:03.519963,card
pay_c37cedf4758f4e,u_5fcf1aacf9,aachaltripathi@ybl,429.61,referral_bonus_payout,2026-05-20T01:11:18,upi
pay_140323c7a35c4a,u_fa9ef41c2e,avarughese@okhdfcbank,429.25,referral_bonus_payout,2026-05-20T21:54:10.842145,upi
pay_09f28890e8ae4c,u_5c611223d7,qkorpal@okicici,428.29,referral_bonus_payout,2026-05-20T20:45:16.937465,upi
pay_aa435f5469154c,u_3a794cbe6e,tlad@ybl,203.14,referral_bonus_payout,2026-05-20T11:46:54.962568,upi
pay_f252451fee3b43,u_70b8763642,aachaltripathi@ybl,499.59,referral_bonus_payout,2026-05-20T23:43:36.139753,upi
pay_7d4fc110d6ce40,u_da76cba61c,aachal00@paytm,106.31,referral_bonus_payout,2026-03-29T12:02:54,upi
pay_74d58f65e5024f,u_c3128ba518,card_5555360d016a4b,291.83,referral_bonus_payout,2026-03-31T06:10:50.314419,card
pay_5034a0b44b5a47,u_f1fca7ff6e,card_5fdbc36f7fc242,338.77,referral_bonus_payout,2026-03-31T23:31:50.754363,card
pay_fe4c417b2cbd48,u_1978476340,rastogiaashi@ybl,114.84,referral_bonus_payout,2026-04-01T04:20:28.236220,upi
pay_dee77f626f1647,u_52636f0d99,dalbirhayre@okicici,321.14,referral_bonus_payout,2026-04-01T13:55:27.493274,upi
pay_b96b5df5e61548,u_ef02ee1700,pranavchana@paytm,354.62,referral_bonus_payout,2026-06-17T00:51:46,upi
pay_973d95ca19c644,u_bf64b497eb,card_1abbdebd977a45,107.5,referral_bonus_payout,2026-06-17T22:53:48.252396,card
pay_00ce22f09d8449,u_b61461b72f,karumang@paytm,184.03,referral_bonus_payout,2026-06-17T17:17:52.065724,upi
pay_3f981be085d449,u_c5d26a9d2a,yogiaayush@paytm,367.01,referral_bonus_payout,2026-04-13T00:04:09,upi
pay_5c77e5b5156c4e,u_d75f25a8cc,hansikshita@ybl,267.95,referral_bonus_payout,2026-04-17T18:54:08.728122,upi
pay_f47bd86eaf094d,u_757e00ac75,gvarty@paytm,465.06,referral_bonus_payout,2026-04-13T22:03:52.924983,upi
pay_c88927093f1c49,u_e11176b240,pvora@ybl,337.9,referral_bonus_payout,2026-04-23T04:54:10.353268,upi
pay_1e303ec915034d,u_b8c2f00253,yogiaayush@paytm,155.81,referral_bonus_payout,2026-04-21T00:13:49.220368,upi
pay_f1880ee681534c,u_6f2dd1775e,card_ab7de272d7c64e,430.29,referral_bonus_payout,2026-04-28T19:28:28,card
pay_4c84cb0ad2ea4d,u_1abbe42018,hansavi@paytm,53.5,referral_bonus_payout,2026-04-29T10:30:25.652148,upi
pay_26326448269048,u_19b81fb890,card_de604384783147,113.22,referral_bonus_payout,2026-07-15T08:21:56,card
pay_beb4a618e9524f,u_e10233e619,card_11763d0a3acf49,405.05,referral_bonus_payout,2026-07-17T18:16:49.799818,card
pay_cc2d920789eb4c,u_e61fbcd55a,card_de604384783147,299.47,referral_bonus_payout,2026-07-20T04:53:39.962053,card
pay_8a331546fc7f46,u_8800fac982,shenoyhemang@okicici,404.61,referral_bonus_payout,2026-07-18T13:05:21.749964,upi
pay_5d4317e468a245,u_908eb393e3,card_d2938631ea7546,173.34,referral_bonus_payout,2026-04-12T05:11:11,card
pay_4075f63e790e4a,u_bde24ee51f,nikita14@okhdfcbank,383.09,referral_bonus_payout,2026-04-12T19:55:52.294860,upi
pay_51410010794a4d,u_b71398ac23,akrishnan@okhdfcbank,346.07,referral_bonus_payout,2026-04-13T00:06:30.517551,upi
pay_d51e7b3a48144c,u_11086b6c64,aryaabhiram@okhdfcbank,412.89,referral_bonus_payout,2026-04-07T00:34:19,upi
pay_3dd4e48a11744d,u_0ed3f691ed,card_2ffeb27188864f,482.87,referral_bonus_payout,2026-04-14T06:27:42.422338,card
pay_5fe04b00457049,u_50ef03e45f,bhargavasanaya@okicici,473.55,referral_bonus_payout,2026-04-19T04:39:14.372945,upi
pay_fa8c514f6f2c40,u_f97d17252b,card_2dff6fe63be641,107.09,referral_bonus_payout,2026-05-20T08:11:23,card
pay_5cf3731718664c,u_6376aff685,dakshesh94@paytm,294.8,referral_bonus_payout,2026-05-21T10:29:21.368903,upi
pay_7e520813bbe847,u_6fc1c04b05,card_2dff6fe63be641,356.48,referral_bonus_payout,2026-05-22T13:14:37.851463,card
pay_b73bb44caea546,u_ed476fba48,card_2dff6fe63be641,201.38,referral_bonus_payout,2026-05-22T20:12:38.576376,card
pay_220239b822c849,u_1b02bdf35f,card_16a120c2ea8948,92.88,referral_bonus_payout,2026-05-22T13:55:13.539166,card
pay_04ff55ec764149,u_97047f653e,card_8259bd04223d41,440.27,referral_bonus_payout,2026-05-26T09:41:52.200454,card
pay_c9f262799c6a4f,u_6bacdde0f7,card_9a87379f9c1049,449.22,referral_bonus_payout,2026-03-19T18:40:59,card
pay_05b864f0aa554b,u_aa6c647133,rachitagrover@okhdfcbank,91.54,referral_bonus_payout,2026-04-03T23:11:13.279157,upi
pay_c4801ae04c0f49,u_353ec1e4fa,card_9a87379f9c1049,499.11,referral_bonus_payout,2026-03-29T02:33:11.565010,card
pay_91be35bdae4342,u_9f87466c96,wkala@paytm,449.35,referral_bonus_payout,2026-04-06T13:07:49.154529,upi
pay_eabed8d95b524c,u_6e8caee086,card_fe27d2b2e45f4d,433.93,referral_bonus_payout,2026-04-02T16:12:59.110024,card
pay_3e3fb7529b2d4f,u_0f4c62c6c7,card_3ce54cf01e9e49,55.84,referral_bonus_payout,2026-04-04T06:48:31.348835,card
pay_9df33ff5922a4e,u_05df301729,card_817bd5e25d0a45,163.0,referral_bonus_payout,2026-06-11T03:14:31,card
pay_3996fd02661f4c,u_6b0ed69fed,ikbal23@paytm,224.2,referral_bonus_payout,2026-06-11T19:46:30.273382,upi
pay_7e3c951d9c1b4e,u_e77b0c3c5f,harshil49@paytm,247.47,referral_bonus_payout,2026-05-24T00:20:22,upi
pay_1c1b48ea6a8c45,u_043494b3e6,zbarad@ybl,291.22,referral_bonus_payout,2026-06-06T11:13:56.069077,upi
pay_df55327aa05a4f,u_d83a8e4917,card_951b865446744d,172.19,referral_bonus_payout,2026-06-08T04:50:13.466433,card
pay_bef951a58db44f,u_46f3f129ad,card_5150a1681f2045,412.13,referral_bonus_payout,2026-05-01T04:00:12,card
pay_e780e0c364f644,u_649fe5b82c,atharv17@paytm,466.04,referral_bonus_payout,2026-05-06T14:07:58.064150,upi
pay_c08dede144354f,u_db6783debf,qabil04@ybl,402.15,referral_bonus_payout,2026-05-06T22:33:10.847108,upi
pay_0261b687c7e94f,u_94b99ff839,chandrandube@paytm,140.98,referral_bonus_payout,2026-05-02T04:10:29.280926,upi
pay_b70561d319f34f,u_bcc026f69a,dixitvihaan@okhdfcbank,350.91,referral_bonus_payout,2026-05-02T21:31:48.984235,upi
pay_43aeaa6c85284c,u_f73b29608c,card_d099bbe2ed2647,157.62,referral_bonus_payout,2026-05-05T15:55:23.327468,card
pay_71c079d4f4e44c,u_771e89fab7,dseshadri@paytm,462.5,referral_bonus_payout,2026-07-09T13:43:50,upi
pay_e71d379e1f8744,u_6b3718e256,deepanigam@ybl,449.94,referral_bonus_payout,2026-07-21T08:08:00.713519,upi
pay_85dfcef17dd848,u_b77ca8ee66,loyalharini@okhdfcbank,119.53,referral_bonus_payout,2026-07-31T19:22:28.899467,upi
pay_8e1e811d661344,u_5c35167f08,card_6d47fe6771b848,483.95,referral_bonus_payout,2026-07-29T18:10:50.983082,card
pay_ae0a29aeb6244b,u_bbd396cc2d,card_bde80c604d8f47,288.81,referral_bonus_payout,2026-07-29T02:00:03.754698,card
pay_9b8e1ca3ce1d43,u_59749a250c,nihal64@ybl,224.46,referral_bonus_payout,2026-07-24T01:24:28.128568,upi
pay_8d7125266be84c,u_d248554e3d,biswasbalhaar@ybl,426.36,referral_bonus_payout,2026-07-17T06:31:16,upi
pay_09884f7943c54f,u_ecf4577431,card_cf2fdee84a3144,119.69,referral_bonus_payout,2026-07-18T05:09:09.206658,card
pay_ef4e7508774349,u_30c03c7ddc,kbail@ybl,410.64,referral_bonus_payout,2026-04-16T18:58:18,upi
pay_c0f854ffadbf4e,u_79844853bf,qchar@paytm,302.22,referral_bonus_payout,2026-04-17T17:49:03.229175,upi
pay_ca72eca38d9f4e,u_05cfe2ce79,card_5fb0b6b1d16f4a,65.04,referral_bonus_payout,2026-04-17T16:08:34.525594,card
pay_3f20d04f44504a,u_c6eda774fb,kbail@ybl,71.82,referral_bonus_payout,2026-04-16T21:29:18.508676,upi
pay_6607b8555e6144,u_6ba591b7de,card_2e2914cb45694a,172.84,referral_bonus_payout,2026-05-20T02:09:25,card
pay_21a6143f993244,u_faccec5e68,card_8a18e242d5eb46,173.67,referral_bonus_payout,2026-05-20T07:35:15.364653,card
pay_fa4ebe1b567a4c,u_3a9a1ed647,card_28070999105e4b,249.63,referral_bonus_payout,2026-05-20T14:41:18.806468,card
pay_b7fe938e17244f,u_f3532ee132,xbail@paytm,283.71,referral_bonus_payout,2026-05-21T03:20:04.784692,upi
pay_10635cf2d21b4c,u_f099bf506d,card_3a85f89718f645,111.82,referral_bonus_payout,2026-05-20T22:40:43.192652,card
pay_9ed67fb2eefa43,u_47407c9eb9,card_9fe993d72e5346,169.47,referral_bonus_payout,2026-07-16T07:01:56,card
pay_fee687e121c644,u_a4cd1d1a2f,card_2c2bb2efc5854f,129.91,referral_bonus_payout,2026-07-20T03:34:20.272099,card
pay_966346a542ac41,u_43c76bdae9,card_ac332bb3a2184d,308.5,referral_bonus_payout,2026-07-28T10:26:08.006634,card
pay_2816e7d8c48f41,u_1b50083990,card_67d01c7eb4de40,329.2,referral_bonus_payout,2026-08-04T00:27:16.449604,card
pay_0c42f3311f694b,u_c774942eb7,jeremiahganguly@ybl,420.4,referral_bonus_payout,2026-07-19T03:32:12.249069,upi
pay_a49808f5f9914d,u_408a5d2e31,card_9543805fcbc140,130.83,referral_bonus_payout,2026-04-17T17:50:48,card
pay_09377148e2834c,u_6368bd84b0,udant79@paytm,452.41,referral_bonus_payout,2026-05-09T23:57:04.649262,upi
pay_763fca4b476d41,u_d9666c52ef,nadigekaraj@paytm,310.57,referral_bonus_payout,2026-04-21T17:18:02.443689,upi
pay_7bf3398864674d,u_51ec41f083,card_318ba8f7139147,152.24,referral_bonus_payout,2026-06-21T23:42:59,card
pay_ead4f46e82c04e,u_f0f818a6e3,card_318ba8f7139147,457.66,referral_bonus_payout,2026-07-07T08:38:43.527411,card
pay_1762ac0296504f,u_68b6edeb26,gverma@okicici,52.93,referral_bonus_payout,2026-05-15T23:56:35,upi
pay_5dc9fdf6b30f42,u_45e6b09fdf,vnatarajan@paytm,341.04,referral_bonus_payout,2026-05-16T21:24:44.632342,upi
pay_7494e32a0b3e43,u_5f1938131b,sarafudarsh@ybl,98.8,referral_bonus_payout,2026-05-16T22:15:37.316842,upi
pay_fa34f6b7860c48,u_832bade68b,card_4c3cb983203a49,215.87,referral_bonus_payout,2026-05-08T22:58:19,card
pay_1327fdd532cf43,u_2b760a393d,desaiudarsh@paytm,132.03,referral_bonus_payout,2026-05-09T07:59:56.027638,upi
pay_df52ec99d98b4c,u_db8423b7cd,card_16435d4633af4f,322.86,referral_bonus_payout,2026-05-18T14:26:28.655959,card
pay_b167713f6d9741,u_7f6ea34c28,advaybir@okicici,446.42,referral_bonus_payout,2026-05-19T12:47:17.494079,upi
pay_febfec83e5b54d,u_0d39b1c477,zachariasiya@okhdfcbank,215.78,referral_bonus_payout,2026-06-24T04:15:42,upi
pay_227f592fddee42,u_5d46fd9809,zachariasiya@okhdfcbank,260.14,referral_bonus_payout,2026-06-27T23:58:26.829665,upi
pay_d85ed7dcbe8b4f,u_0b345e1d4c,zachariasiya@okhdfcbank,363.66,referral_bonus_payout,2026-07-01T19:45:06.232218,upi
pay_3f62d84213d542,u_44b0362335,card_b6fbeb0e68dc43,399.0,referral_bonus_payout,2026-06-28T19:03:10.180891,card
pay_467f8f08a41c40,u_015d6a5518,card_31d266555de443,279.81,referral_bonus_payout,2026-07-04T18:30:19.825929,card
pay_7e5599638e0040,u_d27d5e8a3d,card_50421d81516d4a,461.58,referral_bonus_payout,2026-06-29T06:07:46.981986,card
pay_0390cfd99a6845,u_c6e7be8e01,ikshitanaidu@ybl,465.23,referral_bonus_payout,2026-05-29T11:59:24,upi
pay_b43be4682e2a4e,u_df887bdfc8,card_e16a40b6023047,274.77,referral_bonus_payout,2026-06-02T08:01:29.067895,card
pay_30533e31642e42,u_a001aa9cba,balasubramaniannetra@okhdfcbank,387.84,referral_bonus_payout,2026-06-01T12:45:12.968062,upi
pay_72b62e93139044,u_617fbdc762,ikshitanaidu@ybl,408.25,referral_bonus_payout,2026-06-02T09:07:17.532971,upi
pay_911a41896d2940,u_ac6241d78c,vrishti61@ybl,283.05,referral_bonus_payout,2026-06-01T17:21:55.005583,upi
pay_b792077eb5d340,u_1872bb374b,card_3e51995c2e3b42,438.25,referral_bonus_payout,2026-04-04T12:17:40,card
pay_d31dc50730674f,u_5a832d19ae,card_96194eafc2bb45,125.78,referral_bonus_payout,2026-04-04T19:48:00.453772,card
pay_2c4bbe8f05f548,u_7db1d5ca1c,card_0afea97e5a064e,485.0,referral_bonus_payout,2026-03-20T19:44:04,card
pay_f9619034a9504c,u_894be79314,card_82dcfb55e92842,132.36,referral_bonus_payout,2026-03-21T02:15:02.152641,card
pay_cfab6756938248,u_a8ea767942,zbrahmbhatt@paytm,487.1,referral_bonus_payout,2026-03-21T08:17:45.207225,upi
pay_e8ab1ce8709848,u_990ac5dd41,card_e1157d7747fe41,399.68,referral_bonus_payout,2026-03-21T17:25:58.052605,card
pay_9d4a874f0e884d,u_22eb266943,sainisuhani@okicici,86.29,referral_bonus_payout,2026-05-28T16:06:55,upi
pay_e5596906de0b46,u_48a58151d7,suraishani@ybl,138.27,referral_bonus_payout,2026-05-29T09:20:45.765995,upi
pay_9eb7f960fc8940,u_049178ac23,card_199a32dbb1d849,271.06,referral_bonus_payout,2026-05-29T11:18:43.707868,card
pay_7a5762a09ad249,u_40cded0133,card_cac0ce104b6643,494.61,referral_bonus_payout,2026-04-12T06:40:31,card
pay_a97e58eaf78543,u_b33c66c119,kondahredhaan@okhdfcbank,108.05,referral_bonus_payout,2026-04-12T10:55:31.000566,upi
pay_44df5162c70c45,u_981bce57b8,card_11479201a7a64d,289.83,referral_bonus_payout,2026-04-12T08:22:06.067467,card
pay_b18d68f3c45844,u_57241855c8,card_cac0ce104b6643,139.67,referral_bonus_payout,2026-04-12T08:00:16.572137,card
pay_6c39c387184148,u_b2ed1179ac,mandalxalak@ybl,266.17,referral_bonus_payout,2026-04-13T00:59:21.067126,upi
pay_6dc79c36bdfc4b,u_28bab4c33c,lanne@okhdfcbank,405.66,referral_bonus_payout,2026-05-10T04:41:43,upi
pay_0d779f25076d43,u_36caf85cd6,card_229e73b3b94644,353.42,referral_bonus_payout,2026-05-14T09:53:19.075985,card
pay_8330773c9ac642,u_eef873ec12,card_982fe0f863d34d,64.08,referral_bonus_payout,2026-05-22T06:33:23.336169,card
pay_61c85516e66748,u_58ddc6940f,card_ac933991d4ea41,182.77,referral_bonus_payout,2026-06-29T04:05:12,card
pay_6e2a19d866d647,u_8e39ee3b60,morekashvi@ybl,117.02,referral_bonus_payout,2026-07-08T16:29:41.777524,upi
pay_53f4ab99f45245,u_b59329187d,aarnaben@okhdfcbank,57.05,referral_bonus_payout,2026-07-10T09:30:23.965590,upi
pay_87554b9b3b0549,u_5632ad97c3,card_362e3ac94f4b42,337.59,referral_bonus_payout,2026-07-10T07:19:57.607007,card
pay_df0e05e0886e48,u_6d531f0c2b,card_27899890e83d48,60.05,referral_bonus_payout,2026-05-25T21:34:58,card
pay_afe9ed34ffba48,u_c3e4d51ce6,card_27899890e83d48,342.33,referral_bonus_payout,2026-05-26T18:36:15.840061,card
pay_b1528905fbd546,u_edf6e2ca0b,card_7831d1ffd5f043,214.49,referral_bonus_payout,2026-07-04T14:53:31,card
pay_8f7e2c9ab40743,u_6c79c4d672,nkulkarni@ybl,235.89,referral_bonus_payout,2026-07-04T18:13:42.492751,upi
pay_a3dc7c41657441,u_9062b0d573,card_3c8737d0c84e47,171.37,referral_bonus_payout,2026-07-04T19:10:38.747185,card
pay_8d65a2db7bf144,u_ab89a2e093,rachitlalla@okicici,365.55,referral_bonus_payout,2026-07-04T23:39:39.636024,upi
pay_2bbcc66387fc4a,u_f7a50f03fd,card_11070c41490249,77.2,referral_bonus_payout,2026-05-08T19:46:15,card
pay_62e0af2e8f384e,u_d468fb9d2e,anusharanganathan@okhdfcbank,342.09,referral_bonus_payout,2026-05-14T15:38:32.201585,upi
pay_80ca45af871a48,u_94c280ae4f,card_f57dbe54bdb741,356.47,referral_bonus_payout,2026-05-19T15:25:59.592858,card
pay_d685d6f04e0741,u_20a7d8fd3b,ijayakoshy@okhdfcbank,68.2,referral_bonus_payout,2026-05-11T17:22:41.905505,upi
pay_dd07a8ed613a4b,u_02801f96cf,card_9d2ae50b0dd748,284.01,referral_bonus_payout,2026-04-14T12:43:14,card
pay_f47778489b0f4f,u_9915fd9cc2,card_4a15fe96514c45,137.17,referral_bonus_payout,2026-04-14T16:09:51.665012,card
pay_2d8834faeead49,u_6542c818d9,card_b0f8cea2a14244,108.58,referral_bonus_payout,2026-04-14T17:54:30.982280,card
pay_57183be9802448,u_3db5f6edf9,toorazaan@ybl,212.35,referral_bonus_payout,2026-04-14T15:13:34.253694,upi
pay_987c9fa2315d45,u_b63f9d633e,saanvikulkarni@okhdfcbank,469.74,referral_bonus_payout,2026-03-14T01:35:04,upi
pay_e9801cd0254042,u_0576e7d75d,card_f8109c91b17549,69.39,referral_bonus_payout,2026-03-21T14:32:35.671714,card
pay_c9b0fe21fb0640,u_5456c9d063,yogiadya@okhdfcbank,88.72,referral_bonus_payout,2026-03-19T20:46:54.218838,upi
pay_dcdbd5972d364c,u_0205d581d4,dravi@okicici,73.57,referral_bonus_payout,2026-03-19T03:55:25.684326,upi
pay_9ba83684f55a47,u_8b41ae8c10,card_667155dc04524e,454.97,referral_bonus_payout,2026-03-15T01:35:46.956295,card
pay_6a099194c66f4a,u_f403a0414c,kaulaarini@okicici,119.43,referral_bonus_payout,2026-03-22T05:16:07.671415,upi
pay_656e914079a344,u_14068d0f30,card_5b902cc8438840,131.73,referral_bonus_payout,2026-05-07T18:49:53,card
pay_a7c818915bdd49,u_04075848ee,card_9f362b88fad346,82.93,referral_bonus_payout,2026-05-26T14:29:44.159522,card
pay_12898adf58a54c,u_21234d7925,sanepatrick@okhdfcbank,172.56,referral_bonus_payout,2026-05-11T03:34:07.526218,upi
pay_718d8fde91c64c,u_c376a4ea05,bchaudhry@ybl,277.66,referral_bonus_payout,2026-05-14T00:27:58.044421,upi
pay_5808aca5728b49,u_64d850a3f7,card_976f4edc07944f,373.27,referral_bonus_payout,2026-05-25T20:46:19.677084,card
pay_1ba9016abe5d4e,u_7d98b1d9fc,hemangini31@ybl,291.78,referral_bonus_payout,2026-05-25T01:09:25.796836,upi
pay_6a02bcf44eb349,u_ec0b1a4281,card_342a1334126c45,323.3,referral_bonus_payout,2026-03-01T23:39:15,card
pay_139ddbac290043,u_76a322ffe3,hritik97@okhdfcbank,480.94,referral_bonus_payout,2026-03-02T21:52:20.368291,upi
pay_c0fda00512764a,u_3f60234997,shenoyjack@paytm,80.73,referral_bonus_payout,2026-03-02T09:01:07.057331,upi
pay_d8aa5ee14e2f4c,u_fc98c56df9,darshshenoy@ybl,239.41,referral_bonus_payout,2026-03-02T20:06:27.874631,upi
pay_a85e2fa57d6f4c,u_080c904220,mbahri@okicici,304.07,referral_bonus_payout,2026-06-10T23:47:33,upi
pay_d466e5212f8b40,u_f55eaab0a6,arin72@okicici,107.87,referral_bonus_payout,2026-06-28T10:34:19.919990,upi
pay_29d2501904d24b,u_da95c47a3e,card_f113a968154048,447.87,referral_bonus_payout,2026-06-19T19:23:01.372534,card
pay_643ba6f51e1f47,u_fc66013b7f,card_8461d3dcf0104f,232.83,referral_bonus_payout,2026-06-13T12:47:41.643148,card
pay_1a377f40f87243,u_4688b62c9f,card_a2b3e3bb535646,482.77,referral_bonus_payout,2026-03-25T18:50:53,card
pay_e285d5dbb66d4c,u_009f6152ad,brijeshsetty@paytm,424.51,referral_bonus_payout,2026-04-04T09:40:21.450877,upi
pay_8239e4c15d1348,u_3b7818496d,dubewarinder@ybl,477.02,referral_bonus_payout,2026-04-08T22:20:10.368356,upi
pay_3c1220f77f4a4c,u_0f04170225,card_a2b3e3bb535646,163.14,referral_bonus_payout,2026-04-10T02:05:33.117945,card
pay_0da44d7e091a43,u_98f615fe9c,card_a2b3e3bb535646,335.36,referral_bonus_payout,2026-04-04T17:11:09.499618,card
pay_7f6656a5e52447,u_f7ba4f22c9,sairajagopalan@ybl,200.38,referral_bonus_payout,2026-03-26T11:54:42.747921,upi
pay_d3488052124246,u_80b45721fc,balsathvik@paytm,235.33,referral_bonus_payout,2026-06-06T01:52:33,upi
pay_c3c7d2004eb84a,u_d30a37cfb8,raaginikala@paytm,335.25,referral_bonus_payout,2026-06-07T00:11:00.691327,upi
pay_71eab291559249,u_c85d5fc571,omisha21@okicici,328.47,referral_bonus_payout,2026-06-09T18:11:04.060547,upi
pay_90ca4798bdae4c,u_a3c17f4cde,falan47@paytm,359.52,referral_bonus_payout,2026-06-09T11:34:26.742355,upi
pay_c20022c579f34c,u_568f582fdf,card_ee552f0556074c,334.95,referral_bonus_payout,2026-06-13T05:57:12.602349,card
pay_db44c324763a4c,u_8a9353ea34,card_b2cea8c88abe4e,163.13,referral_bonus_payout,2026-06-12T05:26:31.185441,card
pay_b6e4a66395e045,u_2e496de9e3,card_82be3ecae2de4c,155.9,referral_bonus_payout,2026-04-14T14:50:15,card
pay_c9c4d482b2b14e,u_cf6d497797,card_6e342d9d01374b,393.97,referral_bonus_payout,2026-04-27T04:52:25.074363,card
pay_3947c9471a514f,u_358f688c3a,card_82be3ecae2de4c,453.9,referral_bonus_payout,2026-04-15T13:25:25.814361,card
pay_09a41089ba2346,u_2c8d73c555,card_4ff7e4af769346,388.32,referral_bonus_payout,2026-04-20T08:34:15.326788,card
pay_9650edb3db1345,u_710f2ddc27,varkeyrachit@okicici,438.74,referral_bonus_payout,2026-04-28T07:16:15.604800,upi
pay_e59d68211c9146,u_6afe4e8ddc,ashukla@paytm,116.4,referral_bonus_payout,2026-03-27T23:28:20,upi
pay_b8fb0ab8848849,u_832b7b70cc,card_dd01437b279140,465.35,referral_bonus_payout,2026-03-28T15:48:26.068566,card
pay_bb60289bc9e646,u_35efa0a6ed,advika38@paytm,182.35,referral_bonus_payout,2026-03-02T09:16:49,upi
pay_0995cb29fc8843,u_feac814b70,card_5d70056e0a454a,90.5,referral_bonus_payout,2026-03-06T06:09:31.429422,card
pay_ac6b5653960242,u_9120d5b6e2,advika38@paytm,472.62,referral_bonus_payout,2026-03-06T18:46:28.520002,upi
pay_3dc90399f50349,u_a06ea283cb,card_da945d8541a34d,476.43,referral_bonus_payout,2026-03-04T05:38:34.944142,card
pay_42cd90f12bcf41,u_428723cb9e,kaulnilima@okicici,300.03,referral_bonus_payout,2026-03-05T07:33:09.212907,upi
pay_ab62d5e3f2ca40,u_f95bfabb4b,card_883eb922140e49,408.23,referral_bonus_payout,2026-03-06T08:45:04.420597,card
pay_2691efd248fd40,u_e28eff6b1a,card_3521b60208ab4d,435.6,referral_bonus_payout,2026-03-31T04:54:47,card
pay_96b3aad176004c,u_48c110a38b,card_26f63adfddb14c,138.31,referral_bonus_payout,2026-04-09T04:49:53.012468,card
pay_8f2535c96cdf43,u_71222bec24,sonichaaya@okicici,220.35,referral_bonus_payout,2026-04-10T17:15:45.819091,upi
pay_09bce710dd5c41,u_d08a7c0c81,card_5d410598fc934b,495.81,referral_bonus_payout,2026-04-16T22:01:41.700026,card
pay_98c5507a77624a,u_fdf8a6ef30,card_72481d846b3241,167.49,referral_bonus_payout,2026-04-14T18:00:01.226185,card
pay_6f08d07993e941,u_78eeb8d4c1,card_5b5ef68d0f6f46,61.57,referral_bonus_payout,2026-06-17T08:14:39,card
pay_9bcb6c18a2324c,u_0958257c90,card_5b5ef68d0f6f46,170.89,referral_bonus_payout,2026-06-17T20:03:21.592981,card
pay_7601a02d25214d,u_365fe8aa95,jagvi20@okicici,293.51,referral_bonus_payout,2026-06-17T09:41:02.887141,upi
pay_06727f03acb441,u_d22dca0e50,harinakshisinha@paytm,388.6,referral_bonus_payout,2026-06-18T01:28:39.654981,upi
pay_3da29777896e40,u_3febbaf831,card_2113403011b64d,367.5,referral_bonus_payout,2026-06-18T03:16:36.616663,card
pay_eaf5e22b5a4d42,u_f693190050,aadhyasarkar@paytm,483.72,referral_bonus_payout,2026-05-24T06:20:30,upi
pay_bfc7a9bcaa3b42,u_2050e2cc5c,calebparsa@ybl,150.58,referral_bonus_payout,2026-05-29T23:21:54.582072,upi
pay_9dbea0a1875143,u_04b5b7ed7e,card_4c9e7543194f4d,418.97,referral_bonus_payout,2026-05-28T14:23:59.111680,card
pay_b0491bf3404247,u_34ace2724b,card_a37fff3d60324f,370.35,referral_bonus_payout,2026-05-14T07:11:05,card
pay_ac3bfd9b9e4444,u_f6cca421ac,mittertanay@okhdfcbank,354.64,referral_bonus_payout,2026-05-20T07:39:30.113879,upi
pay_462ae7c0d18f42,u_cd565439cb,abdul86@paytm,237.22,referral_bonus_payout,2026-05-15T03:07:49.099032,upi
pay_15c41a7d98504a,u_fec04a67ce,card_2804e38fd33e42,499.58,referral_bonus_payout,2026-05-23T22:07:41.020673,card
pay_c4f44c88cc5a47,u_b8ec12c645,card_099c7521404241,288.82,referral_bonus_payout,2026-05-30T03:52:32.134633,card
pay_87309116a0834e,u_f8a8ac4f25,jkapadia@okhdfcbank,458.41,referral_bonus_payout,2026-05-17T12:36:18.542202,upi
pay_2da4c0581fe44a,u_e5e6dba8b2,card_69b7709a518140,184.13,referral_bonus_payout,2026-05-22T05:05:23,card
pay_fa62e0e61c1344,u_dadd023bc2,card_69b7709a518140,82.29,referral_bonus_payout,2026-05-28T23:29:30.002712,card
pay_903c9bc41f1e4d,u_d0aa99b622,card_f9788bdc2a2842,243.35,referral_bonus_payout,2026-05-25T00:28:12.408008,card
pay_3312f73576264f,u_c8d69bb63d,card_d677871185944d,332.14,referral_bonus_payout,2026-05-29T12:34:52.628998,card
pay_1cdc39ad5bda41,u_33e3095fa5,naksh18@okicici,51.99,referral_bonus_payout,2026-07-11T11:54:50,upi
pay_8ef22f3c1cea43,u_bf62551e68,kalpitatwal@okhdfcbank,53.78,referral_bonus_payout,2026-07-14T09:31:19.256788,upi
pay_25992dbcd5044a,u_2e68281fdb,ckarpe@paytm,360.73,referral_bonus_payout,2026-07-19T09:52:41.975212,upi
pay_577fe136d53f47,u_7eb16315ab,card_ab9dd9eb44ec40,302.98,referral_bonus_payout,2026-07-09T14:42:20,card
pay_389797308dcd43,u_88784d7133,card_ddda9b43ea9646,325.0,referral_bonus_payout,2026-07-10T13:56:41.289452,card
pay_93e86dcf0d9940,u_608c14b3b0,tanveerdeshpande@ybl,478.78,referral_bonus_payout,2026-07-09T22:16:36.330974,upi
pay_12a0f16c1a0141,u_ae2152c443,chowdhurysaksham@okhdfcbank,365.45,referral_bonus_payout,2026-07-10T14:22:01.066236,upi
pay_7bf9dc01bafa43,u_b8b6252589,card_7f339440a85e4c,303.23,referral_bonus_payout,2026-07-10T04:45:02.845806,card
pay_f4b7621f83314a,u_abf45070c6,triptisura@okhdfcbank,156.97,referral_bonus_payout,2026-05-02T02:38:42,upi
pay_e17b888ba5f144,u_34b720c058,quincy64@okicici,363.63,referral_bonus_payout,2026-05-02T08:55:19.686036,upi
pay_cc7204daed9040,u_1ef3d24a2b,card_49e5a849d4e740,150.7,referral_bonus_payout,2026-05-02T15:25:07.153082,card
pay_a8d78bd997f949,u_e07f0f717c,card_70ca0f4490184f,315.41,referral_bonus_payout,2026-05-02T08:28:23.098502,card
pay_e1b75a868a2d41,u_093f75297c,card_2b3c08df651a45,472.18,referral_bonus_payout,2026-03-14T15:50:22,card
pay_f8d3f8edd3a648,u_9db9153e6e,card_2b3c08df651a45,456.35,referral_bonus_payout,2026-03-16T11:01:53.715297,card
pay_c1e2af81185846,u_1103078111,card_b7395a5483234d,294.01,referral_bonus_payout,2026-05-27T02:06:18,card
pay_7a23b811138c44,u_c363209920,ddevan@okhdfcbank,102.75,referral_bonus_payout,2026-05-27T09:52:06.381748,upi
pay_93b56c9bcd254a,u_29ea2d72b4,card_4ddb7e060d244c,426.18,referral_bonus_payout,2026-05-27T13:14:58.968942,card
pay_e503b367169e42,u_6b9a4dd3c7,card_5e484973803e4c,373.63,referral_bonus_payout,2026-04-30T02:15:34,card
pay_0d95c3115a6940,u_4b2e068f99,card_6be8c4a54c6a44,77.24,referral_bonus_payout,2026-05-07T01:27:03.880399,card
pay_d772caa079954b,u_ab40c04f4d,ubika86@paytm,412.44,referral_bonus_payout,2026-07-17T21:43:13,upi
pay_3d934f7f085f4c,u_369b3253e7,akshay43@okicici,162.82,referral_bonus_payout,2026-08-03T10:40:08.395341,upi
pay_1ad251ff686e4a,u_6819aee64d,card_e40161f133734e,231.05,referral_bonus_payout,2026-07-31T00:15:41.387421,card
pay_d9e20e0b04de46,u_318617e0d5,ubika86@paytm,371.21,referral_bonus_payout,2026-08-07T06:04:26.032235,upi
pay_09ce93e50c2d4d,u_ef497838b0,sharmabimala@okicici,337.94,referral_bonus_payout,2026-08-03T10:01:17.351571,upi
pay_4ec3efb5abf446,u_4e1283393a,cnanda@okicici,56.43,referral_bonus_payout,2026-03-09T04:39:35,upi
pay_3d6fed1dd51148,u_0fe68bd0e3,card_502425f0d88249,51.2,referral_bonus_payout,2026-03-09T21:45:23.492030,card
pay_7312c98381d941,u_4c97722e30,card_d14c2544990d46,174.86,referral_bonus_payout,2026-03-09T18:57:40.956460,card
pay_b0942779c0fb46,u_56f3a7f9ca,card_847db277f3e141,75.19,referral_bonus_payout,2026-03-09T14:53:52.609028,card
pay_0fcc3ef901294b,u_1f699c758a,cnanda@okicici,155.29,referral_bonus_payout,2026-03-09T05:41:58.224549,upi
pay_6b90384b061940,u_8211cec98a,sunderrudra@okicici,248.22,referral_bonus_payout,2026-03-09T21:27:23.157994,upi
pay_2199a4f33f534f,u_adca731790,inaya87@okicici,302.96,referral_bonus_payout,2026-05-16T08:33:27,upi
pay_35fefa79c33241,u_7bbbe24cdd,card_194fdd62d36543,423.44,referral_bonus_payout,2026-05-19T02:31:54.101531,card
pay_ae66506e4d6348,u_21e569fd92,barkhaprakash@ybl,97.53,referral_bonus_payout,2026-05-18T23:59:53.027044,upi
pay_399f71c486e145,u_cc89f32b47,dharsaumya@okhdfcbank,111.53,referral_bonus_payout,2026-03-01T22:34:23,upi
pay_ebfed39ebcae44,u_03578896b7,lkrishnamurthy@okhdfcbank,205.58,referral_bonus_payout,2026-03-20T13:05:03.275327,upi
pay_b59dabd3fca347,u_abf947b595,psama@ybl,154.86,referral_bonus_payout,2026-03-21T01:05:18.092301,upi
pay_07edf31741714a,u_fc1d955dcc,dharsaumya@okhdfcbank,414.66,referral_bonus_payout,2026-03-18T13:00:58.115382,upi
pay_2d5187b70fa641,u_c6ccbf4116,damyanti91@okhdfcbank,337.18,referral_bonus_payout,2026-03-15T07:22:07.046949,upi
pay_bf0e6e05118346,u_7f33522913,card_e8f70f99586c4f,105.37,referral_bonus_payout,2026-03-08T17:54:39.822083,card
pay_36230a1875644a,u_a65a382934,sachi31@okicici,166.38,referral_bonus_payout,2026-06-06T18:56:35,upi
pay_a36ab0e2f4b240,u_0c02a6d5de,samakshkorpal@okicici,80.12,referral_bonus_payout,2026-06-18T00:41:20.514480,upi
pay_755a8af1871147,u_05da2c5895,card_b4ddfd09773843,121.01,referral_bonus_payout,2026-06-17T20:33:13.154301,card
pay_14b26b6a252948,u_bccf20a72d,senguptanetra@okicici,499.85,referral_bonus_payout,2026-05-19T10:37:08,upi
pay_d6be7c488ef748,u_9d53a6287c,mtara@paytm,491.49,referral_bonus_payout,2026-05-19T18:41:30.039840,upi
pay_fc6d0bbd8bfb41,u_54607f20c3,senguptanetra@okicici,151.9,referral_bonus_payout,2026-05-19T17:22:51.084480,upi
pay_50debfc6c1d448,u_105c517606,card_3208e48beba646,381.15,referral_bonus_payout,2026-05-24T13:23:10,card
pay_807e76ed0fa84e,u_0a7ab443f7,card_3208e48beba646,412.9,referral_bonus_payout,2026-05-30T18:56:21.341424,card
pay_e5e7fbaaed5841,u_4dcb5ce6c2,nakshdhawan@ybl,425.8,referral_bonus_payout,2026-05-30T14:22:18.547680,upi
pay_93c6d62ac4e34a,u_5174760267,card_76ac0a2345554c,405.89,referral_bonus_payout,2026-05-25T05:00:37.711138,card
pay_5892ee58fab141,u_607eb9b4ae,pchoudhury@okicici,405.92,referral_bonus_payout,2026-05-28T00:45:00.824788,upi
pay_13105d51567c44,u_45da963928,card_61e7e8346f4842,482.64,referral_bonus_payout,2026-07-16T22:12:21,card
pay_dcdc12c53c724b,u_c521975eef,card_61e7e8346f4842,52.02,referral_bonus_payout,2026-07-19T00:18:24.779824,card
pay_43608002eb3e40,u_dbbbed95da,card_69415e01ef534d,306.41,referral_bonus_payout,2026-06-20T14:36:37,card
pay_7eb505d345de40,u_6b21ca61da,card_7bf376074f904b,452.01,referral_bonus_payout,2026-07-06T15:51:43.429995,card
pay_580466bf86c849,u_a76cc6de1c,haldereshana@okhdfcbank,55.99,referral_bonus_payout,2026-06-30T13:28:21.365800,upi
pay_d50953c701e543,u_10e3df9bdb,lallkala@okicici,105.24,referral_bonus_payout,2026-06-13T16:04:40,upi
pay_d01a33839f3e48,u_2918145d86,card_066cbd603efd4f,273.71,referral_bonus_payout,2026-06-29T11:16:36.066794,card
pay_2d983bd99e4145,u_6822972a1c,card_8c37aa84e3fb4d,147.63,referral_bonus_payout,2026-06-21T00:11:53.102207,card
pay_5d88292a0da245,u_291824fe6b,card_14de6c72c3d841,251.13,referral_bonus_payout,2026-06-17T08:37:43,card
pay_aae5e0588df144,u_d8ef68a929,kevin38@paytm,361.37,referral_bonus_payout,2026-06-24T14:36:55.018316,upi
pay_128ea0e055574f,u_6f28270cbc,card_aeb554d0b14649,192.75,referral_bonus_payout,2026-06-18T12:20:25.937303,card
pay_2b08376cb5344f,u_58031fcc87,card_08c8f098ae4449,392.77,referral_bonus_payout,2026-04-26T07:58:04,card
pay_7eb2739f66e249,u_0f81b5bacb,card_08c8f098ae4449,417.65,referral_bonus_payout,2026-05-10T00:24:23.224045,card
pay_28d34e9541bc44,u_c228a5dd25,kai86@okicici,343.64,referral_bonus_payout,2026-05-02T12:45:42.382264,upi
pay_fe976fafdc304f,u_18bce194fc,card_26f80344d3d84e,318.35,referral_bonus_payout,2026-05-06T03:08:32.241225,card
pay_f13944a1bf2b42,u_e8f3f8a83d,card_227f671b1aba42,126.63,referral_bonus_payout,2026-05-03T06:07:54.713708,card
pay_449ba3ca8c0046,u_d1cb750390,jeet99@okicici,196.67,referral_bonus_payout,2026-05-07T16:02:54,upi
pay_04d8052b676443,u_cf214b6185,daniel43@paytm,170.61,referral_bonus_payout,2026-05-26T19:32:33.396880,upi
pay_adba70b2dd1e4c,u_acf021586a,xgupta@ybl,184.15,referral_bonus_payout,2026-07-09T04:38:43,upi
pay_63813298532747,u_3cfd1beae1,card_dbd65e2f5ed14e,264.39,referral_bonus_payout,2026-07-10T14:52:10.897160,card
pay_3afe3901f71c4c,u_f3d7e5236f,card_61f68f398cca44,362.03,referral_bonus_payout,2026-07-10T11:20:07.565420,card
pay_95c17e6291934a,u_40db564cb0,card_d90e57f6601741,362.94,referral_bonus_payout,2026-06-01T21:00:40,card
pay_73c9813e389f4b,u_85b0e39de5,tanveer09@okhdfcbank,208.94,referral_bonus_payout,2026-06-02T15:23:03.589321,upi
pay_500965b79ce546,u_98786c50fd,vamakshi56@paytm,441.33,referral_bonus_payout,2026-06-02T02:32:03.835014,upi
pay_a3ac6de1d67c47,u_d71974299c,card_3c6cc95a35124e,457.45,referral_bonus_payout,2026-06-02T04:51:52.712843,card
pay_f3e67797974e4d,u_4ba891fa75,lokeekanta@paytm,411.67,referral_bonus_payout,2026-06-01T22:08:34.801299,upi
pay_82faa0f72c8a49,u_649efcc927,vgupta@okhdfcbank,268.22,referral_bonus_payout,2026-06-02T04:06:12.020530,upi
pay_882e45c44b7246,u_9b5398f913,card_21f5d8b2910a42,91.91,referral_bonus_payout,2026-05-19T14:13:34,card
pay_91dbbb69929247,u_80e843b409,card_b0f2101a0d6a4e,281.85,referral_bonus_payout,2026-05-23T09:49:25.491323,card
pay_8401a52811114a,u_9cbb92852a,card_67447595357d41,74.9,referral_bonus_payout,2026-05-21T00:41:54.108921,card
pay_0077f76a386a43,u_c92a9c69c2,card_079ee907f4c74a,378.61,referral_bonus_payout,2026-06-22T16:46:58,card
pay_b6b829c05aa145,u_edb8145a3c,card_9a3134ac671746,345.81,referral_bonus_payout,2026-07-01T18:58:00.132063,card
pay_eb264ec9b1dc4b,u_55c78df7c5,card_53b7ad96293240,57.75,referral_bonus_payout,2026-07-07T14:45:38.884791,card
pay_47466080f82c44,u_16357c792b,parmardarpan@okhdfcbank,241.41,referral_bonus_payout,2026-07-02T10:13:58.836494,upi
pay_91d719a9c8ce45,u_87db622347,theodore92@okhdfcbank,315.64,referral_bonus_payout,2026-06-27T13:25:17.669043,upi
pay_09d66a93c3bf4a,u_655e0fe4a6,snehasankaran@okicici,147.62,referral_bonus_payout,2026-05-10T19:40:07,upi
pay_3569417c715648,u_b6dc495273,jacobsarraf@okicici,357.56,referral_bonus_payout,2026-05-12T12:09:24.604358,upi
pay_2946bc51896f43,u_412a87d8e1,unnichadha@ybl,461.31,referral_bonus_payout,2026-05-11T18:05:24.907382,upi
pay_ed686e716ddb4d,u_6d4ddd5652,card_8257569f727140,216.43,referral_bonus_payout,2026-05-13T11:10:07.798399,card
pay_62b309991a3446,u_d59284a625,card_c29364e68b3e46,269.26,referral_bonus_payout,2026-05-11T21:17:43.641269,card
pay_b80b40f622254b,u_7ecbd5c8c9,card_5d23f181091648,145.27,referral_bonus_payout,2026-05-13T02:33:45.586554,card
pay_e54e02cb723347,u_f7d7a9cba3,lajitaranganathan@paytm,253.59,referral_bonus_payout,2026-05-07T19:48:04,upi
pay_48b0938d763b45,u_7d741f290a,card_9b6029f704ee40,458.7,referral_bonus_payout,2026-05-09T14:42:24.213954,card
pay_1a1c4644cb6549,u_e2a5485b5b,lajitaranganathan@paytm,296.41,referral_bonus_payout,2026-05-22T11:54:46.401294,upi
pay_5ffbafc28b6744,u_aa45a87cec,netra14@okhdfcbank,114.52,referral_bonus_payout,2026-04-24T20:36:55,upi
pay_27540940652447,u_780298adbe,christopherkapadia@okicici,462.15,referral_bonus_payout,2026-05-07T06:46:27.747600,upi
pay_5cbf322dfbf248,u_b9a374cbdc,mananhegde@okhdfcbank,370.06,referral_bonus_payout,2026-04-29T09:18:17.673673,upi
pay_61a7ea9745764a,u_cc69a352a8,card_e73692f955a445,407.97,referral_bonus_payout,2026-03-09T01:37:58,card
pay_e48f76a34efd41,u_45a146280b,card_80daa068a7834f,294.88,referral_bonus_payout,2026-03-21T06:44:15.039913,card
pay_4b91df40ce8841,u_11f85309d2,borraraksha@okhdfcbank,430.71,referral_bonus_payout,2026-03-24T21:57:06.513227,upi
pay_1fd7e99c492f46,u_ea729ab2d4,card_dbd2f8ae6b8948,180.09,referral_bonus_payout,2026-03-11T14:46:33.425050,card
pay_e05c8a394cd940,u_c3cb398007,hayrevrishti@okhdfcbank,146.49,referral_bonus_payout,2026-05-08T17:00:41,upi
pay_5d61166d069d48,u_0eefcc65bb,mcherian@okicici,54.51,referral_bonus_payout,2026-05-09T17:45:42.299100,upi
pay_cb0f1130f2fd42,u_341a4ece28,card_fe53f5cfe87044,102.74,referral_bonus_payout,2026-05-09T07:31:02.696529,card
pay_22a65b1e259f4d,u_7df2647afd,upadhriti87@okicici,426.13,referral_bonus_payout,2026-05-09T15:37:21.470451,upi
pay_31a105ead5c54c,u_2a15a0c37c,card_356078d8975e4f,56.12,referral_bonus_payout,2026-05-09T12:03:46.069800,card
pay_ccdf31f2fb8b48,u_e94f0754e5,card_5b4d203c405146,456.86,referral_bonus_payout,2026-05-08T22:32:43.629684,card
pay_dfe6d70adc8342,u_db04b39163,azaanvig@okicici,120.78,referral_bonus_payout,2026-03-03T06:24:40,upi
pay_817b64797a714a,u_a01584f277,chaitaly17@paytm,366.41,referral_bonus_payout,2026-03-19T09:09:41.585748,upi
pay_2011c64048a64e,u_0ee1e40a4a,card_556d50ba5d274a,96.59,referral_bonus_payout,2026-03-19T23:10:33.826628,card
pay_5fa2b18eca084f,u_bfe7771314,champak86@okhdfcbank,298.83,referral_bonus_payout,2026-03-07T23:24:24.711913,upi
pay_0aaf07a6c20342,u_9df829d676,rachita50@ybl,474.18,referral_bonus_payout,2026-03-07T16:43:34.733476,upi
pay_dbd2999f29c548,u_61988ca9c9,azaanvig@okicici,74.67,referral_bonus_payout,2026-03-08T05:42:33.788572,upi
pay_fccb930d547742,u_ef483e715c,banjeet56@okhdfcbank,410.33,referral_bonus_payout,2026-06-21T00:21:46,upi
pay_bba8bc45aa9241,u_1b76455d67,madhavi24@ybl,464.77,referral_bonus_payout,2026-06-21T16:07:02.905635,upi
pay_30ff13b5845340,u_98db03f8be,yuvraj21@okicici,451.37,referral_bonus_payout,2026-06-21T22:00:00.408411,upi
pay_9160b61e09a54b,u_1a5d1f99e6,edeol@okicici,421.7,referral_bonus_payout,2026-06-21T03:52:15.184360,upi
pay_996840a9025d4e,u_deae3a233a,triptibalakrishnan@okicici,271.35,referral_bonus_payout,2026-06-21T22:20:30.244135,upi
pay_c18fa655f09e4c,u_3bf7744bd4,card_efc1cc6b5efd44,332.08,referral_bonus_payout,2026-05-29T10:19:13,card
pay_7d2b0aa583e342,u_c7ed29ef3b,card_aa82dd6929bb47,287.06,referral_bonus_payout,2026-05-31T15:48:01.085134,card
pay_75cf1ea2424746,u_cebdb5c8d4,qkhosla@okhdfcbank,228.06,referral_bonus_payout,2026-05-31T14:52:28.778036,upi
pay_a24da22239df42,u_a3f3025c2c,card_c3cdd77a1dca41,298.3,referral_bonus_payout,2026-04-15T05:16:14,card
pay_1bcd8fdd763844,u_8e77f9dd0a,card_e449127c4e3448,111.33,referral_bonus_payout,2026-04-16T00:57:58.410320,card
pay_33ab14550c5b40,u_1175586b21,card_1e3c6f3d1cd043,64.99,referral_bonus_payout,2026-05-12T02:18:36,card
pay_52fefa539a0448,u_ba6f9a3c0a,psunder@ybl,160.21,referral_bonus_payout,2026-05-17T08:40:42.863004,upi
pay_caab432764414b,u_aa5d5939b5,unnatibera@paytm,184.35,referral_bonus_payout,2026-05-15T02:06:05.289317,upi
pay_253850059df04e,u_98a83d41a0,buchluke@okicici,191.57,referral_bonus_payout,2026-07-15T17:40:56,upi
pay_9d997e5527bd4f,u_6e93fe92d0,card_de27c0d56ec44e,491.44,referral_bonus_payout,2026-07-15T18:40:35.280184,card
pay_37d0a4fd885f41,u_62b24b24eb,vupadhyay@ybl,72.06,referral_bonus_payout,2026-07-16T13:54:47.841093,upi
pay_0f84280feb0441,u_6d8d3a3f71,psrivastava@paytm,497.09,referral_bonus_payout,2026-07-16T00:31:51.965617,upi
pay_6587a4ae1efe45,u_0eb4049c8f,card_d92d7b80e81643,256.35,referral_bonus_payout,2026-07-16T10:32:39.790876,card
pay_8aab2ee58e3f4a,u_1619078d5f,card_23c18169d0d84b,189.29,referral_bonus_payout,2026-04-28T03:13:46,card
pay_d6629e83cd014a,u_7ce6b916d6,aroraakshay@paytm,230.13,referral_bonus_payout,2026-04-28T16:50:56.146147,upi
pay_60e262180a9242,u_4879d5fa8a,revagaba@okicici,310.72,referral_bonus_payout,2026-04-28T09:28:35.840676,upi
pay_0bf066e946334f,u_4223421ba8,hemanisachdev@paytm,174.86,referral_bonus_payout,2026-04-28T21:05:20.816459,upi
pay_57d906e2dd6046,u_c86b808f08,chandabhavika@ybl,51.45,referral_bonus_payout,2026-07-09T16:57:31,upi
pay_d583e409a51442,u_bba2440f5c,turvi60@okhdfcbank,299.9,referral_bonus_payout,2026-07-13T10:20:06.791421,upi
pay_d9cd73b8b76a4d,u_05ebaf41d3,saneaarini@ybl,338.64,referral_bonus_payout,2026-07-27T13:11:06.167240,upi
pay_2cc37c0add9545,u_d94120fb48,kakarsachi@okhdfcbank,279.33,referral_bonus_payout,2026-07-18T01:43:55.006165,upi
pay_e919ff32344d4c,u_53f1832476,card_2e3d605b0b9944,185.24,referral_bonus_payout,2026-07-15T03:40:03.794836,card
pay_6d7933b5a33940,u_944adbd550,card_9a89be8075fa4c,62.37,referral_bonus_payout,2026-04-21T03:54:00,card
pay_738b7518822541,u_d5cb0b1fb5,gnarasimhan@okicici,400.09,referral_bonus_payout,2026-05-10T17:14:40.828879,upi
pay_6b74f1fb0f2148,u_3f034630b5,chanchal18@okicici,335.16,referral_bonus_payout,2026-05-02T17:30:00.025467,upi
pay_a42d520e317d43,u_46d09c9e5d,wbasu@paytm,165.7,referral_bonus_payout,2026-05-02T09:37:48.586351,upi
pay_f8aef54b758446,u_f8214b865c,tiwariradha@paytm,91.23,referral_bonus_payout,2026-05-02T09:29:07.370987,upi
pay_df58099eed2842,u_66b2cd9d34,pnagarajan@paytm,499.52,referral_bonus_payout,2026-05-05T10:34:29.550701,upi
pay_cdd9fd3d7cb44f,u_148149b59c,card_c554078b6b024b,446.51,referral_bonus_payout,2026-04-11T09:31:57,card
pay_113aa260f2aa4c,u_bf61a845d9,card_55f80f5da8204d,64.64,referral_bonus_payout,2026-04-18T14:26:44.255371,card
pay_22b150794ed642,u_bedc5892ed,danielganguly@paytm,135.74,referral_bonus_payout,2026-04-18T21:42:03.949494,upi
pay_3e95be55dad642,u_49d4d5d100,card_4f477db8761643,230.32,referral_bonus_payout,2026-04-14T03:12:29.298170,card
pay_1e8b2b6d94764d,u_aa8fc01a0e,vinaya09@paytm,196.74,referral_bonus_payout,2026-04-20T08:12:06.582161,upi
pay_e1804535414447,u_bb6600cf66,card_e385c9d6f6f54e,272.16,referral_bonus_payout,2026-04-24T05:09:07,card
pay_571c411de27f40,u_78685a3174,ivohra@okhdfcbank,234.94,referral_bonus_payout,2026-04-25T06:48:11.755345,upi
pay_51b5091ce09245,u_48cd3dfbec,card_99b0f01bc63c45,359.63,referral_bonus_payout,2026-04-24T16:58:09.693522,card
pay_0ebd693cbdb049,u_5fb7b5347a,card_e385c9d6f6f54e,126.76,referral_bonus_payout,2026-04-24T20:53:00.818188,card
pay_73f898fdc2cf48,u_4d70ad95ea,card_46bf5f502e694e,232.25,referral_bonus_payout,2026-06-13T18:21:59,card
pay_293334fcd6d544,u_33c246721f,ebhatia@paytm,236.01,referral_bonus_payout,2026-06-21T09:39:27.743446,upi
pay_77342824b80545,u_ac842bff08,card_46bf5f502e694e,415.37,referral_bonus_payout,2026-06-21T11:50:53.834754,card
pay_98ae14ee61574b,u_68b09bf6d6,card_52c5c89e4b2e4a,50.11,referral_bonus_payout,2026-06-20T07:58:04.502531,card
pay_2fe83237c9614b,u_5a6b69361f,johalalka@okhdfcbank,59.93,referral_bonus_payout,2026-06-14T09:20:34.074352,upi
pay_0b283af2010741,u_639ee98264,card_79fcbc234bb640,307.29,referral_bonus_payout,2026-06-15T11:30:23.008868,card
pay_7c6673e819e548,u_213ae56ae3,chaayachokshi@okicici,143.4,referral_bonus_payout,2026-03-14T12:25:47,upi
pay_aac81cd528134f,u_db7881aa8d,kotharishaurya@okhdfcbank,324.76,referral_bonus_payout,2026-03-15T00:42:45.859104,upi
pay_d31a2a437e8b46,u_d0ff455919,keyade@okhdfcbank,268.49,referral_bonus_payout,2026-03-15T01:02:56.348385,upi
pay_a288ddca55aa4d,u_adba32132e,card_4fab465615af4c,333.91,referral_bonus_payout,2026-03-14T18:13:47.960099,card
pay_45174dc577b945,u_fa7b101a7f,nmuni@okhdfcbank,324.34,referral_bonus_payout,2026-03-15T14:47:29,upi
pay_0a2f285191ba4d,u_bfd4406ada,nmuni@okhdfcbank,428.84,referral_bonus_payout,2026-03-18T17:52:18.445147,upi
pay_776fb49147a24a,u_3c588cb341,card_4d04bb052aac4a,479.61,referral_bonus_payout,2026-03-25T15:12:22,card
pay_69c2a777851948,u_c2cd6098eb,maanas35@ybl,168.38,referral_bonus_payout,2026-03-29T19:13:15.240760,upi
pay_6f03b0e11bf74e,u_95207335f6,card_26c6d8369da244,332.1,referral_bonus_payout,2026-03-28T23:21:27.756692,card
pay_081628bb2f8840,u_42b5dddb56,card_d04640c155094f,318.78,referral_bonus_payout,2026-05-24T06:44:17,card
pay_3fdc5ad0bd6343,u_f07b647181,amrutakarnik@okhdfcbank,91.94,referral_bonus_payout,2026-05-26T11:33:48.364025,upi
pay_563b59a36af249,u_00e2744eca,card_35dea1ec9f994d,353.17,referral_bonus_payout,2026-06-20T18:10:54,card
pay_ceeea5bcaf9f4b,u_e8b969dc4e,meeraramakrishnan@okicici,492.04,referral_bonus_payout,2026-06-25T06:54:47.237595,upi
pay_ed79a8a530a74d,u_4effd85312,card_13f4d165bef349,72.38,referral_bonus_payout,2026-07-01T00:13:45.188206,card
pay_4014016e67e549,u_ba484a915b,eshana17@okicici,372.9,referral_bonus_payout,2026-07-03T03:32:37.261524,upi
pay_9aff741f14a641,u_b3b631ea9d,card_a837075a72e24d,332.52,referral_bonus_payout,2026-06-02T09:37:51,card
pay_d7d32794768145,u_3014fa3f61,card_50665a199d7e48,50.79,referral_bonus_payout,2026-06-04T14:53:29.980674,card
pay_9ff5504e07ce42,u_197d5fd5bb,lmann@ybl,361.3,referral_bonus_payout,2026-06-07T14:21:02.881350,upi
pay_f2f781f3738e4c,u_97277307dd,card_a837075a72e24d,377.71,referral_bonus_payout,2026-06-12T11:18:11.107125,card
pay_c2a093379e7849,u_45f0250e00,card_7b8ee00670114a,168.16,referral_bonus_payout,2026-04-29T23:05:41,card
pay_3cd1db98858d4a,u_c4375c2ad1,card_d46433c5639746,185.24,referral_bonus_payout,2026-05-04T19:09:54.136269,card
pay_3740bf3821aa4e,u_05b912c264,card_85d159b1196e47,58.03,referral_bonus_payout,2026-05-27T20:34:58,card
pay_7762e02d17db4c,u_0fc9843e3c,card_74b2140b76154f,150.75,referral_bonus_payout,2026-05-28T16:55:26.262735,card
pay_ff7d3cd6b43244,u_223896bb09,wdar@paytm,104.28,referral_bonus_payout,2026-05-28T17:43:18.381810,upi
pay_8bb6d67bbc3842,u_59cbd16ab3,guptagautami@okicici,354.35,referral_bonus_payout,2026-05-28T09:48:41.496595,upi
pay_2b1ea9a540624d,u_52012ca286,settygirindra@okicici,196.33,referral_bonus_payout,2026-05-28T07:25:38.691135,upi
pay_2bd6639a7d6845,u_8848933a0d,card_f24df1bbfa0b41,465.55,referral_bonus_payout,2026-05-27T22:26:00.820060,card
pay_5f5d046b1b8e42,u_d78e22ba7b,jasmit76@ybl,238.66,referral_bonus_payout,2026-05-16T04:50:14,upi
pay_4292778dc41a4b,u_4aa00195f7,card_b8684c230aa74a,117.02,referral_bonus_payout,2026-05-21T02:53:45.357419,card
pay_76fdd317c54d40,u_41d3df7ccc,card_490ca2e1922d41,431.31,referral_bonus_payout,2026-03-10T19:48:34,card
pay_e16850295c234c,u_8adfb4019a,dparikh@okicici,276.0,referral_bonus_payout,2026-03-11T12:51:24.539256,upi
pay_2a7858426da341,u_0bab8c46b1,dominic16@paytm,324.11,referral_bonus_payout,2026-04-23T19:32:21,upi
pay_65bf73dda4ca4e,u_33afd84b0b,card_8eb5eb45664641,311.1,referral_bonus_payout,2026-05-01T01:41:50.279708,card
pay_cba7d2187a1044,u_9821b1eb3c,card_ccccfc9466d74e,91.91,referral_bonus_payout,2026-04-27T16:07:33.505244,card
pay_356437e0f74f4c,u_f3cb7021cf,agastya73@ybl,337.41,referral_bonus_payout,2026-05-02T03:04:46.027576,upi
pay_f1632fd1789349,u_e7df46ee05,sneha53@paytm,95.24,referral_bonus_payout,2026-05-04T06:35:07.863056,upi
pay_d38efa86b20241,u_a908928027,dominic16@paytm,154.58,referral_bonus_payout,2026-04-26T08:34:06.564682,upi
pay_4c389a325b634e,u_afb0c768be,card_53986126f92441,346.42,referral_bonus_payout,2026-05-03T14:12:21,card
pay_fdfb99b61c0f43,u_6282ab053e,card_bdfc11df18ee4a,142.03,referral_bonus_payout,2026-05-04T19:48:35.388231,card
pay_4f631061b2064e,u_4e73f37211,card_64d9a7aa284047,212.54,referral_bonus_payout,2026-05-06T09:47:24.436434,card
pay_6037c4322cba47,u_04fc987ddd,card_8ad017b31b324e,139.08,referral_bonus_payout,2026-05-04T05:05:12.115082,card
pay_4670b5bd56c943,u_8e29282c45,pranit85@okhdfcbank,437.78,referral_bonus_payout,2026-05-06T08:08:50.094174,upi
pay_03d9f051333042,u_1505b72033,card_184723c4a43242,359.25,referral_bonus_payout,2026-05-19T04:56:21,card
pay_7813e66e716243,u_9d3ea8f48d,ksura@okicici,311.57,referral_bonus_payout,2026-05-19T21:54:56.972652,upi
pay_43f3ca09d1a445,u_cdfedb5f36,victorapte@ybl,110.45,referral_bonus_payout,2026-05-19T20:08:13.533791,upi
pay_d2eed819c1ca45,u_81430822f4,card_65e5f7aef86e4e,276.94,referral_bonus_payout,2026-05-20T22:07:35,card
pay_41eba96d6bc148,u_b470767c8a,card_491d967827cf46,251.5,referral_bonus_payout,2026-05-23T06:09:39.270070,card
pay_45c53a7356d444,u_7dde5c93f6,card_f63eeba3277840,254.09,referral_bonus_payout,2026-05-21T10:00:18.866302,card
pay_0cd091558cfa43,u_aee3077176,mitesh47@paytm,66.35,referral_bonus_payout,2026-05-22T23:54:57.877301,upi
pay_01bd17e537cc45,u_6c29aeb0b1,card_b56b963d7e1e47,74.8,referral_bonus_payout,2026-05-25T03:55:20.016764,card
pay_f85a76f9306646,u_fe68142d60,card_6390f1a6885f44,298.68,referral_bonus_payout,2026-03-20T15:34:44,card
pay_2bddcb8b8f5c46,u_ced67f57f4,card_519d7e9a66b94f,275.9,referral_bonus_payout,2026-03-22T20:11:25.090859,card
pay_54095e5aa8934f,u_022647fc9d,aayushdin@okhdfcbank,384.34,referral_bonus_payout,2026-03-26T06:55:35.575805,upi
pay_868be195f1a047,u_8a9401326c,dalajalad@okicici,353.24,referral_bonus_payout,2026-05-16T01:40:02,upi
pay_c059d96fc8a54c,u_5e1edb0f72,sanayanadkarni@okhdfcbank,222.55,referral_bonus_payout,2026-05-28T05:47:39.242377,upi
pay_c9298a2c215a43,u_d01746cfc6,chandreshben@ybl,72.92,referral_bonus_payout,2026-05-18T09:11:58.548916,upi
pay_e0b05351930e48,u_e2fde5c513,card_24bb30644baf4b,333.13,referral_bonus_payout,2026-05-25T12:51:43.503673,card
pay_b03d9d2d12f146,u_a7ea17840c,card_1a13a85f4c2741,402.96,referral_bonus_payout,2026-04-08T12:40:42,card
pay_d603561b8bb84d,u_db2c89dcd1,card_83e7440b25aa4d,205.89,referral_bonus_payout,2026-04-12T08:18:25.874091,card
pay_e5f39e5872034d,u_3be4208818,card_1a13a85f4c2741,141.87,referral_bonus_payout,2026-04-13T13:08:14.821452,card
pay_e4091a1e632b4f,u_480b21e108,card_1a13a85f4c2741,447.86,referral_bonus_payout,2026-04-13T13:21:47.016257,card
pay_ae14d4b07b274f,u_b7ae707db7,dharwahab@ybl,103.02,referral_bonus_payout,2026-04-13T03:06:41.698984,upi
pay_dd593cf7f5184d,u_145c6c8e1d,card_313775e0dbcb49,270.04,referral_bonus_payout,2026-04-09T20:35:15,card
pay_a9a80edc39a945,u_9f9ecd6941,udarshbabu@paytm,316.61,referral_bonus_payout,2026-04-10T18:23:49.656487,upi
pay_b7ae5f6e73bf48,u_af5e61cb4a,omishashere@ybl,174.81,referral_bonus_payout,2026-04-10T00:35:37.919922,upi
pay_1052b6b1fba144,u_007f2ed4a0,oyohannan@okicici,361.32,referral_bonus_payout,2026-04-10T07:38:15.869696,upi
pay_60adc5be39be40,u_ab19199774,nbatta@paytm,296.29,referral_bonus_payout,2026-03-05T02:09:01,upi
pay_d61486ef63524f,u_d48e1c317a,card_dde571cab27245,290.35,referral_bonus_payout,2026-03-05T23:23:42.322959,card
pay_126a3589407c4f,u_2bf2c2ef35,urmisanghvi@paytm,126.76,referral_bonus_payout,2026-03-05T07:44:11.654781,upi
pay_30bdb922878445,u_daf8d9f1c4,fitanedwin@paytm,253.43,referral_bonus_payout,2026-04-30T15:17:32,upi
pay_05be605ab63a4d,u_5b79af7818,card_4783413e369742,214.66,referral_bonus_payout,2026-05-09T00:34:32.108890,card
pay_52025509881f45,u_2c050970d6,fitanedwin@paytm,235.59,referral_bonus_payout,2026-05-04T18:21:36.621686,upi
pay_aec41f7dda524b,u_847b38efe2,card_e75abd009cee4f,228.89,referral_bonus_payout,2026-06-06T21:13:32,card
pay_b222a6e1d8f14b,u_dbe369de45,card_c80bd38697374f,89.63,referral_bonus_payout,2026-06-14T09:54:40.472450,card
pay_e6fa28f30d6545,u_b570ce4709,card_f7c74b329e264c,175.75,referral_bonus_payout,2026-06-17T14:16:30.229959,card
pay_abd019c173b841,u_7b04353c41,card_02b70e8baa0f43,107.67,referral_bonus_payout,2026-05-25T00:12:22,card
pay_f35dbaf870a846,u_55f5dbe7bc,avni84@okhdfcbank,488.4,referral_bonus_payout,2026-05-26T16:06:28.500290,upi
pay_5b983c0fbb6a40,u_f908bab414,chakradharpalla@ybl,235.8,referral_bonus_payout,2026-06-19T12:37:01,upi
pay_a587f7cc6dd542,u_a65fe0c495,card_1c7409da2e8349,375.48,referral_bonus_payout,2026-06-19T15:08:37.064899,card
pay_0aba03da101a44,u_3ac2669421,card_2488361cc19e4e,90.51,referral_bonus_payout,2026-06-19T15:10:26.761132,card
pay_004ca0fe43c742,u_d5245eb7a2,fbehl@ybl,131.72,referral_bonus_payout,2026-04-15T15:13:52,upi
pay_62fa037d152447,u_e7ebc913d0,card_13a8ae59e51845,442.15,referral_bonus_payout,2026-04-16T15:58:02.328578,card
pay_98983be32a1644,u_b7944c28c0,arastogi@paytm,406.44,referral_bonus_payout,2026-04-16T01:01:57.001621,upi
pay_730fad9f219840,u_e12c410d98,card_9880c03019704d,491.51,referral_bonus_payout,2026-03-08T01:38:30,card
pay_750e1c29227e45,u_962f98a112,chamanprashad@okicici,438.58,referral_bonus_payout,2026-03-18T02:05:29.222371,upi
pay_5030193f55e742,u_87edaa3e04,ranveersetty@okhdfcbank,322.16,referral_bonus_payout,2026-03-12T19:28:42.224405,upi
pay_dcfe4c0ac68e4c,u_3aecbd50fa,card_8a48bd0c96e04d,376.18,referral_bonus_payout,2026-03-12T11:45:37.366611,card
pay_8c775907d32845,u_11ba43f3aa,vorabhavani@okhdfcbank,58.37,referral_bonus_payout,2026-06-15T02:08:20,upi
pay_866eef4641094d,u_cefc9af46a,lavanya73@okicici,103.72,referral_bonus_payout,2026-07-01T05:22:07.570189,upi
pay_0c5a0052149041,u_96beba5efd,chaturamodi@ybl,253.63,referral_bonus_payout,2026-04-28T20:52:24,upi
pay_fc15d8626f3f49,u_0c660380d2,vincentagate@okhdfcbank,126.23,referral_bonus_payout,2026-04-29T07:42:35.042783,upi
pay_f9a9cdc549f24b,u_98fb14833e,card_2aad04a8c0064b,246.15,referral_bonus_payout,2026-04-29T20:03:23.267761,card
pay_421cf930fd5e42,u_7442f196b9,dbahri@okhdfcbank,56.25,referral_bonus_payout,2026-04-29T01:59:01.295984,upi
pay_3999686b56804b,u_95bb5f739e,chaturamodi@ybl,149.17,referral_bonus_payout,2026-04-29T20:39:14.088994,upi
pay_659646f3de624b,u_f5b7931ef1,card_8a97331b8f4f43,422.31,referral_bonus_payout,2026-04-29T11:17:14.986403,card
pay_8ff4e8c5442242,u_31632c87b2,card_f38bba9209974c,161.63,referral_bonus_payout,2026-06-12T12:16:25,card
pay_992d9bdd6d6842,u_6642a340db,card_d6c868d9da4743,73.31,referral_bonus_payout,2026-06-21T19:17:29.507286,card
pay_0da50d362fcf4e,u_17f0caa4de,ramakrishnanchanakya@paytm,247.83,referral_bonus_payout,2026-06-14T02:19:29.570979,upi
pay_089b5f382f7949,u_e9649fec29,card_a80a52336b214c,385.7,referral_bonus_payout,2026-06-26T09:10:42.020980,card
pay_be88e49b71694e,u_365c375242,nairnimrat@ybl,205.3,referral_bonus_payout,2026-06-30T14:36:02.779691,upi
pay_c41f53e846f84c,u_b89b39e7b9,nagarajancharvi@ybl,120.81,referral_bonus_payout,2026-07-02T07:56:24,upi
pay_c4f4c4e925504e,u_12c5650349,card_d0866aa4821648,203.63,referral_bonus_payout,2026-07-13T10:54:45.924685,card
pay_fb6dbf02d5624a,u_764a4f880d,card_00a8d57ce2b941,293.64,referral_bonus_payout,2026-07-16T09:28:38.726533,card
pay_3338741be17a49,u_50eb039e50,shivansh49@paytm,79.83,referral_bonus_payout,2026-07-17T06:02:59.157261,upi
pay_26e6ed575bf546,u_75409020e6,nagarajancharvi@ybl,439.61,referral_bonus_payout,2026-07-19T00:52:55.325618,upi
pay_df02ac6ec15345,u_a0970b2319,card_e1f110a32f7642,71.71,referral_bonus_payout,2026-04-28T10:08:04,card
pay_0a86cd930a2a46,u_b78fa336b3,chandanigoyal@ybl,489.72,referral_bonus_payout,2026-04-28T15:56:25.119385,upi
pay_0195cc582a4041,u_76cdadd1ab,abhapau@paytm,69.34,referral_bonus_payout,2026-04-29T01:51:28.294202,upi
pay_c47db4c7b02f4e,u_ffe2ddca72,card_7fd82c0f2d1942,396.16,referral_bonus_payout,2026-05-29T21:53:36,card
pay_e59ce3b4eb9247,u_898d12be13,card_3e203ec8a34f4d,215.3,referral_bonus_payout,2026-06-13T22:17:41.856967,card
pay_fc5cb74ef1414e,u_b06f6ebd9a,card_10a4ab7d62f349,432.97,referral_bonus_payout,2026-06-17T04:54:21.614193,card
pay_76d4075f23a848,u_a3b176b5a4,card_7fd82c0f2d1942,52.96,referral_bonus_payout,2026-06-17T00:20:04.927400,card
pay_7f74713467a245,u_9e5449326a,card_54d1d2f75de74e,208.82,referral_bonus_payout,2026-06-14T03:57:42.508314,card
pay_41e03fc860d14e,u_f7bc7c503e,aadhyaratti@paytm,117.93,referral_bonus_payout,2026-06-18T06:04:12.903934,upi
pay_d12343eacb154d,u_ddf636a192,kai95@okhdfcbank,465.83,referral_bonus_payout,2026-05-06T22:41:39,upi
pay_399ebda3a68148,u_6910ee1763,kai95@okhdfcbank,140.02,referral_bonus_payout,2026-05-14T10:58:33.236655,upi
pay_34080c141cf944,u_718b28814c,card_d70ab4ca307c42,351.68,referral_bonus_payout,2026-05-11T05:36:15.500156,card
pay_2be8bc817c4d4b,u_b460abcc6e,card_28e348f6c5ca4b,70.91,referral_bonus_payout,2026-05-11T17:54:11.663762,card
pay_0f20ee74116e46,u_eb7b32776a,card_12a1d33a89a644,363.79,referral_bonus_payout,2026-05-12T13:20:51.837066,card
pay_b33188965b0f48,u_3c464f22c2,joshiluke@okhdfcbank,136.53,referral_bonus_payout,2026-05-07T12:50:01.464766,upi
pay_b5c2ab86172347,u_4a9de6a5ac,card_e3f451329bf945,81.73,referral_bonus_payout,2026-06-02T01:45:32,card
pay_68f2e9b0a3434c,u_8bac4e04fb,card_e225cfe1c8b747,432.13,referral_bonus_payout,2026-06-10T19:47:24.461156,card
pay_bad1cf09e45346,u_1d4b06b9c9,lthaman@ybl,382.4,referral_bonus_payout,2026-06-03T13:13:03.219687,upi
pay_cb5e5799899446,u_f3d983297e,charita17@paytm,296.26,referral_bonus_payout,2026-06-14T16:50:37.758437,upi
pay_0b9e91d6efec4f,u_63d5fe9b23,bhallakrisha@ybl,52.1,referral_bonus_payout,2026-06-04T04:42:44.921811,upi
pay_8839b969dd1741,u_ea9b354071,ramhemangini@okicici,289.7,referral_bonus_payout,2026-05-22T13:58:09,upi
pay_cc10ab042e0d4a,u_eaa4a8caad,card_c68368d4e81648,237.91,referral_bonus_payout,2026-05-27T04:46:16.941754,card
pay_35bed59c89614e,u_c81e28f542,card_b77b90d841a444,303.65,referral_bonus_payout,2026-05-23T00:26:14.222983,card
pay_fb308b9798224a,u_ab5f994b5e,fitan57@okicici,195.7,referral_bonus_payout,2026-06-02T18:37:30.110147,upi
pay_d6eeca72c1b048,u_694d8b4a95,parsayochana@ybl,433.74,referral_bonus_payout,2026-05-14T21:45:53,upi
pay_223c48acf47a4b,u_138904da5a,card_4500c064b05a47,238.06,referral_bonus_payout,2026-05-18T03:27:19.496348,card
pay_af83b68b67ad4b,u_3cc17b75fd,shivanipingle@ybl,80.3,referral_bonus_payout,2026-03-11T20:37:35,upi
pay_2d8112cd5d764d,u_d3d1a01ddc,ljain@okhdfcbank,206.39,referral_bonus_payout,2026-03-16T13:16:09.027483,upi
pay_6d2fc833c5a743,u_b1bb85b1a0,aloke@okhdfcbank,92.59,referral_bonus_payout,2026-03-17T19:15:07.133514,upi
pay_ce61a188c9ac4e,u_5e39ea2171,card_e077893b9b2b4e,200.21,referral_bonus_payout,2026-03-13T04:10:15.919989,card
pay_f813a1c044a348,u_79d78c33ac,card_ac4f518be94d42,325.76,referral_bonus_payout,2026-04-16T02:21:49,card
pay_45c35dbe652a47,u_2dc0791d91,card_ac4f518be94d42,238.47,referral_bonus_payout,2026-04-19T12:54:59.023324,card
pay_b6aa5386a64442,u_c3dc7491ee,card_ea860c378bf14d,211.81,referral_bonus_payout,2026-05-04T05:20:55.196392,card
pay_432d00bd14c741,u_ee3eaf9345,ayush26@paytm,370.66,referral_bonus_payout,2026-05-04T10:35:39.519128,upi
pay_239dbeea0f9841,u_e1f6da8995,urmibhargava@paytm,95.33,referral_bonus_payout,2026-07-13T00:45:03,upi
pay_924cbf27126645,u_a563bfb63e,card_a005c92b8e3144,98.96,referral_bonus_payout,2026-07-13T07:44:14.800548,card
pay_8d67d7d7a78f4c,u_df6c0a6745,card_1a793821b8404a,251.42,referral_bonus_payout,2026-03-26T13:14:20,card
pay_eee299c6dbaa40,u_8e3ebcf37f,bawapeter@okhdfcbank,291.81,referral_bonus_payout,2026-03-27T08:50:10.877807,upi
pay_50c74c27ec1a44,u_84bafe9779,card_66990b14657b4d,107.99,referral_bonus_payout,2026-03-26T15:43:30.457772,card
pay_d685917323ae4c,u_272d119bb5,henrynair@okicici,124.59,referral_bonus_payout,2026-04-07T17:20:49,upi
pay_457e1eeeff6a4e,u_dd75d87c63,card_6237b70f99a14c,163.24,referral_bonus_payout,2026-04-23T19:12:31.934931,card
pay_4787795af9fb41,u_8b8f4d9b87,card_c18490d312404c,135.13,referral_bonus_payout,2026-04-20T00:29:55.019323,card
pay_f7acdecabcd640,u_43fbb7e179,card_63e5874b33ef43,393.1,referral_bonus_payout,2026-07-04T01:56:36,card
pay_857afa4852dc43,u_8d0d1223b0,keyarajan@paytm,337.11,referral_bonus_payout,2026-07-04T10:01:46.978434,upi
pay_0e0fa187a5de45,u_6057340468,card_90c1dc1eacce4a,169.99,referral_bonus_payout,2026-07-05T03:16:51.811824,card
pay_4cfd168e258140,u_5f828e1a4d,card_239e2553f55848,214.32,referral_bonus_payout,2026-07-04T13:09:07.294324,card
pay_7e1c79909a1846,u_94e0e9e62b,ukadakia@ybl,332.26,referral_bonus_payout,2026-07-04T14:02:40.012514,upi
pay_c1090ef9f93d43,u_e8512a8ab4,card_63e5874b33ef43,375.39,referral_bonus_payout,2026-07-04T21:14:58.882821,card
pay_b1cd79936b994d,u_694e585d3d,benpraneel@ybl,169.21,referral_bonus_payout,2026-04-03T14:52:01,upi
pay_82d1565948014f,u_febd72a4e3,ijaya25@okhdfcbank,471.76,referral_bonus_payout,2026-04-04T08:55:08.779495,upi
pay_9cda5fc589f441,u_18a027efa0,ddua@okicici,273.55,referral_bonus_payout,2026-04-03T21:13:02.525494,upi
pay_b72258b5fd3440,u_c51c8d1969,card_15d2989b4ae744,406.03,referral_bonus_payout,2026-04-03T22:22:22.269445,card
pay_7201829c6f304d,u_99a64790fc,card_12f891c2cacc41,198.85,referral_bonus_payout,2026-04-19T22:30:00,card
pay_818e4d2d18e04d,u_78e86b0c00,card_2c81326e1a074d,418.64,referral_bonus_payout,2026-05-08T19:11:28.633541,card
pay_5b4968d132de4f,u_87a0eb6f4f,card_a9856f2df16a44,162.03,referral_bonus_payout,2026-05-08T13:38:42.025062,card
pay_f21e4a0f74b04e,u_c2d9531ab7,card_74b3a5fe90c043,486.58,referral_bonus_payout,2026-05-06T04:05:07.623297,card
pay_7340403990494b,u_79ec94433a,card_5993052042d945,202.89,referral_bonus_payout,2026-07-18T00:54:50,card
pay_ba96915815964b,u_982d0637e1,jagdishraghavan@okhdfcbank,238.0,referral_bonus_payout,2026-07-27T08:17:15.401364,upi
pay_30b535c2d2874f,u_6280ab39b4,comarkalpit@okicici,73.6,referral_bonus_payout,2026-07-27T21:54:04.730111,upi
pay_483d24a8221443,u_40680be69d,daksha40@okhdfcbank,347.63,referral_bonus_payout,2026-07-23T03:16:49.902472,upi
pay_78a8e4f30c8142,u_6ecbd0e473,card_115f61759e9447,259.81,referral_bonus_payout,2026-07-18T16:57:34.194234,card
pay_3bb4e3ebcc704c,u_890a6b4c03,card_ad547d02ad8e43,431.25,referral_bonus_payout,2026-03-17T08:48:24,card
pay_19e87bc639d347,u_1d34e3339c,card_bd22bcd79b6040,307.59,referral_bonus_payout,2026-03-23T07:46:58.098463,card
pay_67c75013356b45,u_3b48e61f5e,card_2515083f50a849,271.37,referral_bonus_payout,2026-03-19T15:11:52.465704,card
pay_4d72686e436948,u_5222290118,zmemon@paytm,309.49,referral_bonus_payout,2026-03-24T14:26:12.017565,upi
pay_12dae31739ce47,u_199653c00b,card_ad547d02ad8e43,151.65,referral_bonus_payout,2026-03-26T23:46:53.208039,card
pay_1a9520c01e6645,u_631f9477f6,card_bddb77ab084f4c,273.28,referral_bonus_payout,2026-03-24T19:59:11.595900,card
pay_604d949dd3f24a,u_21b7e4a775,card_7cf9765693a243,278.74,referral_bonus_payout,2026-04-13T12:29:25,card
pay_220333ec879b4d,u_aae664dee6,card_3b5f23cf0bf24e,467.25,referral_bonus_payout,2026-04-27T00:43:15.437833,card
pay_d2e1751791fe49,u_d7328f2117,card_7b0bbb69b6e743,253.27,referral_bonus_payout,2026-04-27T20:08:09,card
pay_f1bd54ac5b8c44,u_7b7954e3ae,annechaitaly@ybl,400.59,referral_bonus_payout,2026-05-02T09:46:47.597522,upi
pay_977eeb6c368646,u_3c7ed16191,card_865a8d50078a4d,328.94,referral_bonus_payout,2026-07-05T12:03:19,card
pay_ae53e3843e0242,u_4502347655,card_8bfee6ba8a6243,253.12,referral_bonus_payout,2026-07-10T03:02:34.171203,card
pay_d40c40dd4ac24e,u_dd7584ad27,card_e14335d77e274f,306.12,referral_bonus_payout,2026-07-07T14:15:57.550776,card
pay_2449113ae40642,u_2b47bb9c5f,card_28cbd7248d8f4a,84.2,referral_bonus_payout,2026-07-07T16:14:44.486000,card
pay_06add9f0465e48,u_d46a4c0b8f,qabilvohra@okhdfcbank,249.41,referral_bonus_payout,2026-07-10T07:27:50.884606,upi
pay_9a212cc66e654e,u_6cbc10734b,card_0fb57551c2dc45,61.7,referral_bonus_payout,2026-07-07T08:14:08.142992,card
pay_377877e257d84b,u_109034e532,usaraf@okicici,138.28,referral_bonus_payout,2026-04-15T03:49:03,upi
pay_cb969581767649,u_dbc3c1098a,fdesai@ybl,278.49,referral_bonus_payout,2026-05-03T00:34:50.194604,upi
pay_ca094e8df2f74f,u_7e020fceca,card_654dfaa90d9449,311.25,referral_bonus_payout,2026-04-30T17:48:14.338042,card
pay_ee7d30be8cb143,u_e83cf36754,xalak39@okhdfcbank,293.67,referral_bonus_payout,2026-04-17T18:01:04.224300,upi
pay_47bb167c376145,u_26f1fd8fc7,card_d3e98f888f3243,401.45,referral_bonus_payout,2026-04-25T11:12:22.583594,card
pay_8cd05c338d3546,u_a23813d242,esaini@ybl,284.36,referral_bonus_payout,2026-04-16T03:11:21,upi
pay_dced7b79c1ca4a,u_46b44b3b1e,card_8e18a132206546,169.73,referral_bonus_payout,2026-04-19T09:27:29.976571,card
pay_d03c1930500544,u_126731b47e,card_1c9d2a2c31fb45,220.67,referral_bonus_payout,2026-04-18T11:55:50.806270,card
pay_67a515bcd0054f,u_10839f3826,tataayaan@okicici,330.83,referral_bonus_payout,2026-04-17T06:01:10.953037,upi
pay_111da850983242,u_dab92bf820,oliverdua@paytm,198.71,referral_bonus_payout,2026-04-20T01:01:13.846499,upi
pay_1cd9433e9f7b42,u_9227389053,card_24898031567643,305.06,referral_bonus_payout,2026-07-03T01:04:16,card
pay_14609654b7e344,u_1317030e43,card_24898031567643,354.4,referral_bonus_payout,2026-07-03T17:45:42.614138,card
pay_e9e68307d37844,u_8369c770e1,card_851748c689f240,292.92,referral_bonus_payout,2026-07-03T01:30:43.933486,card
pay_d2ceedb89c7f47,u_bec7ed924b,card_24898031567643,87.15,referral_bonus_payout,2026-07-03T22:21:00.398149,card
pay_2a937b1e7eeb4c,u_dd5cb93db9,card_68c6d4b0ded642,207.08,referral_bonus_payout,2026-03-16T02:40:16,card
pay_34d0366b9e0a4d,u_13df71874c,card_50c3cc1bccba4f,383.46,referral_bonus_payout,2026-03-16T03:07:22.765723,card
pay_d301d716bed242,u_0bdc9ae754,varenyadugar@paytm,471.55,referral_bonus_payout,2026-03-16T23:50:05.760572,upi
pay_f8fb098689964b,u_968e6bc7b6,card_afc49c582ed640,182.04,referral_bonus_payout,2026-03-16T18:06:15.920229,card
pay_c3d5568727a540,u_620d9514c8,card_dbe82187e3c34b,105.04,referral_bonus_payout,2026-03-16T13:39:46.235099,card
pay_2dc1be15634540,u_5c0aed770d,hgola@okhdfcbank,316.83,referral_bonus_payout,2026-06-20T05:28:45,upi
pay_4ecf6b480e1149,u_92f64c302c,card_9e3b908cbefe40,176.28,referral_bonus_payout,2026-06-20T15:42:15.005514,card
pay_5a2ae7dca3be4f,u_ffbfaeaab2,harshilsawhney@okicici,355.05,referral_bonus_payout,2026-06-20T07:31:20.025816,upi
pay_2eb5454357304d,u_8bd8ff389b,ftandon@paytm,283.16,referral_bonus_payout,2026-06-20T20:21:11.891251,upi
pay_bee1a91d09b54f,u_8f31ffa182,zbhattacharyya@paytm,251.25,referral_bonus_payout,2026-05-26T23:42:26,upi
pay_48e71511625745,u_bab813c7e3,mpandit@ybl,460.05,referral_bonus_payout,2026-05-27T21:07:11.958708,upi
pay_c12fc174919e4f,u_392ca9de55,ojasvi93@okicici,77.01,referral_bonus_payout,2026-05-27T01:44:40.089984,upi
pay_6c56f33759d342,u_35bac85b52,card_7b7c27d717b649,362.17,referral_bonus_payout,2026-06-16T02:22:57,card
pay_ce9f0a91065345,u_d0bde4c6eb,card_f5dd4c5a201c4a,73.47,referral_bonus_payout,2026-06-28T00:10:28.005047,card
pay_72ae1e56600349,u_1aa51c53df,com@ybl,208.35,referral_bonus_payout,2026-06-18T13:09:01.193438,upi
pay_7b019852087d4c,u_fc0fccdb77,card_28f81d67ca634b,118.11,referral_bonus_payout,2026-06-29T10:08:01.005644,card
pay_e16aad13903e4f,u_9319ebeb51,lekha45@okicici,119.5,referral_bonus_payout,2026-07-05T05:50:24,upi
pay_280efb87e9e148,u_a254018d0c,lekha45@okicici,496.09,referral_bonus_payout,2026-07-15T00:55:33.878565,upi
pay_915b552042304a,u_e863b2ec46,card_09f0d353661147,206.32,referral_bonus_payout,2026-07-19T08:34:58.148512,card
pay_7db3b3190ea645,u_122b0c3500,card_7c2f08cfd26742,243.68,referral_bonus_payout,2026-07-07T21:54:03.963431,card
pay_34f5e0dfd26048,u_61612042d0,chandmitesh@okhdfcbank,398.19,referral_bonus_payout,2026-07-16T07:15:14.602901,upi
pay_e6ce32b39ed04e,u_ec37a7f6f9,card_28fd6ce44fd240,447.73,referral_bonus_payout,2026-06-22T17:47:31,card
pay_8205abc8086d45,u_e251c16189,sharaflaban@okhdfcbank,316.92,referral_bonus_payout,2026-07-13T02:59:34.045744,upi
pay_ca4dbc0d027f45,u_10c1dff022,sanayadixit@okicici,56.33,referral_bonus_payout,2026-06-24T21:50:56.572658,upi
pay_3c7e44b45b9445,u_54f02833fa,yatin55@ybl,274.44,referral_bonus_payout,2026-06-29T10:23:47.121657,upi
pay_3c0621c5eb4348,u_6587b30b12,misracharita@ybl,269.84,referral_bonus_payout,2026-05-03T23:38:39,upi
pay_24dfc9d9b63844,u_91221184d6,card_ea1b5c313d274a,316.8,referral_bonus_payout,2026-05-05T07:01:53.667371,card
pay_6272828ca0ad4a,u_94d7c70197,card_5d472e8f71624c,435.98,referral_bonus_payout,2026-05-10T20:00:14.497440,card
pay_a5240d58ad7e43,u_2eefe643d0,thora@paytm,138.79,referral_bonus_payout,2026-05-08T15:44:25.569565,upi
pay_d3db507e95e847,u_633368a69e,card_be93060e5e8645,443.24,referral_bonus_payout,2026-07-04T09:45:10,card
pay_dd317e0acde24b,u_c4904a0891,card_408b331bc6d54b,292.73,referral_bonus_payout,2026-07-20T04:10:13.415017,card
pay_b8e53fae001c49,u_ffddf4c7fb,card_be93060e5e8645,461.49,referral_bonus_payout,2026-07-13T11:27:52.698046,card
pay_291ef2510ef647,u_652b7da64a,qabilkar@okicici,172.78,referral_bonus_payout,2026-07-24T02:43:36.681412,upi
pay_43a60e0999b64f,u_930e7685a4,babuyachana@okhdfcbank,447.58,referral_bonus_payout,2026-07-12T22:05:50,upi
pay_f38ec5f7270a40,u_1518e56d61,tanish17@okhdfcbank,442.87,referral_bonus_payout,2026-07-18T23:06:09.527207,upi
pay_5cb4b7fe8e304a,u_5e2d85a4be,card_9439504a049f43,496.27,referral_bonus_payout,2026-07-26T14:14:12.974001,card
pay_ec08f9244f9546,u_722e7b6934,indrajit12@paytm,212.89,referral_bonus_payout,2026-07-27T13:59:38.002523,upi
pay_62c7a53148fc4f,u_e4a77ac739,sarkarekaraj@okicici,453.69,referral_bonus_payout,2026-07-25T19:25:12.095095,upi
pay_6f52525ba0b346,u_e07724d8c4,card_2219317a8bfc4a,163.17,referral_bonus_payout,2026-05-11T20:54:06,card
pay_6c1331b8ad6d44,u_fb6f7ba377,joshua21@okhdfcbank,381.24,referral_bonus_payout,2026-05-14T08:52:33.137132,upi
pay_7ee20e3ac94342,u_587bfcc2c2,card_da617b0ce3bc41,180.93,referral_bonus_payout,2026-04-29T17:30:04,card
pay_923147aa274e4c,u_7dd94eec53,card_9a1113a0e00e42,69.11,referral_bonus_payout,2026-05-16T23:07:17.725721,card
pay_b2054f6026504a,u_ed4f7b4231,oscardass@paytm,101.07,referral_bonus_payout,2026-05-04T08:12:54.886520,upi
pay_9fc62d9213954a,u_c6461b28dc,card_96957ee9a42246,428.07,referral_bonus_payout,2026-05-13T18:29:25.804936,card
pay_0ebba5068d624d,u_d7d22b9ad1,madhav85@okicici,477.85,referral_bonus_payout,2026-05-06T01:33:25.524883,upi
pay_49de069d726647,u_feb5996418,card_b492bf55d45248,296.53,referral_bonus_payout,2026-05-12T21:00:40.646818,card
pay_fc6e5cbc8a2943,u_61b0f02b31,card_7e39da6f2e684a,171.96,referral_bonus_payout,2026-04-28T19:00:21,card
pay_d127072d44fc4f,u_ebc069b136,samaksh76@ybl,101.49,referral_bonus_payout,2026-04-29T20:12:04.197065,upi
pay_f77335f7a1104e,u_59a3d4098e,zaitra17@paytm,330.35,referral_bonus_payout,2026-04-30T09:27:47.620684,upi
pay_29b2297ac0e648,u_0945838b21,aaravganesan@paytm,78.77,referral_bonus_payout,2026-04-29T21:57:21.742526,upi
pay_bf4adb94ff284d,u_c66b47e387,ybajwa@paytm,454.39,referral_bonus_payout,2026-06-07T16:45:32,upi
pay_69c00792ef2c43,u_d5e277ceaf,ybajwa@paytm,278.25,referral_bonus_payout,2026-06-09T01:53:52.886754,upi
pay_9287772aeeb04c,u_7a30aeb392,card_ea41b371c57244,195.88,referral_bonus_payout,2026-06-11T05:08:28.178543,card
pay_299107b9234347,u_b0362cee3a,card_ff22bcaedc534b,181.98,referral_bonus_payout,2026-06-17T17:19:21.337970,card
pay_dba9eb633e7246,u_235f98ad99,lopa20@okhdfcbank,361.85,referral_bonus_payout,2026-06-23T07:20:23.743811,upi
pay_17371b39d3c746,u_178f0b4258,card_a5c1ad4ecbe541,497.88,referral_bonus_payout,2026-06-27T12:26:08,card
pay_6c5d93fd0ae64f,u_ecb7d17ad0,yachana95@ybl,104.36,referral_bonus_payout,2026-07-03T01:50:28.504742,upi
pay_f584c040335e47,u_a95d33e25a,wrideshpandya@okhdfcbank,240.69,referral_bonus_payout,2026-05-26T00:49:09,upi
pay_1e2061102ef545,u_9c57ae03bf,ira32@paytm,312.36,referral_bonus_payout,2026-06-01T04:04:47.282171,upi
pay_efab7a6711b14a,u_e260a3cdf9,wrideshpandya@okhdfcbank,241.12,referral_bonus_payout,2026-06-01T02:27:44.232792,upi
pay_4e187063981d4e,u_b0829bb974,card_922d0eeefd564c,446.36,referral_bonus_payout,2026-05-31T13:37:19.056201,card
pay_e76e1c1e3d3c43,u_4885366c42,amara91@paytm,282.14,referral_bonus_payout,2026-05-31T01:38:48.414467,upi
pay_5555dd75f43f41,u_b971571b2c,fgokhale@paytm,385.56,referral_bonus_payout,2026-05-30T08:43:33,upi
pay_d6d4cea5d4644f,u_2a9efff36e,pavanibhatia@okicici,150.87,referral_bonus_payout,2026-06-08T21:15:10.680463,upi
pay_9d9611c1706240,u_63888ef154,libni58@paytm,499.68,referral_bonus_payout,2026-06-06T05:36:36.822559,upi
pay_a1e3253e600549,u_44bde73171,benjaminbhatia@paytm,336.52,referral_bonus_payout,2026-06-01T23:51:10.142818,upi
pay_8b3f4a8e3c4342,u_5b6bd47f15,card_4f28da7387f049,162.82,referral_bonus_payout,2026-06-11T12:43:22.362835,card
pay_413f7639cf7944,u_44f7382936,card_5d6d97b4b9424d,301.15,referral_bonus_payout,2026-06-27T13:30:39,card
pay_21899870f34f4f,u_07e1da28f7,tvarughese@okhdfcbank,354.83,referral_bonus_payout,2026-07-16T08:04:05.587549,upi
pay_f78d06bfe5d74a,u_914d1c0777,godanitara@ybl,264.88,referral_bonus_payout,2026-03-09T12:01:12,upi
pay_6294a2ca7a1e41,u_a615a08c25,card_9ed2cbf6ed0849,121.6,referral_bonus_payout,2026-03-15T00:52:38.990396,card
pay_786cc095582147,u_4df416420a,godanitara@ybl,131.6,referral_bonus_payout,2026-03-15T03:55:02.711010,upi
pay_693813419e2141,u_50f5eb5fd1,janaki89@okicici,254.18,referral_bonus_payout,2026-03-10T22:14:39.534825,upi
pay_9334e2cf2e8a4f,u_cf8f493675,card_3494611a9f514d,426.36,referral_bonus_payout,2026-03-13T07:16:39.506285,card
pay_c8b70c04edc048,u_2e589850ef,card_f1b401c2c80746,282.1,referral_bonus_payout,2026-05-13T02:20:33,card
pay_ab06086cda3d42,u_c47b34fd08,card_d824ca70604a45,71.74,referral_bonus_payout,2026-05-13T12:06:17.046456,card
pay_d057b88efe6443,u_aaa8a89732,ddugar@paytm,61.03,referral_bonus_payout,2026-05-13T06:14:16.912330,upi
pay_cf9c872487ad49,u_017af1888b,card_bffe98415e3046,296.05,referral_bonus_payout,2026-05-13T10:31:38.093899,card
pay_1739781d397544,u_aac4a1d77a,nairfalguni@okicici,100.95,referral_bonus_payout,2026-05-13T15:30:57.435507,upi
pay_b716cdb1a0054d,u_9d2381b6c0,sarafekiya@ybl,389.95,referral_bonus_payout,2026-03-30T15:32:57,upi
pay_6055b0714a2441,u_ff5e2ccefd,banjeet79@okicici,240.86,referral_bonus_payout,2026-04-01T07:13:46.669528,upi
pay_d62c59233b6c44,u_79f0fe1a40,card_c17b8e3b1f514a,155.55,referral_bonus_payout,2026-04-15T08:17:51.206638,card
pay_9eb99053a4bf41,u_ebecc32259,zashil90@okhdfcbank,237.15,referral_bonus_payout,2026-03-19T03:59:14,upi
pay_880bf053fff448,u_f56b7bc73d,balayyashvi@ybl,380.14,referral_bonus_payout,2026-04-05T00:05:05.985811,upi
pay_3f0ed544c4cc44,u_6800fe0151,card_f51eb7135bb144,98.15,referral_bonus_payout,2026-04-10T14:35:58.880162,card
pay_015dce86298445,u_144c593c2d,praneeltripathi@okhdfcbank,339.13,referral_bonus_payout,2026-06-26T00:49:00,upi
pay_16875d1d65c843,u_b4bc74a386,card_6e7b9b5ae5494f,149.57,referral_bonus_payout,2026-06-26T04:05:40.606040,card
pay_4ce4c821c8fe4a,u_c05b5e7b6c,merchantanusha@paytm,478.83,referral_bonus_payout,2026-07-06T11:54:03,upi
pay_0591cd6bf64744,u_44bd3a2449,merchantanusha@paytm,78.35,referral_bonus_payout,2026-07-06T14:28:03.602392,upi
pay_6d9374b234e74d,u_10a04a3916,card_953ae0b613ff46,66.09,referral_bonus_payout,2026-07-06T19:19:50.497121,card
pay_6f5d4a2eb78b44,u_5e15ceb626,card_9f3b0251b6cf4c,258.44,referral_bonus_payout,2026-07-07T08:01:42.101085,card
pay_f0f75b84f6b149,u_07171251b0,aarnabakshi@ybl,182.48,referral_bonus_payout,2026-07-07T06:46:47.319481,upi
pay_a10f5ae71a904a,u_0f00d795b9,jacksondeo@okhdfcbank,119.14,referral_bonus_payout,2026-07-06T16:20:54.122308,upi
pay_5c716f197dc744,u_a4888993c9,sarkarwatika@ybl,447.99,referral_bonus_payout,2026-03-21T14:35:28,upi
pay_498f84ba5d5e40,u_7b194801bc,bdey@okhdfcbank,336.85,referral_bonus_payout,2026-03-22T13:20:31.260968,upi
pay_6fd031b1f7a24a,u_452215839e,wyatt62@ybl,459.18,referral_bonus_payout,2026-03-22T00:33:52.859651,upi
pay_1ee1ae0dc2e44b,u_d4ce561bc7,mnair@okicici,402.35,referral_bonus_payout,2026-04-02T11:47:53,upi
pay_292d868155654b,u_0c559f608b,card_c31abdda009647,146.79,referral_bonus_payout,2026-04-05T10:07:47.634183,card
pay_69c79e2760dc45,u_bbf7e3269f,bathlibni@ybl,335.48,referral_bonus_payout,2026-04-09T06:41:56.273222,upi
pay_20b302cf094f4f,u_54344e3bcf,geetikamahajan@paytm,94.68,referral_bonus_payout,2026-04-11T08:15:18.481469,upi
pay_45b9b183cc1d47,u_e077b61f8a,siddharthgupta@okicici,122.21,referral_bonus_payout,2026-05-13T21:59:12,upi
pay_6462429b0f6d40,u_45b097c3c0,card_60a7e6b678e541,472.35,referral_bonus_payout,2026-05-22T07:07:01.892642,card
pay_360a7bedf44540,u_f2534edbb8,siddharthgupta@okicici,277.8,referral_bonus_payout,2026-05-17T02:10:42.942308,upi
pay_cbee983be3ae40,u_adeef05fd6,siddharthgupta@okicici,345.49,referral_bonus_payout,2026-06-02T05:02:18.071348,upi
pay_2ab6427d5b394e,u_c38c47da51,lbehl@paytm,410.09,referral_bonus_payout,2026-05-17T07:10:58.608520,upi
pay_b66f37d6c81f4b,u_56951f3fe1,sundaramkashish@okhdfcbank,499.92,referral_bonus_payout,2026-05-19T06:31:06.619957,upi
pay_623167ecf1a24e,u_cdd623b5c3,card_2e69aea1823b43,477.91,referral_bonus_payout,2026-06-05T05:30:00,card
pay_fbea34cce02f41,u_fb27fbef94,xramachandran@paytm,191.52,referral_bonus_payout,2026-06-15T04:48:56.158209,upi
pay_72439f7b8d5643,u_f2f28b8fa7,card_b5e4a66e30b844,387.59,referral_bonus_payout,2026-06-14T08:05:21.189141,card
pay_6fd72571b3f246,u_9214dab821,card_f6f804e640404f,282.0,referral_bonus_payout,2026-06-08T23:18:12.384699,card
pay_4eebb35d4ff949,u_e55dd83e95,ubera@paytm,180.95,referral_bonus_payout,2026-05-30T04:05:19,upi
pay_b5154253ceb84a,u_312165d736,card_2f6894a1836a48,476.86,referral_bonus_payout,2026-05-31T06:51:11.430455,card
pay_a54b7fa308934f,u_3346692fc6,card_c073525a3ec24b,435.2,referral_bonus_payout,2026-05-31T12:02:24.816176,card
pay_0d75d47d799145,u_d88c147914,card_2558674c8b8047,243.97,referral_bonus_payout,2026-05-28T17:11:35,card
pay_a72f9c134f4e4f,u_eb810da410,card_2558674c8b8047,442.54,referral_bonus_payout,2026-06-04T21:28:41.402007,card
pay_07e7665b11624c,u_88121ffd66,qseth@paytm,205.08,referral_bonus_payout,2026-06-02T13:01:42.846613,upi
pay_0dd27717905e4c,u_63e68016d6,card_2558674c8b8047,198.37,referral_bonus_payout,2026-06-04T17:19:41.174314,card
pay_57b9d22c5c8142,u_3b6b4f2267,mvenkataraman@ybl,237.1,referral_bonus_payout,2026-05-30T14:04:13.080925,upi
pay_d546fe0b793449,u_387884337e,card_e2c910bb366b4c,424.05,referral_bonus_payout,2026-03-17T21:45:04,card
pay_fd63d1050e884a,u_648a47359a,card_a0e9de43e96747,418.1,referral_bonus_payout,2026-03-28T05:20:21.981218,card
pay_631b52f8bfb24a,u_a9fa70bdd3,champak56@okhdfcbank,392.86,referral_bonus_payout,2026-07-11T18:21:22,upi
pay_e9ff1bef082c41,u_945bc2fdbf,vihaanpathak@okicici,464.42,referral_bonus_payout,2026-07-12T12:24:10.818388,upi
pay_c8270625ee194b,u_e9acf15695,qabilgarde@paytm,278.7,referral_bonus_payout,2026-05-24T14:49:52,upi
pay_05332d850a1e45,u_5fa208e0a1,qabilgarde@paytm,223.37,referral_bonus_payout,2026-06-02T19:46:20.801077,upi
pay_a6e53056563549,u_4f04d701a0,varenya84@paytm,362.64,referral_bonus_payout,2026-05-31T15:19:11.269710,upi
pay_7e0a441ded684b,u_f0dbf9549c,card_2fd850083d0049,181.56,referral_bonus_payout,2026-06-02T08:42:51.479070,card
pay_6692faa5035e46,u_5fc45349c8,lajita20@okhdfcbank,226.48,referral_bonus_payout,2026-05-27T11:20:25.047514,upi
pay_44774f83358d41,u_1e990b2c33,wchandra@paytm,354.24,referral_bonus_payout,2026-05-24T16:14:32,upi
pay_c5c3020e542640,u_df2e9b2f78,deshpandelohit@ybl,363.63,referral_bonus_payout,2026-06-01T21:40:10.734743,upi
pay_09019a4999104f,u_3e7e232a89,wchandra@paytm,117.54,referral_bonus_payout,2026-06-14T17:38:38.815540,upi
pay_667974f4472b4b,u_e7e8641f59,chandreshthakur@paytm,344.86,referral_bonus_payout,2026-06-15T11:51:32.202586,upi
pay_0806e96a1ea44f,u_98721408bc,card_0c91782ec06447,299.26,referral_bonus_payout,2026-06-07T21:23:59.390963,card
pay_bc8d5a2393ac4b,u_a29d2793bd,card_bff03036d81944,220.5,referral_bonus_payout,2026-03-24T21:09:16,card
pay_24235c6c46a244,u_d336e5fa39,lakshmi23@okicici,211.96,referral_bonus_payout,2026-04-07T12:45:01.279353,upi
pay_6a85c1efa52646,u_78eb169d18,agastya75@okhdfcbank,258.66,referral_bonus_payout,2026-04-02T00:55:52.773747,upi
pay_7868cd26fad94c,u_06627de1de,ramaswamyjason@okicici,212.7,referral_bonus_payout,2026-06-27T06:24:52,upi
pay_cc28d42e445f46,u_400a35b8bf,sai69@paytm,305.8,referral_bonus_payout,2026-07-14T11:50:44.648054,upi
pay_e10fd6af1e6f43,u_357b349499,ramaswamyjason@okicici,150.57,referral_bonus_payout,2026-07-14T05:14:21.606794,upi
pay_0bcaf46f9fdb49,u_5f2efccec3,vram@okhdfcbank,450.9,referral_bonus_payout,2026-07-07T23:28:51.493456,upi
pay_6f1b037f09c348,u_af5c5d0094,asankaran@ybl,202.42,referral_bonus_payout,2026-06-29T11:01:22.327482,upi
pay_c5c0d63efa0f46,u_68917f7724,ramaswamyjason@okicici,308.57,referral_bonus_payout,2026-07-15T00:57:11.611354,upi
pay_62424bdff96c49,u_ee83122e02,lekhabhandari@ybl,55.86,referral_bonus_payout,2026-03-09T02:08:01,upi
pay_60dde2d06bbe4f,u_dd0c757428,lekhabhandari@ybl,153.14,referral_bonus_payout,2026-03-15T13:43:31.238657,upi
pay_77a401ef3e8e4d,u_c301ba89ef,card_f578ed4995d046,298.62,referral_bonus_payout,2026-03-17T15:19:26.912329,card
pay_017193d113f342,u_5bfd463e30,card_0843696305c342,209.25,referral_bonus_payout,2026-03-14T03:41:03.865359,card
pay_6a990008216a4b,u_fc40d7be9c,zansichacko@paytm,396.85,referral_bonus_payout,2026-06-14T14:31:18,upi
pay_a361ef08815340,u_6fa3a00bea,card_341a0c9a628443,188.77,referral_bonus_payout,2026-06-29T01:11:00.222413,card
pay_13ba00d13e5a41,u_4519005d2f,card_7b43a588663c46,172.4,referral_bonus_payout,2026-07-02T15:56:20.123592,card
pay_1675a232009941,u_b9faa6efda,zansichacko@paytm,246.58,referral_bonus_payout,2026-06-19T06:14:56.613467,upi
pay_fef8f099167845,u_f07bcd4d0d,johalanita@okicici,424.48,referral_bonus_payout,2026-06-15T22:17:16.483606,upi
pay_7b50175dfe7a44,u_de5ecb6f17,card_765ddf1481924d,335.57,referral_bonus_payout,2026-06-26T14:48:01.529851,card
pay_307bac6ac1d24c,u_60133f4cc8,card_59dfca7881a94a,426.0,referral_bonus_payout,2026-05-06T06:34:29,card
pay_51b06058683e46,u_523ef81b98,card_bc8a6ac47fbd40,296.9,referral_bonus_payout,2026-05-07T02:15:41.589431,card
pay_6e699a60e9e443,u_7f243c8cc3,card_59dfca7881a94a,138.64,referral_bonus_payout,2026-05-07T02:21:04.819871,card
pay_7cdd9a2b62834d,u_74ccace97e,card_0dedc519445d4a,386.24,referral_bonus_payout,2026-05-06T11:23:52.658118,card
pay_726976f837714d,u_5e0c46cc99,qbhatnagar@okicici,388.07,referral_bonus_payout,2026-05-06T17:06:06.139195,upi
pay_5d45ca9b10124e,u_1cafec9306,onazareth@ybl,414.51,referral_bonus_payout,2026-05-06T11:58:38.184661,upi
pay_d7724d3fa4c94e,u_b20809fe1e,card_b6f940d3693741,244.4,referral_bonus_payout,2026-07-07T16:14:49,card
pay_c0a1a34f490f40,u_e12b236922,kabirmahajan@okhdfcbank,89.88,referral_bonus_payout,2026-07-08T05:01:36.110834,upi
pay_472200579fe044,u_193523cbe3,hjain@okhdfcbank,211.29,referral_bonus_payout,2026-07-08T08:42:51.661663,upi
pay_8b06a113f79949,u_d7171eab95,radhabath@paytm,203.17,referral_bonus_payout,2026-07-07T21:51:54.275176,upi
pay_c0848957114547,u_14af56e3c1,bnori@okhdfcbank,71.63,referral_bonus_payout,2026-05-02T23:14:22,upi
pay_bbe60b49f45548,u_4f34bd7688,card_43432ff5a4fd4e,238.95,referral_bonus_payout,2026-05-03T19:25:19.409029,card
pay_f8fd0925e6ae46,u_d9863d0bbc,nidra24@okicici,465.71,referral_bonus_payout,2026-05-03T06:00:50.230369,upi
pay_2463555a23ba4a,u_929a09a539,card_8b99aae59cd54b,364.92,referral_bonus_payout,2026-05-03T00:38:15.111334,card
pay_75142ea923e945,u_d57ee2c092,parsajagdish@paytm,370.47,referral_bonus_payout,2026-05-03T11:59:15.008965,upi
pay_e6b4110f87c34b,u_4cf76d7852,card_659d43248a834f,264.12,referral_bonus_payout,2026-05-24T00:00:40,card
pay_81a53bb4698b4c,u_2ac57509f6,indrajitmaharaj@ybl,415.91,referral_bonus_payout,2026-05-24T08:09:59.099139,upi
pay_b15e8f1372794c,u_c3869c82df,lohit14@okicici,444.37,referral_bonus_payout,2026-07-11T03:26:04,upi
pay_7cd4267132cc43,u_d0704601ee,card_03a9f7aaddce4c,105.5,referral_bonus_payout,2026-07-17T07:49:52.644769,card
pay_1724f9a559644a,u_31b75b8e69,oviyabaria@ybl,197.09,referral_bonus_payout,2026-07-18T12:19:59.980458,upi
pay_3cac4b4930c142,u_f64047792a,lavanyaanne@ybl,170.86,referral_bonus_payout,2026-07-24T12:53:47.272357,upi
pay_9ae51b6b5a0d47,u_3c29aa1fc7,yashicasodhi@ybl,180.58,referral_bonus_payout,2026-03-17T09:30:17,upi
pay_a4636b3298b242,u_002075effd,card_08155f3f671747,174.44,referral_bonus_payout,2026-03-18T10:12:26.369753,card
pay_bcd7b94e2bce42,u_0621c959bf,kibeganga@okicici,359.62,referral_bonus_payout,2026-03-18T01:47:48.305784,upi
pay_358726b2da434c,u_7385a3c55a,card_12b607913a8446,145.35,referral_bonus_payout,2026-03-17T19:44:51.697698,card
pay_9c30ad7f67af48,u_bb96fe0161,card_0f719799b1ec49,392.83,referral_bonus_payout,2026-03-18T06:53:50.095288,card
pay_b27a04c8075941,u_6ae4796d9b,card_115a76d2493245,457.81,referral_bonus_payout,2026-05-20T18:14:58,card
pay_447f1dd1ac5847,u_8545c02ce0,card_12362f9271f040,343.91,referral_bonus_payout,2026-05-24T09:11:48.793796,card
pay_0e56ca11c8ce48,u_046c5672b7,card_2dfe3fa25efe42,185.67,referral_bonus_payout,2026-05-31T13:07:30.070004,card
pay_bcfd083122f543,u_32b48cddaf,amolsrinivasan@okicici,232.85,referral_bonus_payout,2026-05-23T08:28:38.866740,upi
pay_565e8341a93b42,u_f50e44f84b,card_2f9afda1f60948,188.68,referral_bonus_payout,2026-06-01T07:48:18.502024,card
pay_95ef0c8d119647,u_b6e9e32adb,indrajit41@okicici,404.57,referral_bonus_payout,2026-07-01T07:12:27,upi
pay_e421d9ce982a4c,u_5033b3b76f,card_6b501d60786442,295.13,referral_bonus_payout,2026-07-04T12:25:13.341165,card
pay_766c190e04ad41,u_f342d1f75c,phanda@okhdfcbank,215.87,referral_bonus_payout,2026-07-10T13:46:53.322081,upi
pay_05b2e6fe041840,u_995057c125,card_b3a88c588bbd48,366.55,referral_bonus_payout,2026-07-10T09:16:49.541341,card
pay_7a930a45389f41,u_7245a9f960,card_1e55d0bd01054c,142.09,referral_bonus_payout,2026-03-30T22:50:30,card
pay_f070ecc92b344b,u_845af48d86,card_61617ccbd6284e,79.06,referral_bonus_payout,2026-04-03T05:43:40.877911,card
pay_d8196fc874df48,u_e4a7068865,card_248d1bc7500a4a,490.53,referral_bonus_payout,2026-04-08T08:10:11.087771,card
pay_547a52fa0b8548,u_bc0714b98d,card_112579f38b8c4f,138.12,referral_bonus_payout,2026-07-06T04:23:37,card
pay_7b496121d22c45,u_33bca4f061,card_ff71f32948574b,290.33,referral_bonus_payout,2026-07-11T01:01:25.840489,card
pay_adc88ab6c3b240,u_532aa6d1fd,card_c1a15ceb374345,459.79,referral_bonus_payout,2026-05-19T18:42:53,card
pay_b56b9535c7184a,u_76f7ccb1a5,card_33c304e6ba414c,162.49,referral_bonus_payout,2026-06-04T09:10:37.138046,card
pay_9180077dc3c247,u_48740e3388,card_c1a15ceb374345,242.96,referral_bonus_payout,2026-06-01T15:22:56.081911,card
pay_0f5648545cd64b,u_dec7307c76,card_70a364e8c91848,249.63,referral_bonus_payout,2026-06-08T00:56:52.448356,card
pay_439a2e46d45d4c,u_4c05518e6d,card_195e6117533646,147.01,referral_bonus_payout,2026-03-01T08:27:14,card
pay_cf4dd5a69bc54e,u_f18e34a081,ukoshy@okicici,387.79,referral_bonus_payout,2026-03-02T11:30:48.646231,upi
pay_78ee4ff3165f44,u_3dada4c7a8,card_195e6117533646,90.18,referral_bonus_payout,2026-03-11T19:36:17.401234,card
pay_b95f8c2adb7949,u_d53c866d79,card_195e6117533646,358.38,referral_bonus_payout,2026-03-02T13:49:37.266970,card
pay_f490afd7aa744a,u_11000e4b5c,sanaya64@ybl,264.68,referral_bonus_payout,2026-07-16T08:32:46,upi
pay_0a74cc90ef4a45,u_fa32e6731b,fsant@okicici,281.12,referral_bonus_payout,2026-07-29T17:38:37.409109,upi
pay_293c0afd36904a,u_7d3d8e1100,esoni@paytm,361.83,referral_bonus_payout,2026-07-29T00:02:21.846991,upi
pay_f174d508639d43,u_1bd3ef7531,sanaya64@ybl,97.05,referral_bonus_payout,2026-07-26T10:45:25.270364,upi
pay_c6b932a2919f4f,u_dbca1ccf8e,card_632fca99ad504b,370.14,referral_bonus_payout,2026-07-31T03:12:44.601654,card
pay_b7272ceedc6249,u_193dee0575,card_04b1b4c10dd544,312.32,referral_bonus_payout,2026-03-26T10:36:42,card
pay_b011be9c0fc84b,u_9a7a3810a0,wadhwaaayush@okhdfcbank,369.22,referral_bonus_payout,2026-03-30T03:10:18.249126,upi
pay_0330dc0cb78e40,u_ecd9e426be,sarnaom@ybl,290.42,referral_bonus_payout,2026-04-11T03:39:20.112304,upi
pay_4e4ac70ff94a48,u_7ec7a3d4c3,dayamaibhat@okhdfcbank,175.27,referral_bonus_payout,2026-04-04T17:13:50.269032,upi
pay_c9381464d73349,u_39c676ee3b,wriddhish38@okicici,428.31,referral_bonus_payout,2026-04-06T12:09:25.418206,upi
pay_d477886123684c,u_0c0dfd43f6,libnigala@ybl,275.0,referral_bonus_payout,2026-03-31T08:16:13.815998,upi
pay_3728dd60502c46,u_f6670bea4c,emangat@okhdfcbank,217.5,referral_bonus_payout,2026-04-24T05:15:38,upi
pay_5105485ec3be4c,u_5d41dba4c7,emangat@okhdfcbank,173.38,referral_bonus_payout,2026-04-26T08:08:24.612313,upi
pay_c1542f5e620843,u_d974d57543,card_4545d40f782348,341.62,referral_bonus_payout,2026-05-09T10:11:10.301672,card
pay_bfb6e18de97144,u_ea5e45d01c,george39@okicici,260.11,referral_bonus_payout,2026-05-05T06:42:55.784624,upi
pay_2e9e18cab0914c,u_45a67dc7ed,emangat@okhdfcbank,198.71,referral_bonus_payout,2026-05-02T05:08:37.293164,upi
pay_5768c45624eb45,u_28b5390ad2,abhachacko@paytm,337.55,referral_bonus_payout,2026-05-08T06:39:27.091673,upi
pay_be1c1fb4da6241,u_992f1468cf,card_d2fb4fa09b7a4f,76.94,referral_bonus_payout,2026-05-29T23:47:11,card
pay_9d05b1a13de648,u_a7369655ab,card_c196ff705fb943,497.41,referral_bonus_payout,2026-05-30T14:49:44.494386,card
pay_4c5e7c7cb67f40,u_6ecaf88c9d,gbobal@ybl,390.63,referral_bonus_payout,2026-05-30T12:17:50.256969,upi
pay_2ee92c7fb0a341,u_22b1311187,card_1f2755cc9b9240,127.74,referral_bonus_payout,2026-06-11T22:46:05,card
pay_71d68c6d21aa45,u_e1175aca0d,card_1f2755cc9b9240,483.79,referral_bonus_payout,2026-06-22T03:12:06.435715,card
pay_c413c79e5d1240,u_0fa76fb783,card_c43a36d267bd4f,445.67,referral_bonus_payout,2026-06-25T12:34:01.891857,card
pay_aa9bb21ca53745,u_e5ac1ff3e2,card_07d800bcec8c45,107.42,referral_bonus_payout,2026-06-28T19:18:41,card
pay_2d3659a5349d4f,u_0dcc77f6e8,tandonbhavini@ybl,146.18,referral_bonus_payout,2026-07-02T17:38:56.824067,upi
pay_d2806a5b06864b,u_1372c64b4d,card_41db787056e243,401.56,referral_bonus_payout,2026-06-29T04:36:25.207263,card
pay_f04b594b38de4a,u_a647664ffb,vincentnayar@okhdfcbank,450.37,referral_bonus_payout,2026-06-30T05:35:19.889690,upi
pay_b13f23ce00b24e,u_e68d1a8c68,card_7d80f53cd8dd40,222.34,referral_bonus_payout,2026-07-02T08:52:44.886612,card
pay_07e34246efd547,u_973ead1709,avikothari@okhdfcbank,474.68,referral_bonus_payout,2026-07-01T23:13:58.652766,upi
pay_4a325df671054b,u_fd6801a063,card_858740592d7049,371.43,referral_bonus_payout,2026-07-02T09:54:33,card
pay_2c420f6b5df04e,u_973e6192b9,card_858740592d7049,103.37,referral_bonus_payout,2026-07-05T16:35:30.025919,card
pay_2ae7f1fec11f47,u_57567f8a03,card_f9de1fe9d22b4c,298.2,referral_bonus_payout,2026-07-10T16:58:28.250836,card
pay_bddf6db61f534a,u_8628719c74,loyalrayaan@okhdfcbank,188.92,referral_bonus_payout,2026-07-07T06:30:50.537021,upi
pay_119bbafcb35746,u_0e02a838f7,sanghvineel@paytm,432.19,referral_bonus_payout,2026-07-04T05:33:38.963628,upi
pay_43915c51303341,u_ddd1220198,card_e5c331f3370048,494.15,referral_bonus_payout,2026-03-20T12:05:15,card
pay_df0f2dc9fae246,u_71d73dcd04,card_e5c331f3370048,439.19,referral_bonus_payout,2026-03-20T18:16:55.694236,card
pay_93aa109b57d843,u_de79bd999a,card_e5c331f3370048,395.52,referral_bonus_payout,2026-03-21T10:27:36.719259,card
pay_5855428c340042,u_0462c47edd,card_a67b53f0fab940,180.43,referral_bonus_payout,2026-03-21T03:31:36.266511,card
pay_88789919f1b64d,u_7e0293edae,card_94e06ecf32534e,480.79,referral_bonus_payout,2026-04-10T18:21:32,card
pay_d5ff28041b7147,u_8c69c52258,krishnaiyer@okhdfcbank,388.25,referral_bonus_payout,2026-04-20T18:04:28.631236,upi
pay_1b69251c18ba4b,u_8c6a8d2f7e,card_445a2233b93e4e,271.41,referral_bonus_payout,2026-04-27T12:29:18.231768,card
pay_36ee279d85b447,u_7e0edf4715,card_6f3b95f7407e4f,497.96,referral_bonus_payout,2026-04-23T11:35:05.215627,card
pay_146ad3b5d94f4f,u_435a886310,card_b58f7205e7044e,429.76,referral_bonus_payout,2026-04-25T09:19:17.742118,card
pay_0758adfe4cfe48,u_9132a033a4,yachanabalan@paytm,318.71,referral_bonus_payout,2026-05-22T10:04:54,upi
pay_22e482833baf4e,u_60ab847d4e,card_89dcd167506646,51.36,referral_bonus_payout,2026-05-23T05:25:32.118594,card
pay_8042b19c8e954d,u_f303764ee2,aadhya60@ybl,271.43,referral_bonus_payout,2026-06-07T23:20:31.645062,upi
pay_fc8740b07c1341,u_5b194a32b6,murthyvictor@paytm,218.15,referral_bonus_payout,2026-05-25T16:29:20.130749,upi
pay_8d400782ee4f4b,u_d341863769,yachanabalan@paytm,251.97,referral_bonus_payout,2026-06-02T10:05:32.327343,upi
pay_cfc88e4cbf3349,u_73779eb8e2,yachanabalan@paytm,341.53,referral_bonus_payout,2026-06-01T13:00:09.173712,upi
pay_4aefec31d81e48,u_1ad8b8d620,card_f3d913ddbb4f43,425.94,referral_bonus_payout,2026-04-27T09:10:45,card
pay_01f8c526d24941,u_9414c09ce0,anvi92@paytm,355.4,referral_bonus_payout,2026-04-28T08:33:50.133082,upi
pay_97745128762249,u_8f59239a0b,alkabiswas@okhdfcbank,350.89,referral_bonus_payout,2026-05-24T04:11:39,upi
pay_1c6b405461a644,u_8da4ba91c6,kamdarfiyaz@okhdfcbank,309.14,referral_bonus_payout,2026-05-24T08:31:44.912857,upi
pay_c8b546f484124d,u_5cd0c10c3e,card_ebea10f5a9b947,384.47,referral_bonus_payout,2026-05-24T16:40:53.016675,card
pay_9a66b0f905ff4f,u_6739937d9a,card_604e0da1f57f47,330.17,referral_bonus_payout,2026-05-24T04:33:06.737379,card
pay_b89dadd2695a46,u_e4ec277ab3,card_6959eef6f82840,113.29,referral_bonus_payout,2026-03-24T18:50:15,card
pay_d309c317ba6a4f,u_728f2ef869,gunbir92@paytm,297.78,referral_bonus_payout,2026-04-11T13:12:52.251497,upi
pay_b8495a28c9de42,u_a79c77fbf5,asheth@paytm,372.49,referral_bonus_payout,2026-03-29T14:54:31.861139,upi
pay_3276b5375f1f4b,u_14b3d2e298,card_675fcf57175e45,184.8,referral_bonus_payout,2026-04-09T01:12:43.422210,card
pay_509c2c8ca4cb43,u_e02dbd81af,indrajitprakash@ybl,343.44,referral_bonus_payout,2026-04-14T22:08:25.710499,upi
pay_2cb8e86411b140,u_f6538c255d,card_7ffcdecbfa2248,242.96,referral_bonus_payout,2026-05-23T03:47:36,card
pay_59155a880e3648,u_1837be26cd,card_7ffcdecbfa2248,434.9,referral_bonus_payout,2026-05-29T06:18:10.786163,card
pay_1550f4efb12b4b,u_07a6aca1c3,wchandra@okicici,51.76,referral_bonus_payout,2026-06-08T14:58:35.284791,upi
pay_41c1f504aeda4b,u_7d9a68ef38,card_7ffcdecbfa2248,352.65,referral_bonus_payout,2026-05-24T11:32:37.539402,card
pay_ce11e4c2cffb4d,u_b478ace524,semxiti@okhdfcbank,266.53,referral_bonus_payout,2026-05-28T00:38:07.771719,upi
pay_068b2a10b4eb4c,u_e09057561d,gsule@paytm,284.51,referral_bonus_payout,2026-07-07T19:24:01,upi
pay_e0ba706cfaf248,u_5ada29607b,rayaan99@paytm,73.23,referral_bonus_payout,2026-07-08T15:38:57.784622,upi
pay_dd3a20b7019d44,u_1629d08466,card_6b93bebc33e14a,130.79,referral_bonus_payout,2026-07-08T00:43:10.254654,card
pay_37eba38c6b1249,u_a2a2a392c4,card_50f5e38a9c2d44,350.02,referral_bonus_payout,2026-07-08T01:58:32.508376,card
pay_f4974c155d4c47,u_39e75d3aef,card_06809a5db84547,376.34,referral_bonus_payout,2026-06-29T13:13:28,card
pay_596bbbc567f241,u_d6c4bfb32c,gmahajan@ybl,100.76,referral_bonus_payout,2026-06-30T03:54:55.113479,upi
pay_cda1055b680444,u_4f2e0f68c0,card_0fbc898df3b84a,57.74,referral_bonus_payout,2026-06-30T12:14:37.182861,card
pay_2001d7cc9bae49,u_d949940d8b,adugar@okicici,213.94,referral_bonus_payout,2026-06-29T18:15:45.483827,upi
pay_a25e403ae02c40,u_a1de21f13c,card_62e8116cd32c4b,238.38,referral_bonus_payout,2026-06-30T10:31:57.987349,card
pay_dc467af6c67947,u_51bd29f255,eeshanarang@okhdfcbank,59.66,referral_bonus_payout,2026-06-30T11:15:17.433835,upi
pay_0da8c14ea88441,u_aed0f63de5,daksha11@okhdfcbank,455.99,referral_bonus_payout,2026-04-16T17:20:24,upi
pay_39090573becc41,u_3129575b1b,card_22130c4e0c8a4b,73.19,referral_bonus_payout,2026-04-17T17:09:14.842007,card
pay_287b5a2d02ab49,u_19aee9ba64,bhandarihiral@okicici,392.08,referral_bonus_payout,2026-04-29T23:51:01,upi
pay_ac9641e1dd7c42,u_6ee9b2ecc5,card_cbfc1782e11c43,120.17,referral_bonus_payout,2026-04-30T02:41:53.752640,card
pay_7e6070ceb32b4c,u_82b2f8caf0,geetika78@okhdfcbank,497.2,referral_bonus_payout,2026-04-30T20:47:10.469369,upi
pay_68db6d326ced45,u_75ab9010e6,usehgal@okhdfcbank,152.6,referral_bonus_payout,2026-04-30T04:07:48.740483,upi
pay_539fa7b023264e,u_b0f4b93c94,card_8f754dcac9a94b,364.28,referral_bonus_payout,2026-04-30T19:59:14.427320,card
pay_9ef407da329e44,u_f9b0f2dc09,yashicarastogi@paytm,419.32,referral_bonus_payout,2026-03-16T03:02:31,upi
pay_ccf95b06ebcb48,u_62c4ccde5e,card_55aad84cf5324a,498.81,referral_bonus_payout,2026-04-04T14:55:54.228291,card
pay_fc26c31aab6344,u_675a5553d7,mohammedmallick@ybl,197.86,referral_bonus_payout,2026-03-30T01:19:16.704722,upi
pay_082470313c0749,u_632799b30b,card_da9d1e817d764d,54.72,referral_bonus_payout,2026-06-19T22:50:42,card
pay_5bae35faf2e44f,u_5d333a9afa,udyatisuri@paytm,204.65,referral_bonus_payout,2026-06-20T02:44:14.977039,upi
pay_9899e7f6291144,u_3ca8b4a9d2,farhanmuni@okhdfcbank,186.53,referral_bonus_payout,2026-06-20T17:14:37.652620,upi
pay_b784ce50a85b48,u_c87f765666,ekantika38@okicici,444.0,referral_bonus_payout,2026-07-02T06:01:09,upi
pay_5d2c490e876a4e,u_e8ba7c929d,card_109b1686edc744,114.03,referral_bonus_payout,2026-07-02T19:44:05.204507,card
pay_b6327324159a4d,u_97e7d2ba7f,card_5f9030b9c46a4c,67.81,referral_bonus_payout,2026-07-02T14:08:59.833270,card
pay_7412d8b9ce7c44,u_b3fd645480,ekantika38@okicici,90.84,referral_bonus_payout,2026-07-02T15:54:40.780673,upi
pay_25ab43da7e4244,u_7aaea34fcd,naiduhemal@ybl,119.36,referral_bonus_payout,2026-07-02T13:00:28.564184,upi
pay_6e3a836f519441,u_bf2786f080,gaurika39@ybl,64.4,referral_bonus_payout,2026-07-03T05:24:00.226152,upi
pay_bf97007f1ae746,u_3ed249ef91,card_bc11099d42e24c,167.31,referral_bonus_payout,2026-04-15T09:44:53,card
pay_240bfe8983be4c,u_d78c6c4b19,murtysathvik@okhdfcbank,61.13,referral_bonus_payout,2026-04-26T17:22:52.710572,upi
pay_a4d64129539445,u_6d0f3e478a,siyadeol@paytm,391.73,referral_bonus_payout,2026-04-29T16:58:54,upi
pay_cdfe858e66574b,u_0d9ae4a4b3,yauvani59@okhdfcbank,264.96,referral_bonus_payout,2026-05-12T16:17:44.186542,upi
pay_97bb847ca1024c,u_95d751622c,bachittar12@ybl,217.19,referral_bonus_payout,2026-05-17T02:39:37,upi
pay_7b61be4d478047,u_c0a1d967d7,bachittar12@ybl,350.13,referral_bonus_payout,2026-05-18T16:32:09.948228,upi
pay_691067f0452246,u_5385109bca,card_19e9c7272c454b,80.48,referral_bonus_payout,2026-05-17T12:40:10.610894,card
pay_c13de576b64e47,u_0b7364944e,card_8aa5120fa15740,50.68,referral_bonus_payout,2026-05-18T09:44:00.844450,card
pay_079cda78029c4a,u_e2a5995cef,card_6c93129bbdc344,488.3,referral_bonus_payout,2026-05-18T19:34:10.136308,card
pay_bebcb52976c641,u_4bbd2c35e0,card_76f087b5281244,255.06,referral_bonus_payout,2026-04-27T12:06:23,card
pay_49dc79e073064f,u_d121c57cda,yminhas@okhdfcbank,406.52,referral_bonus_payout,2026-04-30T23:15:49.061087,upi
pay_1e15da71c3f946,u_d59d731d47,vasudhabanerjee@ybl,396.18,referral_bonus_payout,2026-05-03T15:57:37.781499,upi
pay_ca3524d9ce2b41,u_a966ede8ea,damyantiswamy@ybl,265.13,referral_bonus_payout,2026-05-01T04:12:09.204888,upi
pay_ad087c75685347,u_9411ad865a,hegdekaran@ybl,286.1,referral_bonus_payout,2026-05-27T20:56:09,upi
pay_b4d3c74ee25b4d,u_3564e38338,chahalbishakha@paytm,325.36,referral_bonus_payout,2026-06-02T13:35:31.105231,upi
pay_0860242cef8b46,u_23ea44ffcb,yatandeo@paytm,429.54,referral_bonus_payout,2026-06-02T18:39:22.866728,upi
pay_c79fc7b3b1b441,u_9f878aee90,fitanbajaj@okicici,312.49,referral_bonus_payout,2026-06-02T07:49:22.568341,upi
pay_3d65559445c44f,u_0c9e459a0b,card_008f7ef285a842,449.54,referral_bonus_payout,2026-05-06T15:05:16,card
pay_1a72b0d1ed1446,u_76aa7791ab,card_008f7ef285a842,169.88,referral_bonus_payout,2026-05-19T11:36:24.257254,card
pay_5ba6feb99b2341,u_64d0200a7a,ddani@ybl,230.25,referral_bonus_payout,2026-07-13T03:48:33,upi
pay_2086a45ce91946,u_476d7c0436,card_01e5dc6101c540,432.34,referral_bonus_payout,2026-07-16T05:51:58.552184,card
pay_77b390430f6c4f,u_7d71e7babf,ddani@ybl,301.12,referral_bonus_payout,2026-07-23T16:44:58.960247,upi
pay_3fafff31d57c42,u_67be7714aa,card_82a0b4b8b1404a,219.13,referral_bonus_payout,2026-07-14T16:57:20.016417,card
pay_6b35b0d47bd04e,u_52780ce31f,card_214cb45b79fc42,169.42,referral_bonus_payout,2026-07-16T23:29:51.677129,card
pay_fc7490900c194b,u_6bce713f8c,hgoda@okhdfcbank,343.85,referral_bonus_payout,2026-07-22T07:49:57.668522,upi
pay_4c7c19cd276e43,u_53143634d1,rnori@okhdfcbank,128.62,referral_bonus_payout,2026-04-02T00:23:07,upi
pay_611b4730ddd248,u_8b43129bbe,gadeamruta@paytm,329.68,referral_bonus_payout,2026-04-08T22:13:58.035631,upi
pay_b13a37eb30ae43,u_5158eec3fd,card_8fb3f41a247740,335.49,referral_bonus_payout,2026-04-06T21:38:42.479866,card
pay_5b4176be0de341,u_39901b3593,card_bf07754a9a8c46,407.29,referral_bonus_payout,2026-04-08T08:20:45.356330,card
pay_0ba98c204f474d,u_20d78b8c69,card_02e79a8b2bb44d,356.98,referral_bonus_payout,2026-04-04T06:39:53.703884,card
pay_fe6cc667d64e4d,u_0d2608ef26,dasraagini@paytm,396.45,referral_bonus_payout,2026-04-09T04:12:56.319351,upi
pay_4c77dff46bfd46,u_4b97379c61,card_a9a81d4426f049,164.68,referral_bonus_payout,2026-05-11T09:01:38,card
pay_487f7fd077444f,u_6766c2fde2,card_a9a81d4426f049,245.65,referral_bonus_payout,2026-05-21T07:53:09.352714,card
pay_18e1381cd0ce4c,u_a5fefc3ba6,card_c8997dc232f040,362.65,referral_bonus_payout,2026-07-15T17:58:02,card
pay_8c74a73cce9747,u_cfa8f7255a,card_7d82efccee5d44,316.55,referral_bonus_payout,2026-07-22T20:43:36.800833,card
pay_c7246e57c0344b,u_f5cf8eddf6,card_7f35c22c13874f,82.18,referral_bonus_payout,2026-07-17T03:14:54.254236,card
pay_3806cde9f9a048,u_a23bed6126,baradikshita@okicici,288.13,referral_bonus_payout,2026-07-22T15:41:16.165615,upi
pay_87392c66a5244d,u_cc9f73583a,card_ac813524a1b04f,354.54,referral_bonus_payout,2026-03-04T07:14:14,card
pay_499eca5b7f4440,u_f3bda3579a,card_de6771653aaf47,445.16,referral_bonus_payout,2026-03-06T19:24:07.793659,card
pay_6ce6908453bc4d,u_e019259d4d,card_0bad98a225e748,339.51,referral_bonus_payout,2026-03-05T19:54:25.448220,card
pay_2f64cea2bcd143,u_7558268957,card_c50a3301bf1e4e,235.17,referral_bonus_payout,2026-03-05T06:27:56.197593,card
pay_ee4caf64f81b43,u_1d08834468,tanay29@ybl,74.47,referral_bonus_payout,2026-06-10T21:11:41,upi
pay_573b3be5a32441,u_833fa7bee0,faqidsahota@okhdfcbank,362.81,referral_bonus_payout,2026-06-10T23:35:28.128307,upi
pay_231e63d8672145,u_7d93d60f38,card_4f6d1ac228f340,68.46,referral_bonus_payout,2026-06-11T06:01:36.077039,card
pay_90867af97edf41,u_45a43b886c,tatavincent@okicici,247.93,referral_bonus_payout,2026-05-03T13:54:12,upi
pay_b69962fa908945,u_7feb845ac5,card_d756c9dfc6fb41,421.13,referral_bonus_payout,2026-05-11T04:41:44.768757,card
pay_62ebb685467e4e,u_2b2c6ef4ff,gulatiayushman@okhdfcbank,131.73,referral_bonus_payout,2026-05-05T06:50:17.686176,upi
pay_340bc22a79d74e,u_35d9f53c80,card_fa8541d1c8cc4d,370.04,referral_bonus_payout,2026-05-13T20:18:47.055477,card
pay_cf6d03eb1e4c43,u_3fcab87a85,rsom@okicici,338.11,referral_bonus_payout,2026-05-06T13:52:37.455612,upi
pay_a6e53880497b41,u_580722c015,card_9e6d4f5019ff4f,260.36,referral_bonus_payout,2026-05-14T11:11:57.835046,card
pay_04a2593826cf4d,u_d7e02594dc,card_4a27172faabd41,82.36,referral_bonus_payout,2026-06-26T15:32:21,card
pay_2409890a380244,u_62ef42672b,card_3d56d839dd7e4c,415.28,referral_bonus_payout,2026-06-28T20:58:24.104028,card
pay_7907747f39984b,u_afd1a129c0,card_0256d24978344b,185.41,referral_bonus_payout,2026-07-07T03:44:33.238398,card
pay_d1d621e054d142,u_f0234d1b04,card_3e005544b75b4b,59.62,referral_bonus_payout,2026-06-28T19:36:37.626533,card
pay_0cf45b8bae4947,u_0a2d39f337,card_ce2b585811cc4b,199.87,referral_bonus_payout,2026-07-06T14:38:32.644189,card
pay_1cf81281737e42,u_79df8a4993,card_4c24a6bb728e47,177.68,referral_bonus_payout,2026-06-28T19:23:16.096701,card
pay_205cf48da1b147,u_2d3f66594d,bvarghese@okicici,182.86,referral_bonus_payout,2026-03-28T22:37:35,upi
pay_016aa9342ca74a,u_38ba61a528,vinaya96@okicici,454.02,referral_bonus_payout,2026-04-02T18:21:20.995434,upi
pay_2b2a06528b1a46,u_1a14f36504,card_b1c5572e7c3640,146.66,referral_bonus_payout,2026-04-02T18:49:17.383944,card
pay_b21c5b196c8348,u_cd24bb5de3,bvarghese@okicici,93.64,referral_bonus_payout,2026-04-19T00:24:28.377987,upi
pay_d1719875b09d44,u_e46bf724f7,mkanda@okicici,184.74,referral_bonus_payout,2026-04-11T00:06:18.063760,upi
pay_b2fb4276907045,u_8a693b3455,dmukherjee@okhdfcbank,289.35,referral_bonus_payout,2026-07-08T12:16:38,upi
pay_c06f946f61bf42,u_ebdf716c87,aishanibail@okicici,95.41,referral_bonus_payout,2026-07-13T08:15:32.711314,upi
pay_b9399ab7b5e449,u_6e7855d825,sarnacharvi@paytm,448.6,referral_bonus_payout,2026-07-20T03:52:22.709767,upi
pay_bebfe402ed5a42,u_28a2e91e88,vparmar@ybl,348.42,referral_bonus_payout,2026-05-28T21:35:44,upi
pay_9e62d6e4dde041,u_8ae121f188,ramanathanrohan@ybl,59.43,referral_bonus_payout,2026-05-31T03:15:03.462439,upi
pay_a3da86df55a64b,u_f4df1f8437,card_e57ef32c94fd48,190.18,referral_bonus_payout,2026-05-31T00:04:13.550372,card
pay_82454204360045,u_db5682ead1,card_79b4c30b88fa40,190.12,referral_bonus_payout,2026-07-11T18:00:48,card
pay_9111d521a4214f,u_b92c1c9f5b,card_26d9d1a58e2b41,211.57,referral_bonus_payout,2026-07-12T06:25:20.591805,card
pay_4c40360d40b94f,u_ee297a819d,vamakshi86@paytm,330.35,referral_bonus_payout,2026-07-12T06:49:03.241218,upi
pay_6f512607cb3a4a,u_4499363d16,card_ddf63e173a2e44,112.66,referral_bonus_payout,2026-03-09T05:56:35,card
pay_51bcdc9b850742,u_a551585c9f,card_ddf63e173a2e44,202.35,referral_bonus_payout,2026-03-15T15:57:48.047540,card
pay_d60e8348ce9d48,u_24999d2060,ucchalgara@okhdfcbank,402.31,referral_bonus_payout,2026-03-14T20:56:22.981521,upi
pay_3276b8a9760e46,u_1fd793e273,card_33303dc071d24c,298.35,referral_bonus_payout,2026-05-15T17:03:55,card
pay_811a167279bd49,u_bda743d350,card_126607abfa2b48,153.91,referral_bonus_payout,2026-06-01T18:41:09.891765,card
pay_bab80eaae07845,u_af61984427,hemal49@ybl,295.72,referral_bonus_payout,2026-06-04T22:42:38.423660,upi
pay_a7a18825a33b45,u_041714733e,card_a7366619f34047,463.02,referral_bonus_payout,2026-05-27T08:14:51.276189,card
pay_37608af7ed2046,u_36e965266b,pallavipatel@okhdfcbank,374.02,referral_bonus_payout,2026-05-22T01:55:38.576472,upi
pay_f92fa484cbb745,u_046c724278,card_1305d67230904d,156.18,referral_bonus_payout,2026-06-27T09:25:27,card
pay_64c4c6c6e60c4c,u_1e38672dec,cbhakta@ybl,119.88,referral_bonus_payout,2026-06-27T15:50:05.493807,upi
pay_20811e4c6c824d,u_6ccd4b6e8f,card_6c67ae1487fd4d,206.69,referral_bonus_payout,2026-06-27T17:28:05.371298,card
pay_54ad9070e9144e,u_0de3a38087,zgara@okhdfcbank,377.36,referral_bonus_payout,2026-06-28T05:05:22.122905,upi
pay_1019e2af17414c,u_856e0a2809,card_1305d67230904d,60.83,referral_bonus_payout,2026-06-27T09:44:51.381623,card
pay_031341437b4f42,u_82a9d8a01c,pallavi56@paytm,107.1,referral_bonus_payout,2026-04-24T22:45:34,upi
pay_611d8db2f73d43,u_d60fbbcb85,pallavi56@paytm,417.33,referral_bonus_payout,2026-05-12T17:29:09.239863,upi
pay_79cad59b03714d,u_80879af649,card_65ed5360e7ba40,348.94,referral_bonus_payout,2026-04-30T15:18:34.922194,card
pay_8d0b51c588d640,u_02fb9267d0,card_0ffbc18a42044d,281.08,referral_bonus_payout,2026-03-09T14:41:11,card
pay_400fec49db3d4c,u_7c5c13d171,yadavigarg@okicici,183.7,referral_bonus_payout,2026-03-10T12:18:12.217104,upi
pay_a735f13481fb4e,u_81358b35eb,card_a6e47f9345ae48,403.77,referral_bonus_payout,2026-03-19T13:26:39,card
pay_d6ef4433290047,u_76522b53e3,card_7c7af23f3c9c4c,368.94,referral_bonus_payout,2026-03-28T04:26:11.926774,card
pay_dcee9a33f1d847,u_5568be9c3e,card_c15796c88c8f4b,410.35,referral_bonus_payout,2026-03-27T22:12:13.787379,card
pay_d8ebc93c7ab742,u_840f8f67af,card_2eb4b865fe084d,282.42,referral_bonus_payout,2026-03-22T13:53:07.570981,card
pay_9f4faf066f4241,u_1eb30b5eb7,card_a6e47f9345ae48,72.79,referral_bonus_payout,2026-03-20T20:17:13.891514,card
pay_a7320c8d151f41,u_360e4d1223,danielnanda@paytm,246.62,referral_bonus_payout,2026-07-03T20:39:43,upi
pay_fbd96cf9af624f,u_ebe393faf7,card_272df862443449,299.57,referral_bonus_payout,2026-07-04T11:33:48.685903,card
pay_a44a65634f2541,u_b077470078,card_b72a2f6819834c,104.92,referral_bonus_payout,2026-06-13T00:10:16,card
pay_ae0d8b7308ef49,u_e3e6344d21,card_109fef19a20049,119.71,referral_bonus_payout,2026-06-18T05:50:38.156974,card
pay_86f5fcf718c947,u_6994ef33f8,card_b72a2f6819834c,291.36,referral_bonus_payout,2026-06-17T01:29:50.029984,card
pay_6261c5ac718b41,u_67b6fc5305,xbatta@ybl,440.37,referral_bonus_payout,2026-06-23T03:57:58.212547,upi
pay_72986b0aca324e,u_496a0d8bde,siddharthrajagopalan@ybl,419.85,referral_bonus_payout,2026-04-18T00:56:10,upi
pay_9046d511e82741,u_c6fdc2f8fa,card_6eb6d3e9fcb149,263.77,referral_bonus_payout,2026-04-22T23:51:35.864799,card
pay_b062ff6867ef4f,u_8d45eea98e,card_2e8d49f8301346,77.02,referral_bonus_payout,2026-04-25T03:25:03.276788,card
pay_494639283d0b4b,u_4521ce3f0e,card_d0743f9553274d,270.73,referral_bonus_payout,2026-04-22T01:19:48.469127,card
pay_7b347a4f9deb45,u_637fd56a22,card_2830d42fdcbf4e,380.58,referral_bonus_payout,2026-05-02T00:33:59.849136,card
pay_05f9713fdae34e,u_3cbc07b46f,vihaan59@paytm,315.37,referral_bonus_payout,2026-04-12T12:38:22,upi
pay_337fe7cc466042,u_82ddfcf7fd,hiral40@paytm,363.19,referral_bonus_payout,2026-04-13T05:22:26.284156,upi
pay_660aba7e7bcd4d,u_9f519512d5,card_e759fcd7169043,147.26,referral_bonus_payout,2026-04-17T11:24:03.645296,card
pay_8eee27e7af6246,u_83bc56acff,card_8bf843b1474546,292.86,referral_bonus_payout,2026-04-15T04:21:36.989720,card
pay_b58ad08643774e,u_29c31c7afa,vihaan59@paytm,212.56,referral_bonus_payout,2026-04-17T04:10:14.697109,upi
pay_9ec907dfd48549,u_d2f63bf900,mannanwriddhish@ybl,407.23,referral_bonus_payout,2026-04-14T23:56:54,upi
pay_30d090cf05a14a,u_a69d546c14,card_dc8f2310e4e14e,236.39,referral_bonus_payout,2026-04-15T20:50:43.298585,card
pay_6da5e2466bd042,u_feea877afd,jdhillon@paytm,196.59,referral_bonus_payout,2026-04-15T03:32:08.728851,upi
pay_ea0fccae7af747,u_da9c195e25,card_3628b53d0fcd47,486.05,referral_bonus_payout,2026-04-28T00:14:30,card
pay_b9a4fb8a877049,u_f759de4920,card_3628b53d0fcd47,230.78,referral_bonus_payout,2026-05-05T07:20:44.871181,card
pay_d06727647f5b4e,u_abc5730edc,mishravincent@ybl,335.02,referral_bonus_payout,2026-05-02T00:59:07.138540,upi
pay_399a206c7bfc4f,u_12cc6a8b54,card_87e78e4a56ea42,472.99,referral_bonus_payout,2026-05-04T05:58:35.059529,card
pay_5fae82aa780e4b,u_f1a2100ca8,card_d8cae0eb54e042,361.6,referral_bonus_payout,2026-05-05T17:40:41.694110,card
pay_63463857634d45,u_1714165977,card_b578ca04f9e645,107.87,referral_bonus_payout,2026-05-27T23:26:01,card
pay_19987991201443,u_acee5032ee,card_a3e2c680d52a41,90.68,referral_bonus_payout,2026-06-08T05:07:21.305864,card
pay_8cccdf3e22934a,u_6bf08c61d0,card_4d2998a8417e46,268.63,referral_bonus_payout,2026-06-03T17:12:37.223075,card
pay_0a21454dcf8340,u_198e45c173,card_94d72b18ad6a41,151.76,referral_bonus_payout,2026-05-31T03:20:22.623145,card
pay_1a56414aa0f848,u_cdeb6afadf,card_9160bc33b5b646,225.95,referral_bonus_payout,2026-06-06T17:06:39.351254,card
pay_0259b5b7e1ff4a,u_eca697d030,card_62a99f0088b544,294.25,referral_bonus_payout,2026-05-31T23:39:05.693614,card
pay_bb1197201f6143,u_4731a8be46,card_7488e70b45a940,125.85,referral_bonus_payout,2026-03-15T02:43:08,card
pay_1d6df0e680fc4b,u_42195112b6,card_8bb6815ab83c49,115.73,referral_bonus_payout,2026-03-15T20:41:43.895095,card
pay_783ee71d531348,u_d78b868723,card_0f6a286038fc4a,149.16,referral_bonus_payout,2026-03-29T00:43:52,card
pay_48d808b3c64344,u_a4dc1e2ec3,card_0277c26c025147,224.99,referral_bonus_payout,2026-04-06T18:59:46.355293,card
pay_d5dfa0749df94d,u_861e4aef46,keya03@okicici,127.37,referral_bonus_payout,2026-05-05T01:11:34,upi
pay_e7330ab2e8ac40,u_73837ba1eb,akorpal@okicici,139.99,referral_bonus_payout,2026-05-05T01:15:42.058394,upi
pay_239e6a02ae484e,u_66160305cd,emukherjee@paytm,222.53,referral_bonus_payout,2026-05-05T15:13:26.439444,upi
pay_0160ea89f7344e,u_c3601996b3,card_3de4c4ba2cde4e,129.09,referral_bonus_payout,2026-05-05T20:00:31.552135,card
pay_4476456d5aa445,u_dcfe8e6e0e,paurora@okhdfcbank,231.31,referral_bonus_payout,2026-05-05T05:26:58.338046,upi
pay_3dd60c93ed6f45,u_d70457be27,keya03@okicici,71.39,referral_bonus_payout,2026-05-05T02:57:40.035361,upi
pay_330d91dbc1f54b,u_3d92e2fd1d,cchaudhari@paytm,133.45,referral_bonus_payout,2026-06-01T19:51:56,upi
pay_31ec2e6e15a14b,u_00496cf228,card_7cc74b4a2ee746,175.81,referral_bonus_payout,2026-06-07T20:04:23.747939,card
pay_cb87b2999d354f,u_c50f018f6a,cchaudhari@paytm,387.93,referral_bonus_payout,2026-06-02T08:58:18.421859,upi
pay_37b2503a300245,u_cfddc83c41,card_bb1175e1fd1b4f,476.87,referral_bonus_payout,2026-03-08T14:34:21,card
pay_bbd76f9c57014b,u_782a485d7b,card_4d01f22ab29348,476.1,referral_bonus_payout,2026-03-09T06:45:48.570917,card
pay_21a8c894583642,u_a70e028dd1,card_84f68647f6a749,339.34,referral_bonus_payout,2026-04-08T04:50:00,card
pay_8f45e9fbe4b640,u_10d2d241b1,card_84f68647f6a749,453.95,referral_bonus_payout,2026-04-19T13:44:13.184749,card
pay_6a0da44cd9d649,u_023ba610a5,max83@ybl,359.87,referral_bonus_payout,2026-04-09T18:00:32.486180,upi
pay_ab33db2e978045,u_d2acd05519,card_15a217047fa446,240.86,referral_bonus_payout,2026-04-12T04:36:55.063979,card
pay_159ca72ecf1648,u_9bbb583980,card_e26972ef756b46,192.23,referral_bonus_payout,2026-05-23T22:38:05,card
pay_1fb4edabec3148,u_9d94e804a9,qmahajan@paytm,399.04,referral_bonus_payout,2026-05-25T14:53:58.360297,upi
pay_402ba47bf80642,u_2a504b68e4,borahsaksham@okicici,167.16,referral_bonus_payout,2026-05-26T22:28:43.812811,upi
pay_5fe2c6a8aad74d,u_22e5ae46fd,card_b7236aa400c540,411.63,referral_bonus_payout,2026-05-29T19:57:15.582735,card
pay_998657a6f67f46,u_f3e09766e3,card_63987a09c58b48,363.41,referral_bonus_payout,2026-05-24T06:02:06,card
pay_0f9409427c3e40,u_7ba7baac10,card_4eadb9d766c648,260.79,referral_bonus_payout,2026-06-01T22:23:28.319108,card
pay_cfaa299cc27f4e,u_73d72bc0de,fchaudhry@okhdfcbank,320.18,referral_bonus_payout,2026-05-30T17:20:40,upi
pay_323426ee291341,u_56931a2960,chatreshbatra@paytm,110.58,referral_bonus_payout,2026-05-31T03:17:47.960484,upi
pay_a09021f9f96147,u_eedd0df6a9,samaisaiah@okhdfcbank,329.0,referral_bonus_payout,2026-05-13T12:04:41,upi
pay_755852b9186049,u_1ee4da455b,card_edf5b42640564d,64.9,referral_bonus_payout,2026-05-23T10:38:28.095295,card
pay_65e4e8670c6b43,u_f768a90aea,ikala@ybl,482.31,referral_bonus_payout,2026-05-18T09:15:08.178244,upi
pay_b6b1b180640945,u_3aec63fd62,card_d7ecb6f3884d41,466.85,referral_bonus_payout,2026-05-20T01:41:24.291792,card
pay_75bcb912cf8948,u_041f0169cc,card_c67868ebb00443,126.71,referral_bonus_payout,2026-05-19T20:08:15.932266,card
pay_760e04c2ebe247,u_7cad7aa334,card_bd7db4188dbe4c,139.88,referral_bonus_payout,2026-05-14T16:45:48.444933,card
pay_d192c6a36a4745,u_e2c627196a,card_6208300702dd45,243.86,referral_bonus_payout,2026-04-21T12:39:49,card
pay_eef27021cd764f,u_3883486277,card_aa0faa8e073e4b,449.87,referral_bonus_payout,2026-05-07T08:02:55.112782,card
pay_67c4efcbf96d42,u_de5bd49569,card_6208300702dd45,263.77,referral_bonus_payout,2026-05-05T10:51:15.789990,card
pay_5aa4fcdc04f24f,u_95085c68ca,card_1b8ac896c38b4d,58.41,referral_bonus_payout,2026-03-19T23:03:13,card
pay_f9f09fae459c4e,u_9542e011c8,card_1b8ac896c38b4d,153.4,referral_bonus_payout,2026-03-20T21:53:15.273858,card
pay_5f53ba2432df4b,u_dda43ac4cf,bmurthy@ybl,312.09,referral_bonus_payout,2026-03-20T11:53:01.442124,upi
pay_078f8e5358c14b,u_e9e71f81c4,yatinbobal@okicici,202.42,referral_bonus_payout,2026-07-09T23:17:06,upi
pay_f00f14b4a7ec44,u_88334e902d,card_34434aa3892644,55.2,referral_bonus_payout,2026-07-11T21:25:32.442424,card
pay_30850f6704564f,u_d12b953da3,zgrewal@ybl,58.5,referral_bonus_payout,2026-07-12T02:44:54.039666,upi
pay_6d96cec0725445,u_8c00e8a3e3,kamyanagar@okhdfcbank,56.15,referral_bonus_payout,2026-07-11T16:50:07.241011,upi
pay_a4c26a2fe5cf48,u_d31a9833bf,ishwar90@okhdfcbank,371.66,referral_bonus_payout,2026-07-14T01:29:10.436073,upi
pay_967cb0f5978e40,u_9b447f5701,card_82f4e040e3d24b,327.71,referral_bonus_payout,2026-07-11T11:01:46.650269,card
pay_874e2a6d94c144,u_6e484c3086,damini78@okicici,135.41,referral_bonus_payout,2026-03-02T01:27:27,upi
pay_5381d64a810941,u_8156562d87,manikiaan@ybl,150.6,referral_bonus_payout,2026-03-03T13:39:05.236225,upi
pay_918a13454a6f46,u_40f9dd2996,card_6912703d7ee54e,110.22,referral_bonus_payout,2026-03-08T21:31:43.110905,card
pay_1cc76e69150140,u_1bb59624e7,card_8976e901551046,89.4,referral_bonus_payout,2026-03-08T15:02:09.790982,card
pay_6ca80350aabb44,u_d26ad475a6,gulatibakhshi@paytm,376.75,referral_bonus_payout,2026-03-04T11:33:12.593099,upi
pay_83093689b32c4e,u_d3d5cd786c,card_260a7fda0a494d,458.97,referral_bonus_payout,2026-07-05T16:38:35,card
pay_565e5cc4730f42,u_f8cb9b70ca,gollajasmit@paytm,252.76,referral_bonus_payout,2026-07-06T18:06:24.733823,upi
pay_509d6921b0534b,u_29378654f7,card_a129f0c869c14a,208.19,referral_bonus_payout,2026-07-12T22:30:40.740323,card
pay_f0ae53b15e044f,u_3f24ff9d68,card_79b89cc823904d,461.36,referral_bonus_payout,2026-03-11T23:27:30,card
pay_a7a341f38f8d4b,u_0363d6be11,jagdishnarasimhan@ybl,191.25,referral_bonus_payout,2026-03-13T01:25:29.587224,upi
pay_706c4693fdd545,u_d8ff8ddb2b,card_79b89cc823904d,389.66,referral_bonus_payout,2026-03-13T14:29:40.708906,card
pay_cbc99a3b206643,u_eb783ed5ec,nehabhatti@okicici,116.51,referral_bonus_payout,2026-03-13T16:41:16.738096,upi
pay_8fe486e3020048,u_c4dc6c614c,cherianharrison@okicici,372.88,referral_bonus_payout,2026-03-13T08:46:26.196735,upi
pay_6becd5ec5d5740,u_ec7a1c2d46,card_321f8a5c6aa84c,413.71,referral_bonus_payout,2026-07-05T07:31:39,card
pay_4a9d18200cb64d,u_6547c98787,mahajanyashica@okicici,204.79,referral_bonus_payout,2026-07-17T23:05:15.556647,upi
pay_e64f59ee7da64e,u_2bf43a46f8,card_07da994925f349,132.02,referral_bonus_payout,2026-07-20T05:34:36.007351,card
pay_eafe42fd2d4840,u_679b8a0bef,dakshagoswami@okicici,65.98,referral_bonus_payout,2026-07-21T15:10:10.020929,upi
pay_d94fcca21d714f,u_9d35bc26c1,bhattacharyyaaarini@okhdfcbank,252.33,referral_bonus_payout,2026-07-20T16:34:39.439121,upi
pay_ae138071850049,u_4190e0ee41,bachittarbakshi@okhdfcbank,361.09,referral_bonus_payout,2026-06-15T11:23:03,upi
pay_2ce4c3352c5f44,u_4ba82edf50,card_db6f51ac54ad4f,130.97,referral_bonus_payout,2026-06-16T10:22:29.050922,card
pay_dceec19158d948,u_71da3e8c49,card_7f9b16cf0cf542,55.71,referral_bonus_payout,2026-06-15T20:10:42.043899,card
pay_649926e826e947,u_cc3ad9cc42,card_49863c5fa2fd41,323.74,referral_bonus_payout,2026-06-16T08:49:57.896226,card
pay_258390f5512e41,u_951e5e222c,isaiahpatla@ybl,294.75,referral_bonus_payout,2026-06-15T14:28:42.350316,upi
pay_db7a9e8e35e141,u_951c8e9e54,kgour@paytm,143.77,referral_bonus_payout,2026-04-14T20:54:01,upi
pay_3b50e5f23fe048,u_872896a85e,kgour@paytm,276.32,referral_bonus_payout,2026-04-18T18:38:28.954905,upi
pay_38c9105ef77a4e,u_9a38a465d8,card_1a131c0bbef443,284.62,referral_bonus_payout,2026-05-30T10:12:53,card
pay_ae1843a8637046,u_d1b75e806c,ilalla@okicici,182.55,referral_bonus_payout,2026-06-03T13:09:18.037417,upi
pay_5547f537056448,u_6b7f4ddad7,card_62a1a196963b4d,390.0,referral_bonus_payout,2026-06-02T16:57:16.109774,card
pay_d1ff871e25414d,u_c8d781acd0,card_1a131c0bbef443,150.28,referral_bonus_payout,2026-06-02T08:04:40.887065,card
pay_98049b53d55441,u_c5bf12e002,card_77792f1295b240,245.38,referral_bonus_payout,2026-03-29T04:37:34,card
pay_99e11c9e6e3441,u_83eaae0da2,tsahota@ybl,180.77,referral_bonus_payout,2026-04-19T17:39:21.298707,upi
pay_95c128db67724f,u_0d7c76a6c9,nikita74@paytm,309.27,referral_bonus_payout,2026-05-17T06:48:07,upi
pay_adf98812e7da41,u_e62a73e808,utkarshkannan@paytm,454.72,referral_bonus_payout,2026-05-17T14:56:28.652527,upi
pay_0dee76404f0944,u_86a0f447b5,guneetmurty@paytm,256.11,referral_bonus_payout,2026-05-17T16:19:28.116415,upi
pay_8e832b30ce7d48,u_d0d34d8c08,nikita74@paytm,335.41,referral_bonus_payout,2026-05-18T01:40:00.486225,upi
pay_553b545e35a441,u_473cc2a308,card_8aaef785044d4f,250.31,referral_bonus_payout,2026-05-17T22:27:48.400997,card
pay_2dcbd498c53c40,u_9b3de8bccd,card_d1262956c16048,395.59,referral_bonus_payout,2026-05-31T19:37:38,card
pay_99ca4443180741,u_3608907233,card_9900b04b110343,87.94,referral_bonus_payout,2026-06-01T16:46:52.136816,card
pay_45b27875abc746,u_379efd8a1b,card_6b426caaafa845,303.13,referral_bonus_payout,2026-06-01T12:48:02.149698,card
pay_a38e8d9994b54e,u_b98715877b,card_bcbf0fa0d41845,386.03,referral_bonus_payout,2026-06-01T05:22:30.884582,card
pay_13d6723367644d,u_f5a9bf2de6,card_37241e0af24c40,271.95,referral_bonus_payout,2026-07-12T03:07:58,card
pay_2676d6c546cf41,u_31dbdad30c,card_a4b43324742142,324.69,referral_bonus_payout,2026-07-12T19:31:26.230838,card
pay_cda5098466e742,u_88e02d3781,card_24c5c1e05ce64c,313.3,referral_bonus_payout,2026-07-12T07:06:22.568716,card
pay_a1f7addfe8674e,u_2d39c7c828,card_b588295e95224e,139.98,referral_bonus_payout,2026-07-12T14:22:30.817084,card
pay_41b5188e7cb143,u_ca3891a08d,card_43267e4686d34a,75.79,referral_bonus_payout,2026-07-13T03:32:50.293213,card
pay_25bc6a12424246,u_397ae3dbb9,yasti00@ybl,325.6,referral_bonus_payout,2026-03-09T16:10:05,upi
pay_78a2e36301c74c,u_855f2bc6c4,yasti00@ybl,328.17,referral_bonus_payout,2026-03-10T10:09:02.104131,upi
pay_ec215b37438946,u_4935215a54,card_45a6f78d49754f,210.55,referral_bonus_payout,2026-03-10T21:33:51.865122,card
pay_20b30e039c574b,u_6bde5c348e,vanya43@ybl,410.74,referral_bonus_payout,2026-03-14T15:54:46,upi
pay_0a66ac18a15645,u_ae772a3391,jagratikapadia@ybl,196.59,referral_bonus_payout,2026-03-17T01:07:56.691215,upi
pay_c4ec09c8fcad46,u_d368242e85,nkoshy@paytm,241.55,referral_bonus_payout,2026-03-16T15:45:31.064156,upi
pay_2aea25b115ce41,u_eb87f27f86,card_a267aa4e92584e,458.83,referral_bonus_payout,2026-04-06T17:34:16,card
pay_1d8f0ecec51649,u_1ff3aa85f5,card_f88a2988de9d47,486.75,referral_bonus_payout,2026-04-07T02:30:37.583013,card
pay_c8833d9359fa48,u_b272f93374,card_a267aa4e92584e,369.79,referral_bonus_payout,2026-04-07T01:17:36.016624,card
pay_dbaf144c2cd046,u_d933ef18e9,card_156fd82dccbd41,201.75,referral_bonus_payout,2026-05-30T06:19:45,card
pay_0298d4ab807044,u_2efa79836c,keyarana@okhdfcbank,129.46,referral_bonus_payout,2026-06-13T13:00:59.119994,upi
pay_816d81696de944,u_f895f5c296,ekarnik@ybl,250.44,referral_bonus_payout,2026-06-09T06:57:51.923934,upi
pay_76d441e8439748,u_efa102da63,hkalita@okhdfcbank,278.16,referral_bonus_payout,2026-06-02T03:30:38.013815,upi
pay_b3f6808502664f,u_ea6221c646,card_2ebfb88fb75a42,353.43,referral_bonus_payout,2026-06-27T02:06:59,card
pay_e69dc03e446b47,u_e7fe5bfaa3,card_ec2303ed167b46,259.66,referral_bonus_payout,2026-06-29T04:56:40.147880,card
pay_69f20e7ca7f44c,u_1f68435635,card_2cca5908889743,359.99,referral_bonus_payout,2026-07-13T03:19:53.194220,card
pay_f095c9fac00849,u_dfaff80b7f,vkaul@okhdfcbank,485.27,referral_bonus_payout,2026-06-08T08:00:32,upi
pay_cba329038b6740,u_c23a8052ab,xvora@okhdfcbank,314.99,referral_bonus_payout,2026-06-09T01:46:12.973923,upi
pay_88dfad1775a544,u_3c43024389,card_33da16e6f14a43,466.08,referral_bonus_payout,2026-06-10T06:22:23.418165,card
pay_1090b39a0c3f47,u_d98427509d,card_428d65e0b05047,376.31,referral_bonus_payout,2026-04-04T14:13:09,card
pay_680fb5e39bcd48,u_9be31ddb2f,card_729ff93baf1447,85.52,referral_bonus_payout,2026-04-08T01:01:40.084276,card
pay_6c5d6b02afad4a,u_dd7a35c04c,card_1905eb6ff71b4c,291.56,referral_bonus_payout,2026-05-14T17:53:39,card
pay_e1a0022aa9bf4e,u_341a969a61,card_39e2bd1ee56249,443.9,referral_bonus_payout,2026-05-19T04:43:57.705819,card
pay_9acfbd19f35d46,u_d90da3c607,card_131993b1cbc945,390.07,referral_bonus_payout,2026-05-22T10:49:18.304036,card
pay_60cf4e433ca14a,u_e4fbb0db5b,card_f915585340a44f,429.38,referral_bonus_payout,2026-05-20T05:10:05.800707,card
pay_bda62f00eeeb41,u_d726fc3b47,card_e66e6cfd88474c,454.28,referral_bonus_payout,2026-05-15T20:58:34.544233,card
pay_dbdc480f0e4a41,u_ff2c6fc156,niharika28@okicici,54.21,referral_bonus_payout,2026-05-20T11:07:47.357763,upi
pay_8ead775ef0cf48,u_8edbedecea,janya70@okhdfcbank,485.78,referral_bonus_payout,2026-05-23T20:18:45,upi
pay_9e6a732cec2745,u_357c0c4cb0,arunima89@paytm,217.96,referral_bonus_payout,2026-05-23T23:46:58.215307,upi
pay_eb7093fa076348,u_f854c4ec59,card_52783302991b4f,228.66,referral_bonus_payout,2026-05-24T18:12:28.997586,card
pay_61fc74e3703b48,u_8b9e926296,janya70@okhdfcbank,61.16,referral_bonus_payout,2026-05-24T07:08:13.279191,upi
pay_68102a1ce7a042,u_8de117a627,card_2c9e44106c644e,375.99,referral_bonus_payout,2026-06-12T23:32:59,card
pay_cef964f853e64a,u_ff09548343,ipillai@paytm,151.56,referral_bonus_payout,2026-06-13T13:52:22.842962,upi
pay_86305c028f2945,u_d7858c1b84,card_c0953a4f98dc42,217.22,referral_bonus_payout,2026-06-16T15:10:27.337412,card
pay_e486bfa38e4949,u_9369d1f5e2,chanderadvaith@okhdfcbank,160.59,referral_bonus_payout,2026-06-14T18:23:51.977540,upi
pay_77f19e45df364c,u_4ffbe91673,sampathaadi@okhdfcbank,78.6,referral_bonus_payout,2026-06-15T10:04:29.210454,upi
pay_d5fc2a9dddbe40,u_042666e0a4,card_864d9167b9ca42,86.33,referral_bonus_payout,2026-06-17T21:33:31.924695,card
pay_13f1a6ef032b43,u_7fffe2dbea,card_78a99039c84544,201.88,referral_bonus_payout,2026-04-29T20:08:09,card
pay_0ae8ce36179147,u_251335058f,card_941b8cdbeb864e,481.33,referral_bonus_payout,2026-05-03T10:23:21.998406,card
pay_e1080d93744247,u_3a952ebdaf,card_61e4805720a743,384.11,referral_bonus_payout,2026-04-10T03:06:21,card
pay_f3144979c7d546,u_ce0c38480d,card_d3a57d1e56864b,322.12,referral_bonus_payout,2026-04-10T11:16:06.652036,card
pay_c5ece1fe4a884e,u_fe530712d2,card_6d626d1c5ff545,141.77,referral_bonus_payout,2026-04-10T17:55:09.693764,card
pay_a7fd2c5fd20b42,u_386721a05a,card_846598db49b94f,413.38,referral_bonus_payout,2026-03-06T12:13:35,card
pay_a02800f7f2034b,u_444034d525,card_8e96e631bfaa43,76.19,referral_bonus_payout,2026-03-28T05:59:38.836267,card
pay_5f3485de940a41,u_d6503def9f,gopalria@okhdfcbank,440.97,referral_bonus_payout,2026-03-13T17:23:36.047489,upi
pay_99899a2d41f547,u_01f5d8b6d5,devikaoak@paytm,99.21,referral_bonus_payout,2026-03-13T08:45:40.315616,upi
pay_17921dd8057542,u_ad8730a4fb,goswamiom@ybl,99.59,referral_bonus_payout,2026-04-27T18:23:16,upi
pay_a6d7acdee4cc4b,u_c5a0f6599b,qadimghosh@okicici,59.11,referral_bonus_payout,2026-05-09T10:17:32.755272,upi
pay_584bf2a9733847,u_ed135c7fd5,card_f6b12872ab864a,366.22,referral_bonus_payout,2026-05-01T12:37:25.259791,card
pay_b5674bd0c74249,u_2611959e98,mitraomya@paytm,251.01,referral_bonus_payout,2026-05-17T00:11:42.472670,upi
pay_009ac1d3b94c4f,u_35999b406d,card_b08fc6e12ee64b,107.62,referral_bonus_payout,2026-05-28T11:24:53,card
pay_6c1e5103163b47,u_673d414c63,card_1b8a54629aae41,446.88,referral_bonus_payout,2026-05-29T01:53:50.832893,card
pay_913577c28f8448,u_074e2bb487,card_b08fc6e12ee64b,309.57,referral_bonus_payout,2026-05-29T06:57:04.587606,card
pay_c33cda87bb1b40,u_053338c060,card_00e604d8c1984f,471.47,referral_bonus_payout,2026-05-29T10:21:44.768424,card
pay_18c56a54aa634f,u_2bbc350c80,charles63@paytm,136.97,referral_bonus_payout,2026-05-16T18:44:57,upi
pay_ce72ae2c4b1d4c,u_892a442f89,card_963249070b604b,439.52,referral_bonus_payout,2026-05-16T19:27:42.233966,card
pay_6d53b73c0fcf48,u_92e2328649,vamble@okicici,323.39,referral_bonus_payout,2026-05-17T06:56:23.954742,upi
pay_3e8ca10fef144b,u_1ce27bff81,ysachdev@okhdfcbank,117.96,referral_bonus_payout,2026-05-16T23:53:05.611872,upi
pay_da8d7833d88448,u_52e62f5e01,walidiya@ybl,373.34,referral_bonus_payout,2026-05-17T11:13:31.966158,upi
pay_a002601d71f047,u_de326d878b,card_c16bb5c3cf144a,233.4,referral_bonus_payout,2026-05-01T17:05:15,card
pay_e32a10a8fbcf41,u_5070d19a7b,card_c16bb5c3cf144a,382.76,referral_bonus_payout,2026-05-04T08:23:38.082538,card
pay_f232d3d6b8ca44,u_dc52c79108,card_63441cca85ba45,431.21,referral_bonus_payout,2026-06-28T23:18:30,card
pay_db1fcea840d240,u_f150f12099,card_5964c451064743,464.67,referral_bonus_payout,2026-06-29T00:50:04.730545,card
pay_37e1a4bbdaaa4a,u_dc6b9cb6da,card_16c0d42f772d43,129.4,referral_bonus_payout,2026-06-29T16:11:52.056029,card
pay_421aa49203df42,u_525ca5320e,brijesh04@paytm,422.36,referral_bonus_payout,2026-06-29T20:08:57.678695,upi
pay_baa6ae8b2bcc40,u_843cb51df9,card_64db973f7c464c,225.58,referral_bonus_payout,2026-04-22T02:46:19,card
pay_8a5c93fd478948,u_9eac7a264c,card_64db973f7c464c,129.34,referral_bonus_payout,2026-04-22T14:12:39.436995,card
pay_9e9f7b32da6343,u_d5d6a8189e,card_64db973f7c464c,164.95,referral_bonus_payout,2026-04-22T11:18:55.847720,card
pay_742b3b6d41a54c,u_22e4db58d4,karieta@ybl,459.17,referral_bonus_payout,2026-04-22T19:32:13.665600,upi
pay_483954f4bd3e45,u_712bc99e3a,oviyachaudhari@okicici,175.21,referral_bonus_payout,2026-06-06T07:20:53,upi
pay_6988e37f98bf48,u_a71c2e46e7,pgupta@okicici,470.68,referral_bonus_payout,2026-06-11T13:58:21.532447,upi
pay_e9d1b15b72b04c,u_461b18889e,oviyachaudhari@okicici,413.31,referral_bonus_payout,2026-06-10T08:30:30.373139,upi
pay_13d60919ff3f40,u_547bdec1a8,card_49096e5484b04a,161.28,referral_bonus_payout,2026-06-09T04:54:33.831027,card
pay_9f0f29cde29546,u_89c20b2b63,thamanwahab@ybl,448.93,referral_bonus_payout,2026-06-09T22:09:11.033387,upi
pay_614ac5bb20a643,u_322e6cad99,card_2a032e18627b43,219.12,referral_bonus_payout,2026-06-08T21:18:53.692201,card
pay_ca2b1769b6014c,u_97a8182fcf,card_5c3b3933232745,370.62,referral_bonus_payout,2026-03-31T21:00:44,card
pay_ee422c9b389f49,u_a0f4ecbaab,card_21a8f6daf0d341,334.4,referral_bonus_payout,2026-04-01T20:42:05.388646,card
pay_3914d6afc94d49,u_952ec69db9,chaayashere@paytm,88.91,referral_bonus_payout,2026-05-18T05:24:12,upi
pay_962f07fc57e646,u_f8ad3cdcac,card_dd84801e9cbe44,74.75,referral_bonus_payout,2026-05-31T07:50:31.178951,card
pay_18f24a0fa8bc40,u_f41158773c,card_f767f8f7c2cb4f,286.78,referral_bonus_payout,2026-07-10T04:10:02,card
pay_7cc2cb16c36246,u_b3051f558c,shethnaveen@okhdfcbank,319.27,referral_bonus_payout,2026-07-10T21:22:19.983805,upi
pay_586b78d89fbc4e,u_8109bb2b07,card_9c283e7e5a2c4b,406.96,referral_bonus_payout,2026-07-11T05:28:57.662291,card
pay_f745ea86334949,u_d56f275f03,cagate@okicici,245.95,referral_bonus_payout,2026-07-10T09:35:30.239240,upi
pay_89a72dd89f1846,u_a1dd110105,krishnadey@paytm,454.9,referral_bonus_payout,2026-07-10T21:39:10.519997,upi
pay_64017fcd30fc4b,u_f408213b97,yachana25@paytm,433.85,referral_bonus_payout,2026-05-23T05:19:12,upi
pay_b8cc7cf627cb44,u_18dbb5993a,card_0ea24431e04f47,482.06,referral_bonus_payout,2026-05-23T15:02:07.475494,card
pay_8773dd9a4cb144,u_f6941bd560,card_3562c88cecb342,181.33,referral_bonus_payout,2026-03-09T13:36:06,card
pay_a4e1924c67f047,u_c9fcd6bf42,card_d5eda845f94b4e,477.61,referral_bonus_payout,2026-03-17T22:34:08.318918,card
pay_c825a2af50a144,u_d2a341dd23,harita79@paytm,240.65,referral_bonus_payout,2026-03-27T08:23:26.228515,upi
pay_1cb29d37180448,u_ba394c3602,balaishaan@okicici,393.76,referral_bonus_payout,2026-03-13T11:49:48.807168,upi
pay_e56e9c7c02a542,u_8c47dda301,daniel16@ybl,109.01,referral_bonus_payout,2026-03-08T22:37:43,upi
pay_3bdea6c211f548,u_f461091ba1,mekhalamalhotra@okhdfcbank,78.14,referral_bonus_payout,2026-03-09T15:03:38.856647,upi
pay_21211434eba44d,u_54828f5d9f,card_d523797b16db4a,445.87,referral_bonus_payout,2026-03-09T19:47:43.796269,card
pay_00314ac07a5c4c,u_a41a09e38d,daniel16@ybl,360.74,referral_bonus_payout,2026-03-09T19:40:35.931747,upi
pay_b5c3a06f35ac41,u_93f8d9748f,arinkuruvilla@paytm,141.15,referral_bonus_payout,2026-03-09T16:05:29.574221,upi
pay_b559ff04c07448,u_5023651be9,vorawarda@okhdfcbank,468.18,referral_bonus_payout,2026-05-30T05:47:06,upi
pay_41cb1b28021142,u_98774cdea6,srinivasanfalguni@paytm,486.24,referral_bonus_payout,2026-06-14T01:51:37.646974,upi
pay_cb9ce6a34cf141,u_5348be93f1,card_b40bad738ece4d,192.05,referral_bonus_payout,2026-05-30T21:50:34.319110,card
pay_ddd72a51f2c743,u_2b5f5d3737,vorawarda@okhdfcbank,461.72,referral_bonus_payout,2026-06-14T03:14:17.957056,upi
pay_c3d6baf1904044,u_f3ee927a18,jayaramanlakshit@ybl,488.92,referral_bonus_payout,2026-06-14T12:01:42.168331,upi
pay_fb025cb26e644d,u_66ca913977,yashvi82@ybl,74.78,referral_bonus_payout,2026-06-12T15:56:33.936870,upi
pay_f5ada709f6ab4a,u_ef629c5518,card_3e876de2ec2c45,440.88,referral_bonus_payout,2026-05-15T07:32:17,card
pay_708c91958d3b42,u_d8fb9183fa,card_9d491acb059049,100.76,referral_bonus_payout,2026-05-26T15:35:24.900521,card
pay_972954d3c8f34b,u_3969616f71,card_b745cbed56ed47,68.25,referral_bonus_payout,2026-05-16T11:52:42.596475,card
pay_61e983f86e9744,u_04076efcac,shroffdominic@paytm,210.32,referral_bonus_payout,2026-05-31T06:03:37,upi
pay_88918613e4124c,u_53c8d6ccc9,card_1bc7fd17e9d440,449.43,referral_bonus_payout,2026-05-31T18:41:56.385366,card
pay_8380295861c44a,u_b8f968dc3f,warinderlala@paytm,108.61,referral_bonus_payout,2026-04-09T21:06:06,upi
pay_85f04b4a89964a,u_4a0dbadb7a,card_89968cf066c641,54.8,referral_bonus_payout,2026-04-12T06:28:22.321671,card
pay_3cadcf4c27854f,u_21b496974e,ramachandranlakshit@paytm,68.24,referral_bonus_payout,2026-04-17T01:01:16.999082,upi
pay_b22304b2a36a46,u_b6b228bf6f,gillubika@okicici,358.55,referral_bonus_payout,2026-04-15T05:05:41.385025,upi
pay_3f9929b166ca4d,u_dadd4b84cb,vrishtimann@okhdfcbank,138.44,referral_bonus_payout,2026-05-19T01:24:15,upi
pay_cb4380cd3a2c4b,u_a9ee3be4c5,siya34@paytm,158.18,referral_bonus_payout,2026-05-19T22:01:45.685143,upi
pay_9bf3e2aa624f47,u_05b87cf0de,card_57bce4c597d24f,318.33,referral_bonus_payout,2026-05-23T01:21:19.608616,card
pay_ea852913e5944e,u_ad390bd764,card_9755848c7d0948,71.88,referral_bonus_payout,2026-05-22T09:13:52.837444,card
pay_2b59e462244c48,u_e5b1fbe38b,vrishtimann@okhdfcbank,398.68,referral_bonus_payout,2026-05-23T13:10:18.705002,upi
pay_8e9b4b8c810d4f,u_c6e4eb6fd1,card_89240e0b8a024d,410.94,referral_bonus_payout,2026-04-02T08:30:07,card
pay_dfacb3a95a734e,u_f48bdc44c2,vasatika54@okicici,318.27,referral_bonus_payout,2026-04-02T20:13:27.354833,upi
pay_81ad92c9552745,u_13b117857d,card_355855ba5c2049,239.77,referral_bonus_payout,2026-03-03T15:41:52,card
pay_087c47d9820b4a,u_feea574ad0,card_3b19affd64e24b,423.3,referral_bonus_payout,2026-04-15T11:07:55,card
pay_18e319acba8349,u_f6ab36cf7a,meeradhar@okicici,429.93,referral_bonus_payout,2026-04-06T16:19:38,upi
pay_34448e8ef7b740,u_03b1b9afcf,mtailor@okhdfcbank,142.26,referral_bonus_payout,2026-06-26T11:51:09,upi
pay_5fad4328979c43,u_d64ab86d58,card_851a6b279a394b,252.81,referral_bonus_payout,2026-06-21T11:51:53,card
pay_676b472d42234d,u_58d10bd91d,badamivedhika@okicici,61.68,referral_bonus_payout,2026-04-28T00:31:19,upi
pay_c07891d8b9cb4b,u_8e6a819b37,kiaan71@ybl,437.74,referral_bonus_payout,2026-05-20T21:24:29,upi
pay_d41bad0e254440,u_fa4adf02ed,nayarronith@okhdfcbank,355.61,referral_bonus_payout,2026-03-03T03:56:17,upi
pay_4d6e3a48489a44,u_4b56003f85,card_f8fdd504122848,287.09,referral_bonus_payout,2026-07-26T14:35:31,card
pay_708ac11463c142,u_88b0e77b06,choudharylucky@ybl,427.47,referral_bonus_payout,2026-04-03T03:44:27,upi
pay_990de614950a49,u_938e654f32,ouppal@okhdfcbank,165.49,referral_bonus_payout,2026-05-09T14:24:52,upi
pay_d5e8139650a246,u_48f6345f2c,vaishnavi14@okhdfcbank,444.45,referral_bonus_payout,2026-04-20T17:22:55,upi
pay_5b96183f9c1d4f,u_4207f6fdd9,qrandhawa@okhdfcbank,282.86,referral_bonus_payout,2026-04-08T07:23:05,upi
pay_52d1ba5d37e144,u_be801895e8,card_27334b6f6d5a46,307.44,referral_bonus_payout,2026-03-26T16:08:08,card
pay_aeee5d17cde945,u_4003e69dc3,kai14@ybl,253.06,referral_bonus_payout,2026-04-25T02:31:42,upi
pay_d115bd1df9c84b,u_75df363f82,gabrielsidhu@okhdfcbank,263.39,referral_bonus_payout,2026-04-01T11:07:48,upi
pay_f93cd7fbe2fa41,u_e1b89bed1d,card_97b89715810e4b,57.36,referral_bonus_payout,2026-04-01T01:28:13,card
pay_9548295bcbc848,u_392753bf65,qthakur@paytm,270.66,referral_bonus_payout,2026-06-26T10:48:50,upi
pay_3ea4ef9669f14e,u_9ff2e8e79f,gissac@okhdfcbank,313.66,referral_bonus_payout,2026-06-14T13:31:05,upi
pay_1a3229da845249,u_7285396e07,card_75baa270e3e440,160.36,referral_bonus_payout,2026-06-16T21:44:25,card
pay_e3c3d92670504e,u_bfa9535050,wasonfaris@okicici,52.03,referral_bonus_payout,2026-06-04T05:53:37,upi
pay_5b2c8be18a484d,u_9c64c39a5f,card_6320d7fcad214f,458.76,referral_bonus_payout,2026-06-10T03:34:58,card
pay_a7bc1a26696046,u_c5ca360f38,card_371e1c35cf8049,273.08,referral_bonus_payout,2026-07-06T09:06:23,card
pay_b0f7e077e98c44,u_579840d2d5,card_f6a84546ab9546,148.68,referral_bonus_payout,2026-05-22T07:24:01,card
pay_f370925f2b1347,u_6468cab5d0,kabirtripathi@ybl,187.34,referral_bonus_payout,2026-07-06T22:15:56,upi
pay_85cb2bfe8ca247,u_483fe66fc2,card_b0b47941b0b842,459.54,referral_bonus_payout,2026-06-07T12:22:09,card
pay_091785418a1c43,u_4d7354297d,card_8b642412eb5442,233.38,referral_bonus_payout,2026-06-29T00:31:30,card
pay_af2eb6f615d949,u_fdd0747569,nbera@okicici,242.76,referral_bonus_payout,2026-04-30T12:42:16,upi
pay_6f1dacbd9b7d4c,u_dc1bf07c59,card_2202033520ad4d,462.83,referral_bonus_payout,2026-03-21T19:53:37,card
pay_ff5d88e3100543,u_180a280c38,tataudant@okhdfcbank,74.77,referral_bonus_payout,2026-03-04T09:10:12,upi
pay_ffdfae8c45524f,u_650aaebb48,card_e725c2fb1f1f41,254.79,referral_bonus_payout,2026-07-02T08:23:52,card
pay_2a3aba0ce36546,u_a5a3a5442f,calebpai@paytm,387.52,referral_bonus_payout,2026-03-08T16:30:55,upi
pay_88681f82de824f,u_c4be388409,gmukhopadhyay@okhdfcbank,331.24,referral_bonus_payout,2026-06-07T23:16:43,upi
pay_48549eb3a86745,u_8d658af2bb,card_8dbe4675897043,416.99,referral_bonus_payout,2026-06-29T02:50:40,card
pay_24cdaf6f957744,u_9d21d71011,aarush55@paytm,357.17,referral_bonus_payout,2026-07-13T05:36:17,upi
pay_8a0b6ea86e9446,u_30c08ddf74,card_e593c95ec6cf43,56.65,referral_bonus_payout,2026-06-24T12:45:55,card
pay_06c2a5dc69894c,u_0a262129c5,cherianrohan@okicici,424.87,referral_bonus_payout,2026-07-27T01:48:11,upi
pay_c5608172c3fd40,u_7b345761e2,card_ac5eca3586c448,127.14,referral_bonus_payout,2026-07-27T08:55:00,card
pay_142cd51e7a4f4f,u_d7b34385ea,lohitvarughese@okhdfcbank,319.78,referral_bonus_payout,2026-03-19T21:50:52,upi
pay_bc8166418fe748,u_7be1c31bb6,yahvi17@paytm,232.42,referral_bonus_payout,2026-04-24T16:35:19,upi
pay_3ea7b26ccdb041,u_cfaa045569,card_87a693dc243147,222.65,referral_bonus_payout,2026-05-04T21:27:55,card
pay_71386249492249,u_5edd7147b0,ethantella@paytm,138.22,referral_bonus_payout,2026-06-02T12:29:47,upi
pay_fcc388578bb44b,u_f1fed8be4f,behlunni@okicici,470.29,referral_bonus_payout,2026-06-21T22:31:52,upi
pay_a4becaeb43034e,u_ed2f66f963,thamanpratyush@paytm,106.93,referral_bonus_payout,2026-04-11T03:38:27,upi
pay_29d8949bb01548,u_8731920b0a,card_43a077b206ac4e,181.27,referral_bonus_payout,2026-03-27T11:08:49,card
pay_87e9c82ec2374a,u_e3055e7b73,card_7837857e415b42,105.92,referral_bonus_payout,2026-07-20T09:54:03,card
pay_d31b33905fa543,u_db46783945,card_20f4bb75290d46,447.47,referral_bonus_payout,2026-06-01T08:48:05,card
pay_403321e6673040,u_02454fcdee,card_30cef6850fb74a,348.31,referral_bonus_payout,2026-07-08T17:15:55,card
pay_0d197d15bf1d4f,u_06fbd1aa81,emurthy@okicici,276.18,referral_bonus_payout,2026-07-02T16:19:50,upi
pay_fd0397b85e0c49,u_28be46c755,card_51b6120189dd4a,193.65,referral_bonus_payout,2026-05-02T16:20:59,card
pay_c20a4ffe5df14b,u_9c1b2df4d8,ekanta18@okhdfcbank,156.01,referral_bonus_payout,2026-03-08T05:33:14,upi
pay_526ffaa704f64e,u_02392b8a76,aayushdube@paytm,69.51,referral_bonus_payout,2026-05-26T14:23:47,upi
pay_cbc764a8dc4241,u_56650afdf0,card_d4dfd38d07cb47,223.02,referral_bonus_payout,2026-05-25T22:02:35,card
pay_ab861f05a90945,u_86a1aa1a91,card_4f60d4cc4f304e,154.82,referral_bonus_payout,2026-07-02T02:09:13,card
pay_15176f67743e4d,u_8a3f9d2d9d,tristanbanik@okicici,407.22,referral_bonus_payout,2026-04-12T09:53:17,upi
pay_0ca8604c0ce241,u_2922df0259,pillaivamakshi@paytm,388.07,referral_bonus_payout,2026-06-16T03:29:50,upi
pay_ab5cbe4ac04f44,u_6ca9c59e73,sanayagarde@okhdfcbank,360.32,referral_bonus_payout,2026-07-25T14:10:40,upi
pay_3ca371c49aae48,u_286f497133,rganesh@okhdfcbank,217.26,referral_bonus_payout,2026-05-19T23:45:10,upi
pay_dacf3a7bad3443,u_42b0e2f71c,thomasnayak@okhdfcbank,99.16,referral_bonus_payout,2026-03-27T16:11:31,upi
pay_7a286949680a47,u_56a4e8da62,falan84@okhdfcbank,122.05,referral_bonus_payout,2026-04-28T13:25:39,upi
pay_ffe68270ae2d4a,u_8f75d88706,card_f10960aacaae45,133.34,referral_bonus_payout,2026-04-01T19:22:02,card
pay_a60cf9e0467244,u_310c12070d,card_f5d95d1f18d74d,442.42,referral_bonus_payout,2026-03-04T09:22:46,card
pay_504724102b9748,u_f86ed117c4,varsha29@ybl,51.51,referral_bonus_payout,2026-07-04T03:45:30,upi
pay_337610dd292e44,u_724147b322,rudra07@okhdfcbank,258.95,referral_bonus_payout,2026-04-03T14:08:06,upi
pay_2da02b48b79344,u_e6cb91ed79,card_fa20004c4bca4f,470.9,referral_bonus_payout,2026-06-30T12:58:54,card
pay_72ab007ae4f74c,u_6560a3dcd6,dashhenry@paytm,298.18,referral_bonus_payout,2026-04-27T08:14:10,upi
pay_6af09433bed348,u_fb6daa490a,card_857d73371f204a,120.59,referral_bonus_payout,2026-05-12T07:47:08,card
pay_de79c599be044e,u_afdfedb374,card_d54b473d85eb4e,135.91,referral_bonus_payout,2026-05-31T22:51:09,card
pay_93b5bfdbd7ca48,u_ca64936f9e,unni23@okicici,116.89,referral_bonus_payout,2026-04-30T21:37:15,upi
pay_879868282dc04a,u_df684d3d5f,card_d67a3ba3570541,83.43,referral_bonus_payout,2026-05-06T21:45:40,card
pay_6f315a51094b44,u_2e3fe330fd,zmuni@okhdfcbank,87.5,referral_bonus_payout,2026-03-22T01:57:51,upi
pay_0506cc4d8b0342,u_3995568e4b,kohlikashvi@ybl,311.16,referral_bonus_payout,2026-03-17T15:13:36,upi
pay_3ac8468c89ff46,u_e33e5a8e4f,card_2923270527804c,222.92,referral_bonus_payout,2026-04-18T12:52:31,card
pay_0aca5a60a0744e,u_86b450fe8a,dayalwakeeta@paytm,416.17,referral_bonus_payout,2026-05-26T05:17:02,upi
pay_67f2ab5614934a,u_11bdf6e72c,card_d4355e549a9243,242.05,referral_bonus_payout,2026-06-13T13:03:24,card
pay_2176c0cdc88e4c,u_5e018a98f8,chanakya00@paytm,173.04,referral_bonus_payout,2026-07-15T21:28:20,upi
pay_4a8385177d6843,u_01188df75c,card_73eeae9246994b,418.7,referral_bonus_payout,2026-05-07T22:54:08,card
pay_673fdc7a6d0a43,u_743f34b78f,card_a27edce902b24d,121.87,referral_bonus_payout,2026-07-04T14:11:02,card
pay_35b0c20c753140,u_926a858945,card_d1b858b62ab444,102.26,referral_bonus_payout,2026-03-08T01:54:32,card
pay_f16b347dacba4f,u_02d7fbb9d9,card_675c3a905cbc4c,304.82,referral_bonus_payout,2026-07-20T05:46:25,card
pay_a3d34ec94e7c4b,u_c379fc9aa0,kabirkulkarni@paytm,323.62,referral_bonus_payout,2026-06-27T06:43:20,upi
pay_f2eb90c9a5ee45,u_991c4bb96d,upadhritisibal@paytm,233.5,referral_bonus_payout,2026-05-11T00:51:57,upi
pay_c4d0aeb489e146,u_f3872cc634,card_4dc76584231d4c,330.82,referral_bonus_payout,2026-05-31T07:47:29,card
pay_8d68bbcf92d143,u_7302907a3e,krisha09@okhdfcbank,380.69,referral_bonus_payout,2026-06-17T03:56:30,upi
pay_67bf8719e01e4c,u_4a1c3e431c,fwason@okhdfcbank,405.19,referral_bonus_payout,2026-04-07T16:46:10,upi
pay_63c4f7a75f7c41,u_da37948a88,card_1fbf848308c941,315.43,referral_bonus_payout,2026-03-18T12:30:49,card
pay_0007a74d7d3e41,u_e56ce1ab35,card_905dae3725f94d,360.3,referral_bonus_payout,2026-06-04T03:24:53,card
pay_3edc4b9a616b46,u_58af6c8c5e,card_cf6105d789ae46,280.57,referral_bonus_payout,2026-03-22T23:24:46,card
pay_9be542a9999045,u_e1f1f78c99,card_7a3c300d2e9649,459.61,referral_bonus_payout,2026-05-28T15:16:34,card
pay_7bf62674537c4d,u_6ea1c686e7,card_dc379963a04641,239.26,referral_bonus_payout,2026-04-15T09:35:40,card
pay_c301d3098a8b45,u_52485477b3,panchaldamyanti@paytm,62.48,referral_bonus_payout,2026-03-31T11:34:27,upi
pay_c065842ae93c4c,u_cc2a4541bc,card_717e9042975b43,227.01,referral_bonus_payout,2026-04-18T18:13:49,card
pay_037d81d7d80348,u_3123d2f4d3,baljiwan64@okhdfcbank,82.28,referral_bonus_payout,2026-05-19T18:21:08,upi
pay_f24a12f5defc44,u_b61fc2b5fe,card_33656290900448,58.19,referral_bonus_payout,2026-07-18T06:03:00,card
pay_b4950835462743,u_4dba4c0d8e,card_2b3436d303d445,272.94,referral_bonus_payout,2026-05-01T20:22:03,card
pay_4e472b934ad546,u_a9d75a517a,odalal@ybl,219.3,referral_bonus_payout,2026-05-11T20:13:25,upi
pay_733c394bcc544c,u_e8743e186d,card_add02376ec7c4f,110.49,referral_bonus_payout,2026-07-11T07:10:47,card
pay_80e95566e5f748,u_8c5c62ee5c,panini20@ybl,493.91,referral_bonus_payout,2026-07-13T10:04:38,upi
pay_844647978c3748,u_ca8e7aeacd,liamnarayanan@paytm,132.82,referral_bonus_payout,2026-05-19T06:00:16,upi
pay_d2b404440db941,u_3d9f4ede37,champak78@okicici,373.79,referral_bonus_payout,2026-06-22T04:35:23,upi
pay_2e9ab9a86a574c,u_3bfd54f10b,rattadamini@okhdfcbank,388.6,referral_bonus_payout,2026-07-06T15:15:49,upi
pay_384f4bf04a0a4a,u_f37df645c8,card_59426909e47542,336.36,referral_bonus_payout,2026-05-04T07:57:54,card
pay_3a209ff73fe24e,u_8364b211ea,nilimarandhawa@okicici,467.19,referral_bonus_payout,2026-05-12T23:51:30,upi
pay_19ce1772265b4b,u_9f2eaa4893,mdevan@okicici,276.89,referral_bonus_payout,2026-04-10T13:35:18,upi
pay_8883089444a441,u_fe739785a8,kala18@ybl,136.78,referral_bonus_payout,2026-03-12T01:44:12,upi
pay_998d519c633547,u_4b897d8620,keyanadkarni@okicici,160.77,referral_bonus_payout,2026-03-18T02:43:00,upi
pay_900c3fdb54ce4e,u_ccbe5bffda,mpuri@okicici,117.57,referral_bonus_payout,2026-03-02T16:47:50,upi
pay_2c7e2fc3fef641,u_4d1427c384,card_9b002a9b2a6c4c,403.78,referral_bonus_payout,2026-07-18T03:14:34,card
pay_f38995d6845a4d,u_60c1e9ceaa,semabha@okicici,203.04,referral_bonus_payout,2026-03-04T11:14:02,upi
pay_da11e9d3c0a243,u_33901ececf,card_57493ef3b23a4d,477.08,referral_bonus_payout,2026-04-18T05:14:44,card
pay_2a18d0d3874743,u_3df87576c2,tatachakradev@okhdfcbank,166.2,referral_bonus_payout,2026-05-05T18:49:21,upi
pay_722c5ae5601740,u_e23aade63c,tpant@paytm,68.35,referral_bonus_payout,2026-07-07T23:47:29,upi
pay_8d9884577fbe49,u_e805045c9f,karan07@ybl,76.5,referral_bonus_payout,2026-04-29T20:33:33,upi
pay_e5e3593232a440,u_67a640a814,card_13e163f8f0a045,428.9,referral_bonus_payout,2026-04-22T05:51:12,card
pay_6b96d019ef9440,u_f9b71b22d1,card_d09017a0ec274e,263.16,referral_bonus_payout,2026-06-21T22:11:23,card
pay_36eb6eb3e8bd45,u_082d90420d,kdara@okhdfcbank,54.3,referral_bonus_payout,2026-06-13T15:09:28,upi
pay_20e5f3be479342,u_0715a6d270,jshetty@okhdfcbank,182.12,referral_bonus_payout,2026-04-05T14:25:51,upi
pay_2e70bc15d8fc46,u_04f7b15bf2,card_8e578e4af62147,393.81,referral_bonus_payout,2026-07-02T19:24:04,card
pay_7dced4ae40104b,u_e30b569f3d,anusha44@okhdfcbank,115.18,referral_bonus_payout,2026-07-22T08:29:27,upi
pay_5e0c74839d0440,u_a95e47d2e4,zarnagoswami@ybl,454.41,referral_bonus_payout,2026-06-21T07:08:57,upi
pay_e6bf371c8f3840,u_f7c75ba163,yochanagade@okicici,213.47,referral_bonus_payout,2026-05-18T13:44:06,upi
pay_6e2030b1d03e44,u_7a86adb4e3,shankarganga@paytm,469.82,referral_bonus_payout,2026-07-21T14:41:36,upi
pay_464aaf98b24242,u_3cc17ac6cf,card_7bbc45fc7ec349,308.6,referral_bonus_payout,2026-05-27T20:50:14,card
pay_3089465e716849,u_e38ae84cd0,card_8453bbdf30b447,196.63,referral_bonus_payout,2026-07-02T21:13:25,card
pay_96396e0054a049,u_db9c0957f8,vverma@paytm,283.58,referral_bonus_payout,2026-04-17T18:37:46,upi
pay_15d98203490c4e,u_8f309d6691,mganesh@paytm,362.92,referral_bonus_payout,2026-05-14T19:13:28,upi
pay_6e6c607eb91a4a,u_b8a179bb07,card_f64d03d53ad24d,258.47,referral_bonus_payout,2026-06-17T06:34:30,card
pay_2ece3f7bda8545,u_0b4cb69573,girindra82@okicici,65.08,referral_bonus_payout,2026-03-08T18:27:43,upi
pay_d9c195f6e4ec4b,u_ce77b47f14,vaishnavijani@okicici,280.67,referral_bonus_payout,2026-05-11T00:02:45,upi
pay_4c7af2dab42d44,u_03c8daa4a5,card_0c4c8cc8116a47,459.68,referral_bonus_payout,2026-06-02T22:01:04,card
pay_124792302efa49,u_fc2752c9ae,card_e5788b59406b4c,67.62,referral_bonus_payout,2026-06-18T20:43:49,card
pay_3a5b375329e44e,u_a545e61c53,card_64da86758da948,201.44,referral_bonus_payout,2026-07-11T21:53:56,card
pay_27fce202a87b43,u_127da5b053,ekanta44@ybl,416.63,referral_bonus_payout,2026-07-19T18:10:57,upi
pay_9f43c9ba694641,u_269ae63cd7,gaurang86@okhdfcbank,391.62,referral_bonus_payout,2026-04-05T11:54:01,upi
pay_ab4c02cb149e43,u_529cfda726,card_e44a90bcfc5d4c,283.26,referral_bonus_payout,2026-05-30T12:15:54,card
pay_198f5972877646,u_a2738c7701,card_491408e0b91a41,205.19,referral_bonus_payout,2026-07-01T06:30:19,card
pay_f51bf3295abe42,u_83008c694e,card_5383fc49594b4d,358.71,referral_bonus_payout,2026-06-12T02:47:06,card
pay_d75c42af9c6448,u_2375a3c423,basuoscar@okhdfcbank,279.97,referral_bonus_payout,2026-03-02T07:21:17,upi
pay_5a9030d252154b,u_bcd3fe076c,card_9f5af264189b46,104.8,referral_bonus_payout,2026-06-30T09:03:37,card
pay_13f3f259daad4c,u_419874eec6,card_49abd37612a34f,115.24,referral_bonus_payout,2026-05-03T04:47:34,card
pay_19ce5ae08cb44b,u_35bf178640,amaster@paytm,71.1,referral_bonus_payout,2026-04-16T04:25:40,upi
pay_2f0cc437f4c447,u_d9b3457100,card_73014c33e8d340,109.15,referral_bonus_payout,2026-03-04T22:23:21,card
pay_310aabe696644b,u_aaf9d3d201,bhavsarhritik@okicici,173.94,referral_bonus_payout,2026-06-30T17:22:34,upi
pay_e6024377470d4a,u_71b16a5ca1,card_7e1aca635fb847,490.67,referral_bonus_payout,2026-03-24T20:46:05,card
pay_7deb3668998c46,u_a0b4802e78,card_27a42ef6ddb243,181.36,referral_bonus_payout,2026-07-10T20:12:51,card
pay_fb746de6f0dc42,u_ec0500d1a4,ekalingasampath@okhdfcbank,429.41,referral_bonus_payout,2026-05-07T22:35:08,upi
pay_87fd90a800fa40,u_5318ab549d,card_03be515026be47,356.18,referral_bonus_payout,2026-04-19T20:37:24,card
pay_4350afada9c44b,u_538950b347,card_e4c604ac781a4a,117.89,referral_bonus_payout,2026-05-10T13:33:41,card
pay_be2a2fabc32848,u_434903f42d,card_adac36157b4f49,494.26,referral_bonus_payout,2026-03-25T16:27:17,card
pay_947fd50cfefd48,u_59e22c88c2,devkara@okhdfcbank,104.34,referral_bonus_payout,2026-06-05T09:55:38,upi
pay_5b7da46772284d,u_73f693f5ae,card_4e8526c006c04c,95.96,referral_bonus_payout,2026-06-29T05:34:45,card
pay_6daf6a5ba17846,u_435dda3ee8,card_1ff6ea70a76545,404.32,referral_bonus_payout,2026-07-09T05:01:26,card
pay_c2a82e0241984d,u_d8ff65aa2f,pvasa@okicici,117.37,referral_bonus_payout,2026-07-15T15:12:32,upi
pay_c3f0b8dd359d4e,u_c03d4432b8,bchahal@okicici,476.86,referral_bonus_payout,2026-06-30T11:06:41,upi
pay_f1065353cfb447,u_bf564d50b2,abhimanyu44@ybl,450.27,referral_bonus_payout,2026-05-06T00:13:19,upi
pay_8ae7a273728c41,u_7f0e021e81,yaminidhaliwal@okicici,436.05,referral_bonus_payout,2026-03-08T16:58:30,upi
pay_822819abc75f4e,u_d2d48fcb36,card_a64c9e4a0ff44a,270.08,referral_bonus_payout,2026-04-12T21:04:07,card
pay_5adfb2870ee342,u_a973fe9c3f,card_020ea96b44674a,98.46,referral_bonus_payout,2026-07-20T16:21:06,card
pay_07dd18038c6a49,u_88533cdcb3,tbora@okicici,166.33,referral_bonus_payout,2026-05-14T21:47:49,upi
pay_15e85a45c11043,u_dd6f07f592,ddugal@paytm,358.88,referral_bonus_payout,2026-03-22T13:22:08,upi
pay_dc4eda4f70bb41,u_18175b1d7f,jrai@okhdfcbank,456.81,referral_bonus_payout,2026-04-08T16:39:04,upi
pay_322b069f43aa44,u_79e2a317e3,aarini77@ybl,332.35,referral_bonus_payout,2026-06-14T23:24:54,upi
pay_76d40f6527e648,u_cba73e217e,card_fc21f6e017a34a,355.79,referral_bonus_payout,2026-07-21T03:09:26,card
pay_77eea7f1c33349,u_a0a7fa92ed,jagdish27@ybl,146.52,referral_bonus_payout,2026-07-08T18:29:58,upi
pay_b2882b88c8ed42,u_bd83b1d4be,card_5778311899c044,102.6,referral_bonus_payout,2026-04-24T20:06:55,card
pay_2330f1ced09a44,u_680ea6fa96,card_f2a1fe868d764e,232.76,referral_bonus_payout,2026-03-09T02:23:57,card
pay_6612a8b57a2b47,u_9ddf42edbb,card_794566dcd0534e,297.6,referral_bonus_payout,2026-07-21T05:30:03,card
pay_0b9327ca22844e,u_33d54ee4ab,iwali@okhdfcbank,260.52,referral_bonus_payout,2026-04-01T08:54:55,upi
pay_73be451fe7b341,u_15c10ff430,card_a7b1e55242ae40,211.51,referral_bonus_payout,2026-04-06T19:47:13,card
pay_8f5efbd705ed45,u_5bdb7296ff,card_e1521d967f2b44,187.25,referral_bonus_payout,2026-04-03T07:18:26,card
pay_232c3c40934941,u_91d53de03a,gaurangkapoor@ybl,134.92,referral_bonus_payout,2026-03-02T21:16:13,upi
pay_dfc2a57d39f747,u_9073760f3b,rachitatiwari@paytm,54.32,referral_bonus_payout,2026-07-03T15:33:31,upi
pay_38931e7a17c04e,u_c578377275,karansaksham@paytm,201.29,referral_bonus_payout,2026-06-06T08:22:34,upi
pay_04afab25144b41,u_e2b69a0e77,card_eb02a44a950d46,331.07,referral_bonus_payout,2026-04-19T00:40:11,card
pay_373aa6a92a354a,u_0069cacb3b,kalitagautami@ybl,351.25,referral_bonus_payout,2026-03-24T20:16:42,upi
pay_417ff1d0a69440,u_19c48391d2,simonjaggi@paytm,482.84,referral_bonus_payout,2026-07-05T09:57:35,upi
pay_cd282b154ac046,u_2a917637d2,lchad@okicici,183.45,referral_bonus_payout,2026-04-12T20:55:47,upi
pay_4284c5e3fc0d47,u_969ffab021,card_53d8583e0d4945,204.32,referral_bonus_payout,2026-03-28T18:05:44,card
pay_c62dd90e7f0145,u_eadbca2bec,parth34@ybl,405.07,referral_bonus_payout,2026-06-26T20:16:17,upi
pay_0fc4acdff7d642,u_d1690a9486,ttank@okhdfcbank,414.27,referral_bonus_payout,2026-03-28T00:56:28,upi
pay_add6c341bfe749,u_d8ecee1a74,card_bf6dd57dddda41,159.0,referral_bonus_payout,2026-07-13T06:40:36,card
pay_c373839cd25e4e,u_d6362cf935,card_e2cfcfaf738340,200.58,referral_bonus_payout,2026-05-31T09:12:44,card
pay_d97bccb54a364c,u_dab1097d8d,card_f7dc07379def49,178.89,referral_bonus_payout,2026-07-21T17:54:32,card
pay_3bae1f41ee3b42,u_a34d4b0393,card_fc0dfbc02bad45,81.96,referral_bonus_payout,2026-03-25T12:08:38,card
pay_bf4f30d965d045,u_7a16dea8dd,chackosanaya@paytm,287.46,referral_bonus_payout,2026-04-20T04:39:24,upi
pay_752bdf376bcf41,u_97f8b21f41,cparekh@okicici,289.91,referral_bonus_payout,2026-03-10T19:00:35,upi
pay_d96ce525ff2048,u_11372a6e60,card_22d9aff9838e42,498.31,referral_bonus_payout,2026-04-10T20:05:07,card
pay_df7f38a0236b4c,u_a7cf1541c6,card_6a328afb54534a,494.85,referral_bonus_payout,2026-03-14T15:04:21,card
pay_f5c0301ecc0449,u_cc954cc1ba,thakeraachal@okhdfcbank,97.04,referral_bonus_payout,2026-06-04T10:02:51,upi
pay_536881ab983c42,u_e6c1e98716,bishakhabhagat@paytm,338.82,referral_bonus_payout,2026-04-20T16:58:15,upi
pay_671a75e7668940,u_ee25b459d2,card_3e7d99dddcf740,321.7,referral_bonus_payout,2026-07-03T19:03:24,card
pay_47ec54be874d4d,u_0d2006a490,card_e94e71af825648,297.0,referral_bonus_payout,2026-05-28T10:22:03,card
pay_62fe9c234c7d48,u_495f0661b0,card_156dcb8f181740,429.17,referral_bonus_payout,2026-05-27T13:57:10,card
pay_8650c9369b3b4d,u_2213fd0837,gaurangipal@ybl,177.36,referral_bonus_payout,2026-04-30T05:09:34,upi
pay_8360a56690314f,u_d32262ccb0,avnighosh@okhdfcbank,265.34,referral_bonus_payout,2026-05-09T05:55:19,upi
pay_2787097a0b3f4f,u_c8d54f05ba,card_ff052344f0dc4a,70.57,referral_bonus_payout,2026-05-08T15:45:49,card
pay_62a8771fa39145,u_c5c5666d11,ramaladli@paytm,485.85,referral_bonus_payout,2026-07-18T11:22:08,upi
pay_cf06761fd03e43,u_ec9ab009e4,card_6df27b68c9e643,377.09,referral_bonus_payout,2026-05-06T15:39:58,card
pay_d7d1431e42d64f,u_ac8207ba7d,zachariajai@okicici,342.66,referral_bonus_payout,2026-03-22T20:36:38,upi
pay_0bc9566f532d48,u_7ec3f6907f,baghyawati56@okicici,221.4,referral_bonus_payout,2026-07-20T21:04:40,upi
pay_8924b3a456d042,u_b0b9da5625,card_6340ed6cad214a,427.38,referral_bonus_payout,2026-03-31T12:22:16,card
pay_243f0cd9ad6746,u_412ac9c01d,patrick02@okhdfcbank,341.62,referral_bonus_payout,2026-03-20T03:07:30,upi
pay_6a9e879968de45,u_8625944cb0,card_b186ef0212524d,303.26,referral_bonus_payout,2026-05-17T16:00:56,card
pay_ddf741ab466e4c,u_a228a148b7,manan33@ybl,223.34,referral_bonus_payout,2026-05-13T02:48:44,upi
pay_30252051ebe04b,u_f2882187a7,card_87c81e88a80e45,162.01,referral_bonus_payout,2026-03-14T20:52:06,card
pay_79a5eb70fd924b,u_edd1667f27,lalldominic@paytm,86.54,referral_bonus_payout,2026-04-09T05:22:04,upi
pay_d31d34edf99846,u_a8c038eb8b,eesha28@okicici,470.8,referral_bonus_payout,2026-07-10T06:18:16,upi
pay_6535bcb0124845,u_08ea1728ba,mekhala77@okhdfcbank,433.28,referral_bonus_payout,2026-06-07T03:43:13,upi
pay_3ff2068095824d,u_0e90ed9e70,card_62ac437e04ca4f,227.98,referral_bonus_payout,2026-06-17T13:35:23,card
pay_023f9b2270d242,u_bb6819c987,vlata@okhdfcbank,143.67,referral_bonus_payout,2026-07-03T09:50:30,upi
pay_d9d4fa1d0c1949,u_5e4c542459,card_adf725b2276346,434.75,referral_bonus_payout,2026-03-04T04:52:19,card
pay_c42195cb98b741,u_3f6f73fa4d,card_7bd7a488bf6646,232.78,referral_bonus_payout,2026-07-23T06:08:07,card
pay_c2a10decc3cd42,u_dd55b774f0,card_4494d79e44cf4d,228.77,referral_bonus_payout,2026-05-08T11:34:39,card
pay_a26902dff47549,u_a549e769eb,card_0e21ac1096424f,93.74,referral_bonus_payout,2026-06-30T17:37:20,card
pay_8b3cc5f142bd4e,u_a1afdf092a,oakdivya@paytm,95.8,referral_bonus_payout,2026-03-10T01:27:27,upi
pay_38d4adde9ed54e,u_dee032538c,yauvanibaria@paytm,480.77,referral_bonus_payout,2026-03-06T18:22:50,upi
pay_d7946065b2364c,u_64696c79b3,card_3ff3f99403e549,275.97,referral_bonus_payout,2026-07-13T08:01:09,card
pay_0790a0d4dca846,u_f3d5c397a8,card_f117e9e4418943,343.94,referral_bonus_payout,2026-04-30T14:42:04,card
pay_f0624182a32140,u_25f8c80425,vidhimurthy@ybl,377.14,referral_bonus_payout,2026-04-29T04:15:31,upi
pay_08b294b69ab043,u_0577d84ab5,damini36@ybl,444.79,referral_bonus_payout,2026-03-25T21:02:59,upi
pay_58b895cfb74648,u_55250eb50d,prishatank@okicici,192.02,referral_bonus_payout,2026-07-27T02:44:48,upi
pay_adb0d158ffd649,u_ae4bb8868f,vrittisarna@ybl,134.16,referral_bonus_payout,2026-04-10T00:49:52,upi
pay_05e2d2310bd347,u_12aec9d9d0,gunbir60@ybl,448.97,referral_bonus_payout,2026-05-17T03:59:11,upi
pay_10e124e5206547,u_b4af103ab6,card_9a140a3e239043,417.46,referral_bonus_payout,2026-05-22T05:15:27,card
pay_0895c14596a044,u_a9d423f4b9,smitter@ybl,225.41,referral_bonus_payout,2026-06-30T21:57:01,upi
pay_bb6d9df4fc234d,u_628b5b7f5c,card_6090993530bd48,417.5,referral_bonus_payout,2026-04-18T12:38:58,card
pay_1a7872aa005340,u_99e2b875d4,card_12a002a5a7a14d,467.17,referral_bonus_payout,2026-07-22T17:28:43,card
pay_0f3a5001f92c43,u_901b32727d,oupadhyay@okhdfcbank,176.67,referral_bonus_payout,2026-04-21T03:42:15,upi
pay_819344c44e3941,u_869db256ac,card_7fccbc28a5a641,110.7,referral_bonus_payout,2026-05-03T06:23:42,card
pay_1fc393e940c641,u_d7ce4c327c,card_2626cf1204d946,245.98,referral_bonus_payout,2026-04-05T02:22:51,card
pay_be3cc8fae4c84d,u_e775b6e9fb,dhriti16@okhdfcbank,253.61,referral_bonus_payout,2026-07-04T17:43:18,upi
pay_ad0c22a33fc547,u_c681dede5c,card_72bf23ee0dc64a,305.73,referral_bonus_payout,2026-07-07T05:34:36,card
pay_b1d28de7308f43,u_b479890a64,card_655d9c20d7834f,295.71,referral_bonus_payout,2026-03-05T21:56:26,card
pay_4ec0e864b10446,u_d795776e70,seshadriyashasvi@okhdfcbank,334.28,referral_bonus_payout,2026-04-21T04:43:00,upi
pay_6649c12e1fae48,u_ead6b44b80,sawhneyinaya@paytm,337.08,referral_bonus_payout,2026-03-11T22:23:44,upi
pay_44ce66935df949,u_5dff39a562,logan34@okicici,210.25,referral_bonus_payout,2026-07-17T16:33:49,upi
pay_c36f3aa45ec948,u_08b3f4fe4f,card_ff07fb9a3d164f,469.44,referral_bonus_payout,2026-07-27T14:27:43,card
pay_5de8784e32cd4b,u_36d775ecba,card_5a4bf93bc57e44,277.57,referral_bonus_payout,2026-06-03T07:42:44,card
pay_ea91a49afe5547,u_176469b94e,card_ca7bbe41a4ce4e,374.06,referral_bonus_payout,2026-07-02T13:55:18,card
pay_e0df0fd702a046,u_ef32619bf5,warinder99@paytm,82.73,referral_bonus_payout,2026-07-23T11:50:50,upi
pay_150cf87eb97d4c,u_a85e130786,xiti73@okhdfcbank,199.01,referral_bonus_payout,2026-06-21T01:24:06,upi
pay_cb8626237c2949,u_58c896f26f,pallavirandhawa@okhdfcbank,239.92,referral_bonus_payout,2026-04-25T23:17:59,upi
pay_c3960965945d46,u_64b02aa670,fiyazkara@paytm,292.72,referral_bonus_payout,2026-03-29T23:43:50,upi
pay_0586a01d57ce43,u_023c90b7e2,hemal23@okhdfcbank,89.36,referral_bonus_payout,2026-07-23T19:47:04,upi
pay_6af8f2e9988f4c,u_4d00fba33b,card_c19d3f62b16f48,384.98,referral_bonus_payout,2026-04-25T15:40:26,card
pay_898e5ea59dda45,u_c0cdc97b89,card_e7da985a55f24c,83.32,referral_bonus_payout,2026-05-29T06:47:58,card
pay_ca83f10746114d,u_598ec77f02,card_cbfeb5d62ee840,353.52,referral_bonus_payout,2026-07-09T22:17:45,card
pay_b6bcfc6a302542,u_de3f0ecdd0,umang77@okhdfcbank,233.19,referral_bonus_payout,2026-03-14T13:38:36,upi
pay_829886e2cef747,u_9747012f97,card_99063580a0924c,140.04,referral_bonus_payout,2026-03-11T03:02:00,card
pay_86e7ed0eb36c4d,u_1e98b8bff1,andrasaksham@okhdfcbank,218.47,referral_bonus_payout,2026-06-04T04:05:43,upi
pay_3e3268d8ac7a49,u_8a95b4ee8c,card_d4b0f2061e5740,249.09,referral_bonus_payout,2026-06-02T10:50:38,card
pay_7157707425c448,u_b8a9255b17,card_ff1a0c081b7d4a,492.32,referral_bonus_payout,2026-04-07T07:48:14,card
pay_a49a098ec9c14b,u_b60d3ad10a,card_3f66687a033346,315.91,referral_bonus_payout,2026-06-26T06:22:08,card
pay_5389b36d96a543,u_5af90a4c4e,card_e98a5a2ca9b94f,297.98,referral_bonus_payout,2026-05-25T08:26:34,card
pay_6ce498db201d44,u_d2257867aa,card_148c98298f7044,426.33,referral_bonus_payout,2026-04-22T21:22:48,card
pay_881942cb8f6041,u_907883fc02,jagdish39@okicici,307.71,referral_bonus_payout,2026-03-29T18:52:36,upi
pay_c64284364a3f40,u_7f43a755e1,card_03edb0f4444b4c,173.02,referral_bonus_payout,2026-07-03T05:47:03,card
pay_48f31eb029e849,u_0cc48ec3a3,card_a179725ed58740,355.68,referral_bonus_payout,2026-04-15T10:31:07,card
pay_836b0fdd00464f,u_53afb6ceb7,card_f8cc6edc003a45,205.78,referral_bonus_payout,2026-07-05T17:56:52,card
pay_04622b5775cb4a,u_c13dd8ded3,pavanichatterjee@okicici,334.8,referral_bonus_payout,2026-03-03T21:08:48,upi
pay_cbeea34d6a3a46,u_12e50f1d53,samuelkapoor@ybl,209.25,referral_bonus_payout,2026-03-19T22:49:51,upi
pay_796560c3125d42,u_1ac600680d,anusha32@okicici,402.97,referral_bonus_payout,2026-05-08T05:11:23,upi
pay_35ece14e3f3244,u_c62c3b737b,cyadav@okicici,258.79,referral_bonus_payout,2026-04-06T05:25:50,upi
pay_abda74a20e0347,u_85a0646acb,card_358c263491ed42,133.89,referral_bonus_payout,2026-06-23T02:04:15,card
pay_22555163296d4a,u_044b7b369f,card_a8e27324b7304f,295.17,referral_bonus_payout,2026-06-24T05:53:53,card
pay_65feac16ebc745,u_914dafb463,mandermegha@ybl,58.93,referral_bonus_payout,2026-04-05T11:49:36,upi
pay_e5ea5b914f094e,u_8e83b20231,card_5fe4b6a2783e4e,381.07,referral_bonus_payout,2026-06-28T15:22:01,card
pay_1c6416278f554a,u_fa75ca73cc,ridhiprasad@paytm,275.77,referral_bonus_payout,2026-04-19T15:17:36,upi
pay_57a2d25880f046,u_e51fc0e0c2,egaba@okhdfcbank,469.99,referral_bonus_payout,2026-03-30T13:09:30,upi
pay_15426c5917ce40,u_3ad36222de,girindra41@okicici,487.02,referral_bonus_payout,2026-06-16T03:57:22,upi
pay_6bb1256294b645,u_9cec31225e,pillaypraneel@paytm,107.74,referral_bonus_payout,2026-05-23T07:28:15,upi
pay_119fdc270ee14a,u_161dd4fafb,card_abe4a9d837d34c,449.93,referral_bonus_payout,2026-03-26T16:34:59,card
pay_f19c9e22605d48,u_4e880ce0cc,ishwar95@okhdfcbank,115.16,referral_bonus_payout,2026-07-26T00:29:47,upi
pay_789a2306e3b448,u_d777dd8a50,card_6951db7a86de40,185.33,referral_bonus_payout,2026-07-25T11:51:42,card
pay_cc48b77586244a,u_6d3994bf10,banjeetkarnik@paytm,216.89,referral_bonus_payout,2026-03-28T21:27:28,upi
pay_54e44eed964241,u_963ea3c0b6,card_fb46c8fc5cd04e,223.43,referral_bonus_payout,2026-05-26T09:41:20,card
pay_b76458e14d4148,u_7c66b4ef71,card_c425e3159a5b47,293.84,referral_bonus_payout,2026-04-19T14:47:36,card
pay_68fca17b188b4c,u_edf232a910,mahikaben@okicici,208.66,referral_bonus_payout,2026-07-06T17:12:57,upi
pay_d5aa855ea12741,u_fa95dba92b,veersekhon@paytm,154.25,referral_bonus_payout,2026-07-04T15:39:13,upi
pay_f6a70668da6a44,u_92e19d9f52,card_14abd90a9f2a48,123.17,referral_bonus_payout,2026-07-27T03:51:46,card
pay_3cd6713f617f45,u_8d6dad769a,aahanapatla@okicici,294.3,referral_bonus_payout,2026-05-07T00:32:12,upi
pay_2d2d06e8f8f749,u_5ff2bc48aa,card_1ade07a6826b43,113.62,referral_bonus_payout,2026-04-07T04:04:37,card
pay_658d3667a9154c,u_cd5283a170,card_0d890ad04b7e4d,69.62,referral_bonus_payout,2026-03-17T20:56:13,card
pay_b7b80e9c218946,u_432295e130,card_87a33e842cb345,327.96,referral_bonus_payout,2026-04-17T15:21:03,card
pay_f6607551db5b4f,u_447cf8ffea,card_d28c2ac28d7f48,426.69,referral_bonus_payout,2026-06-20T11:43:09,card
pay_52c7b66df4114c,u_2b11dc96b2,abhiramdua@okhdfcbank,155.29,referral_bonus_payout,2026-06-25T22:04:49,upi
pay_6df372c856054e,u_904cb8f058,card_c96ba100b0724b,230.64,referral_bonus_payout,2026-03-06T12:11:07,card
pay_5a25f40550f241,u_61710d25ac,card_488b246d321b42,446.64,referral_bonus_payout,2026-05-09T12:33:18,card
pay_864e912911a444,u_82bc51845a,card_7688b7ae3a8740,293.82,referral_bonus_payout,2026-03-03T01:56:20,card
pay_f4122cf6002543,u_9ea6a78847,owen90@okhdfcbank,279.03,referral_bonus_payout,2026-07-17T00:18:38,upi
pay_327e476022014d,u_26dc44892f,card_c954dca408194a,209.71,referral_bonus_payout,2026-06-05T10:19:00,card
pay_9a926acdfa0c4f,u_090a362dc6,card_4be2d7b32eb745,298.65,referral_bonus_payout,2026-06-06T08:25:55,card
pay_c211fbe75d5c48,u_d65948fef7,card_f81f9cfc2e2d46,337.74,referral_bonus_payout,2026-05-05T07:18:37,card
pay_ca105991b8a949,u_dd68f4ae53,card_982654f2e97a43,58.24,referral_bonus_payout,2026-06-08T00:21:31,card
pay_5a8794cbb08449,u_ba86f41e22,card_33707708b7ac4f,229.39,referral_bonus_payout,2026-05-26T05:16:34,card
pay_12ae9ce0786044,u_fd0befb9c6,xtak@okicici,418.31,referral_bonus_payout,2026-06-27T19:56:27,upi
pay_605b8ab36a754f,u_031647720f,card_8ad486ab8c7544,224.99,referral_bonus_payout,2026-03-12T23:07:44,card
pay_30b91e0bc0a44e,u_87ef193302,upasna85@okhdfcbank,308.5,referral_bonus_payout,2026-03-24T21:20:39,upi
pay_26078c088c804a,u_d46ce31d0a,damini45@okhdfcbank,369.51,referral_bonus_payout,2026-04-08T10:44:37,upi
pay_57922ca1d46744,u_bed31b83cf,anikabahl@okhdfcbank,414.8,referral_bonus_payout,2026-05-16T01:28:53,upi
pay_3ddb927b385c46,u_94ada43440,luthraazaan@paytm,453.14,referral_bonus_payout,2026-03-04T17:53:21,upi
pay_0cae40ca5c3b4d,u_6863f549d0,elijahamble@okicici,417.32,referral_bonus_payout,2026-04-17T21:27:00,upi
pay_f14bdc47dc8343,u_75dafca579,elijah72@paytm,120.65,referral_bonus_payout,2026-05-01T10:51:13,upi
pay_41e3a126dc594a,u_ea8b9a5f35,card_a5d537243de84d,489.52,referral_bonus_payout,2026-04-06T02:38:59,card
pay_a249e94df46c40,u_794a6da72e,rbera@okicici,458.19,referral_bonus_payout,2026-05-30T23:20:56,upi
pay_1d58998fa86b4c,u_c5b51accb0,ayush52@okicici,193.8,referral_bonus_payout,2026-06-15T20:21:29,upi
pay_a3b28ae0a6b444,u_50a22ada64,sanghvicharan@ybl,274.19,referral_bonus_payout,2026-05-16T04:24:47,upi
pay_448c4a057f3048,u_79317b44e3,lucky40@okicici,99.52,referral_bonus_payout,2026-05-09T19:17:59,upi
pay_69ff3084aab04d,u_e7cac30bd0,card_b813afc863d14b,168.89,referral_bonus_payout,2026-07-26T08:43:54,card
pay_4e3fadba3b4b47,u_a41636edab,gkalita@ybl,498.2,referral_bonus_payout,2026-05-09T01:19:28,upi
pay_bf48c59d9f5c4b,u_9b6e53438e,gopalbhavna@okhdfcbank,186.71,referral_bonus_payout,2026-05-03T18:00:22,upi
pay_c8df8cc5adfd43,u_2fd1a1baae,card_73709595c7b44f,161.2,referral_bonus_payout,2026-03-10T20:48:58,card
pay_4a36568f9a9d44,u_e2e83bd5cf,card_5bbd38d4ec0b49,140.67,referral_bonus_payout,2026-05-09T02:41:54,card
pay_03bcb2c6a00647,u_c326326aae,card_ff6fae4cb37d46,242.35,referral_bonus_payout,2026-06-04T02:53:29,card
pay_e2aff1cd919942,u_09082b873e,bpathak@ybl,145.03,referral_bonus_payout,2026-03-12T01:24:37,upi
pay_8c4339c1d0ef41,u_1aa44bf798,card_138b1f8ee8e44e,201.22,referral_bonus_payout,2026-03-06T14:36:38,card
pay_079c28dcd52442,u_40243a81e6,baghyawatinaik@okhdfcbank,98.65,referral_bonus_payout,2026-05-26T22:01:09,upi
pay_acf09a321cb044,u_999ac294ee,saxenatriya@ybl,194.44,referral_bonus_payout,2026-03-28T19:03:11,upi
pay_eaf53d7dbf2149,u_1c708cd13e,card_f383da9c137d49,373.92,referral_bonus_payout,2026-04-12T10:14:25,card
pay_2b04859fc7a24e,u_35254182b3,card_f896d6a6699342,299.08,referral_bonus_payout,2026-07-05T18:17:21,card
pay_51dccdfeb3a247,u_2e389d8130,card_99392749639c40,97.75,referral_bonus_payout,2026-05-16T04:38:47,card
pay_efa0a75a7e6a40,u_54e59b06f5,card_41d554b5f87e47,158.89,referral_bonus_payout,2026-07-19T22:17:50,card
pay_67bbe3d09fd444,u_8376efef7d,ihegde@ybl,127.46,referral_bonus_payout,2026-06-08T06:48:39,upi
pay_009b1a8cc33a49,u_ae2e241422,card_bdc99924805143,343.74,referral_bonus_payout,2026-05-20T23:08:06,card
pay_cad1f2d0b30541,u_c391804c85,dewanchakradhar@ybl,410.81,referral_bonus_payout,2026-05-30T17:44:52,upi
pay_013a993c6d624e,u_27770ce57e,kchowdhury@okicici,350.48,referral_bonus_payout,2026-07-04T06:51:49,upi
pay_f51c62b0592a4d,u_be6db94325,chanderkalpit@ybl,318.86,referral_bonus_payout,2026-04-14T21:57:44,upi
pay_7bc198722a224f,u_473863b2f7,suleaarush@okhdfcbank,486.32,referral_bonus_payout,2026-06-09T06:04:56,upi
pay_8f59d666a8894c,u_6e9f038adc,card_fef9e7d639a843,255.67,referral_bonus_payout,2026-06-28T08:09:12,card
pay_1ea83172c99f47,u_148544df24,ekani93@paytm,116.98,referral_bonus_payout,2026-06-01T04:15:14,upi
pay_d7035707ff1b46,u_29702c2bfb,card_72817fad5a9245,398.11,referral_bonus_payout,2026-03-07T17:11:49,card
pay_fc4a978254ea48,u_44106c7ea9,kashviguha@paytm,161.27,referral_bonus_payout,2026-07-05T09:26:36,upi
pay_5b609cab7e0e4a,u_548fc97d81,card_76939e776d0548,358.46,referral_bonus_payout,2026-03-11T01:41:49,card
pay_2f27617a6fde47,u_f64d97ff2a,card_135e112b1bc34d,291.67,referral_bonus_payout,2026-06-22T04:42:32,card
pay_47e3ccd1a3cf4b,u_3de3cce3d8,card_e912edb8a23048,198.42,referral_bonus_payout,2026-05-20T13:42:31,card
pay_4d02cce72bf94f,u_90719a8b70,card_ad8df36fa9be4a,249.47,referral_bonus_payout,2026-06-15T04:28:32,card
pay_02474825309640,u_86116b4518,crandhawa@ybl,147.26,referral_bonus_payout,2026-05-12T14:58:12,upi
pay_9ddf8239e48640,u_c917b04530,card_951d2c67a69e4e,176.48,referral_bonus_payout,2026-05-17T01:16:28,card
pay_8e41e87ec8ad4a,u_eb57e23ee7,dasguptaparth@paytm,103.21,referral_bonus_payout,2026-03-29T22:21:10,upi
pay_7337d74e37cb49,u_2c881c5316,kundanathaniel@ybl,157.87,referral_bonus_payout,2026-05-28T00:20:18,upi
pay_e9a812df4f9247,u_f6ace8c240,card_7d363d9c09ed46,133.76,referral_bonus_payout,2026-03-08T19:37:18,card
pay_c81712ac45db45,u_9f97bb0f8b,card_3971c6ce0fc043,74.41,referral_bonus_payout,2026-03-26T18:39:44,card
pay_a94c70f18b7f40,u_04665f37b4,card_1852bac308d240,418.41,referral_bonus_payout,2026-04-01T18:15:56,card
pay_96ad8344b51442,u_382a3cc07f,card_d863309faaa54f,61.44,referral_bonus_payout,2026-07-05T05:27:40,card
pay_1ef07031a5e04a,u_906ab5ea6e,card_e7d61b00e5c84a,341.04,referral_bonus_payout,2026-03-04T23:09:43,card
pay_9dd8892af45e4f,u_34222094ec,madhavi29@paytm,459.31,referral_bonus_payout,2026-07-08T23:35:47,upi
pay_694eb4b7403548,u_d6e9805c33,card_98ee46e41bf34c,154.55,referral_bonus_payout,2026-04-13T07:05:41,card
pay_f7dbb9e380364f,u_0d38cf5fdd,mandamruta@okicici,452.6,referral_bonus_payout,2026-06-24T09:58:30,upi
pay_7890b8e353b24f,u_c07d17acef,card_6e735c7cc8f840,138.27,referral_bonus_payout,2026-07-21T21:14:42,card
pay_cf99e45946c040,u_8f76fcaea0,card_b2f8109a40c344,140.61,referral_bonus_payout,2026-04-16T06:41:06,card
pay_603158401f4040,u_1fce5e3b4e,card_c7e209bc969047,179.11,referral_bonus_payout,2026-03-09T16:05:29,card
pay_b74061e2d4a245,u_6d9857202a,wseth@okhdfcbank,92.31,referral_bonus_payout,2026-05-18T23:28:00,upi
pay_e19034a432c24c,u_331bf9c9b9,omahal@paytm,285.54,referral_bonus_payout,2026-04-28T14:12:27,upi
pay_6694c7cfc3f543,u_0d177be4b4,calebtella@paytm,134.47,referral_bonus_payout,2026-05-28T04:22:24,upi
pay_97f9c03abe4344,u_f18eac3313,ishavasa@okhdfcbank,497.01,referral_bonus_payout,2026-04-08T19:32:19,upi
pay_eb7a3b2864674f,u_68bf8eeab5,card_a1f69a34614a4d,375.84,referral_bonus_payout,2026-07-26T19:01:21,card
pay_2ab970057f244b,u_2f5b730cf5,card_a37c8006cdfb46,117.09,referral_bonus_payout,2026-06-10T03:36:01,card
pay_4c212e1bb5b541,u_21ca68d085,card_0387d8a003cc4b,67.86,referral_bonus_payout,2026-06-23T09:35:27,card
pay_534a1cc383044b,u_94b57445da,ivala@okicici,292.18,referral_bonus_payout,2026-05-24T21:03:19,upi
pay_37cc56500caf4f,u_3d56d6e2f9,manthan70@okhdfcbank,263.89,referral_bonus_payout,2026-05-06T05:15:50,upi
pay_3337e1102dfa40,u_5c69b055ef,chaudhariradhika@ybl,51.01,referral_bonus_payout,2026-05-03T01:25:02,upi
pay_195e21b7153b4b,u_8066e78f91,card_6f6d33aaa5094f,452.36,referral_bonus_payout,2026-04-17T23:38:53,card
pay_41081ec2245046,u_4048f9862f,card_6d3dffc37cd642,374.34,referral_bonus_payout,2026-04-01T00:19:45,card
pay_1be545a0dfc041,u_bf3a4fa88c,ikanda@okhdfcbank,86.36,referral_bonus_payout,2026-03-08T07:40:39,upi
pay_802571910f1541,u_a7ff283165,card_827a83568de244,336.32,referral_bonus_payout,2026-04-18T18:25:28,card
pay_10259a8cd67545,u_30f24e7f26,daniel79@okhdfcbank,312.07,referral_bonus_payout,2026-04-21T00:02:19,upi
pay_135b2cfee5f640,u_7b9ee8360f,harini31@okicici,203.63,referral_bonus_payout,2026-06-30T21:15:52,upi
pay_3bdb94f141fd4f,u_b090fa34ff,turvi43@okicici,342.73,referral_bonus_payout,2026-03-13T02:03:20,upi
pay_f2f1170963a344,u_b8e88ba145,card_cf38352a89e844,219.74,referral_bonus_payout,2026-05-24T04:28:42,card
pay_d998ce83503e45,u_0b8fab8a1d,card_83750cd88e1b43,90.67,referral_bonus_payout,2026-07-22T15:15:44,card
pay_dea51bd2954e49,u_472a7bb2c9,nihal88@okicici,245.19,referral_bonus_payout,2026-03-13T18:27:33,upi
pay_65f1f9f9fb3742,u_18f56c25e9,card_e2016b2dd46e42,349.11,referral_bonus_payout,2026-03-10T08:49:50,card
pay_7d0c43b3aa5e48,u_4fb78083f6,tailorrudra@okicici,317.1,referral_bonus_payout,2026-05-22T07:46:21,upi
pay_d418a6a422534f,u_63209d54d9,card_e496403243154c,367.89,referral_bonus_payout,2026-06-29T14:55:59,card
pay_b4ae21ea6ec94b,u_c717e31501,card_df32fb3f6e0f45,282.58,referral_bonus_payout,2026-06-22T00:14:54,card
pay_370502b732d649,u_4153bf769f,card_dc101f375b7147,183.29,referral_bonus_payout,2026-03-02T15:25:46,card
pay_ed3530bb38d346,u_4fab375c96,sathvikminhas@paytm,148.13,referral_bonus_payout,2026-06-15T08:12:28,upi
pay_2cfcd64af98f42,u_1f81a3bf44,ronith05@paytm,348.77,referral_bonus_payout,2026-07-21T01:06:34,upi
pay_5861a0a6a80548,u_0b0ea5bda4,mparmar@paytm,360.35,referral_bonus_payout,2026-05-13T08:43:56,upi
pay_bae10d99844f43,u_04629fc45e,card_bb1480df843f42,372.06,referral_bonus_payout,2026-03-22T09:30:11,card
pay_dafaf009a34242,u_b6d5d261f6,card_79abaa268c4040,348.83,referral_bonus_payout,2026-07-02T11:52:58,card
pay_95295dcaa47b43,u_fac6e4fe99,azaan76@okicici,216.74,referral_bonus_payout,2026-07-13T02:12:28,upi
pay_4a64633f6bb046,u_4550ec1eef,harrisonkadakia@ybl,348.56,referral_bonus_payout,2026-05-30T11:56:34,upi
pay_718e90c7444d46,u_0f5ff6ff4d,zansi12@okicici,141.27,referral_bonus_payout,2026-05-14T09:50:55,upi
pay_25c8ef82c5704b,u_92a0b21d0e,card_12a38e7d586540,383.86,referral_bonus_payout,2026-05-17T06:23:00,card
pay_20de1f56adb24b,u_ada70f360b,card_a10c84a004a241,400.84,referral_bonus_payout,2026-06-30T11:09:25,card
pay_fdb43c2bb4ed4e,u_59b44150a8,card_70b301874f4a4b,52.76,referral_bonus_payout,2026-05-12T20:56:30,card
pay_fabafdee3e9d42,u_40ace93429,minhasbrinda@okhdfcbank,270.18,referral_bonus_payout,2026-04-13T10:51:28,upi
pay_4eabdc47262748,u_02c2f6fd6f,dominicmody@ybl,118.19,referral_bonus_payout,2026-06-16T22:52:44,upi
pay_249519a2f7c54f,u_e19bd359f7,etank@paytm,456.46,referral_bonus_payout,2026-03-01T08:55:04,upi
pay_44be29b0122146,u_5a0b54c9a2,gaurangisolanki@okhdfcbank,128.31,referral_bonus_payout,2026-06-13T21:43:19,upi
pay_872817f0b71440,u_a0f3ffd568,meera72@okhdfcbank,306.41,referral_bonus_payout,2026-05-22T06:20:46,upi
pay_e83cfcbe757e4b,u_5c5376660c,card_0d953f0f21344d,243.26,referral_bonus_payout,2026-07-08T17:09:31,card
pay_2671ca2773b844,u_517a7cd9e3,chaudryrushil@okhdfcbank,399.46,referral_bonus_payout,2026-06-10T18:04:38,upi
pay_56e1fa83689046,u_e964497bbe,card_3bb6c280ad574b,464.3,referral_bonus_payout,2026-05-19T11:41:43,card
pay_763f977d9b044d,u_32812863a9,anirudhbiswas@okicici,239.42,referral_bonus_payout,2026-06-01T18:16:09,upi
pay_d8592fff08564d,u_a9bcbcbab4,card_626e25614a334c,220.31,referral_bonus_payout,2026-06-22T15:49:49,card
pay_af679e7f8a1749,u_8110e05920,card_b7195aa3360e4a,240.55,referral_bonus_payout,2026-06-17T22:25:43,card
pay_6c60cd53b6bc4b,u_ce8d737af7,charitamenon@okhdfcbank,191.48,referral_bonus_payout,2026-06-12T12:36:59,upi
pay_ea050bf75a0d49,u_b867609a7d,card_33cfce0b845141,259.79,referral_bonus_payout,2026-03-14T08:36:36,card
pay_e3bb683075a645,u_080d7dedd9,vasatika12@paytm,184.51,referral_bonus_payout,2026-07-03T11:33:10,upi
pay_b0db7216da7943,u_9b0a7bb9b0,anshmurthy@paytm,482.74,referral_bonus_payout,2026-07-04T02:24:52,upi
pay_36817643ebe24b,u_7c9f77e47e,kparekh@okhdfcbank,128.42,referral_bonus_payout,2026-03-09T07:12:57,upi
pay_4190c33537054f,u_dc7378fa79,card_f45ccff832aa4f,484.79,referral_bonus_payout,2026-05-23T07:59:31,card
pay_ea459233054248,u_5c3b33cef6,fiyazshetty@okicici,296.44,referral_bonus_payout,2026-03-09T10:56:52,upi
pay_a9500c4c33f645,u_bc12fc92e5,card_b92f048951c44f,104.86,referral_bonus_payout,2026-05-11T03:33:39,card
pay_0e67518c32fc45,u_ce0b9595c4,parthsarkar@paytm,390.01,referral_bonus_payout,2026-03-19T02:52:41,upi
pay_32578aed00f14c,u_bcccfba69f,nagyharshil@okicici,76.77,referral_bonus_payout,2026-05-26T05:09:21,upi
pay_0dc9964a34e842,u_30391240c5,card_90270502179e4a,96.74,referral_bonus_payout,2026-03-26T23:28:52,card
pay_462f6a1896c148,u_12b15b1694,card_28286b28285f40,132.79,referral_bonus_payout,2026-04-02T18:48:56,card
pay_15dc000fdcd741,u_98f8f47de5,card_30a4fb3392974d,315.21,referral_bonus_payout,2026-05-02T04:13:33,card
pay_f17ae81a236647,u_ad3eacd8f0,card_77e7cef0940f43,280.85,referral_bonus_payout,2026-05-18T02:15:25,card
pay_a227158a9ef649,u_b46d8b5849,nloyal@ybl,234.46,referral_bonus_payout,2026-03-02T05:11:03,upi
pay_42080cb7e8b34e,u_3622cac2a3,card_52d478e3cb7f47,425.89,referral_bonus_payout,2026-05-12T15:34:37,card
pay_9079e7e757a94f,u_da63346f21,card_0dcde947f7d54b,333.48,referral_bonus_payout,2026-07-25T08:31:23,card
pay_64f107e608fe48,u_142666c57f,card_fc834e4b93d54a,267.58,referral_bonus_payout,2026-07-03T19:51:03,card
pay_fccdecdc6c9c4d,u_7f151f618f,pahaltoor@ybl,341.29,referral_bonus_payout,2026-07-08T19:46:06,upi
pay_d0aa803fd61348,u_03ea7a0cc3,chandreshkhurana@okhdfcbank,82.84,referral_bonus_payout,2026-04-26T03:36:00,upi
pay_e0e32242dfd744,u_6dd4a8244b,hpai@paytm,333.87,referral_bonus_payout,2026-04-17T13:52:36,upi
pay_6dbe1a1b9abb4d,u_532760ff42,card_dc53b85b408544,390.71,referral_bonus_payout,2026-05-07T00:19:40,card
pay_5081ad6d4ffd4b,u_70305aa4d7,bahadurjit80@ybl,465.64,referral_bonus_payout,2026-05-08T12:39:32,upi
pay_16447b0def4a4b,u_000a79a2c9,cbadami@paytm,362.29,referral_bonus_payout,2026-06-11T23:39:44,upi
pay_75134263c67f46,u_6092f1dd36,rajeshribehl@okicici,280.57,referral_bonus_payout,2026-06-17T01:06:23,upi
pay_d355e84e643a4a,u_a5ae1fda8f,lalrajata@okhdfcbank,287.57,referral_bonus_payout,2026-06-10T09:57:26,upi
pay_9aa1786138b84c,u_9a8920fac9,card_c8f76d59353b45,328.52,referral_bonus_payout,2026-05-13T08:27:30,card
pay_7d3c9e7fc1ab46,u_fa5534d45f,card_1c3507801ae248,270.49,referral_bonus_payout,2026-06-30T05:15:06,card
pay_bccafb8d735c46,u_137abb38ed,aradhana59@paytm,246.24,referral_bonus_payout,2026-06-26T15:37:53,upi
pay_f42bfbc3f5f741,u_fb4defb308,card_510318b3c58644,350.89,referral_bonus_payout,2026-07-27T18:20:34,card
pay_f78192be5b2441,u_aa27595f4f,chakrika30@paytm,461.52,referral_bonus_payout,2026-06-08T17:11:00,upi
pay_4d97c2b1e2ca44,u_64a2017cf8,rganguly@paytm,374.13,referral_bonus_payout,2026-04-16T07:30:23,upi
pay_f4f17b80f60442,u_1d37c4ee7a,card_749dfb2500544b,377.21,referral_bonus_payout,2026-05-23T19:29:52,card
pay_6723140c67c844,u_fe9473784c,bahriayushman@paytm,455.1,referral_bonus_payout,2026-04-23T01:59:24,upi
pay_71c328c09de14b,u_9d61b164fd,card_57714718f53b40,51.78,referral_bonus_payout,2026-06-12T12:19:45,card
pay_a48d997c722143,u_5ef03d5ebc,card_ea3d832842bc4c,419.33,referral_bonus_payout,2026-04-02T09:16:05,card
pay_d6b7107965054b,u_e34a6ff0aa,card_1a093167795041,388.91,referral_bonus_payout,2026-06-08T23:27:00,card
pay_86e5f76c36e345,u_bdc79be73a,card_b024858f747243,162.33,referral_bonus_payout,2026-06-29T11:43:35,card
pay_37bb8d41ecab45,u_3c2f50641d,card_d06105d0a2a748,340.13,referral_bonus_payout,2026-07-20T23:55:43,card
pay_14eb1b47700a41,u_cd13a6ea79,card_21d4b2bbc26544,202.51,referral_bonus_payout,2026-04-06T18:23:02,card
pay_f54f2955389346,u_791ab1591d,vganguly@ybl,215.67,referral_bonus_payout,2026-03-16T06:58:00,upi
pay_be2d7d16a0214a,u_397a1c0ba5,card_01c3bccbb7fc44,172.18,referral_bonus_payout,2026-04-26T10:20:14,card
pay_eca0e0d169c34f,u_4bce3b35cc,card_a6ef264d15d648,248.38,referral_bonus_payout,2026-04-29T06:46:45,card
pay_354d1c740fbb43,u_2ec86f9e82,card_fe465e0e52f64c,246.61,referral_bonus_payout,2026-03-09T20:44:01,card
pay_87d3cb23d42b4a,u_770d03ff6d,kevinbobal@paytm,373.68,referral_bonus_payout,2026-06-14T19:47:41,upi
pay_6f9abe9ae0334d,u_86f1b46bc8,card_9c7492cfb6b946,127.75,referral_bonus_payout,2026-07-07T02:36:14,card
pay_08c2927733794f,u_e5a40b4578,fsibal@okicici,160.4,referral_bonus_payout,2026-04-10T17:53:11,upi
pay_f6391fbaa8194d,u_9267b62c82,kevinjoshi@ybl,89.15,referral_bonus_payout,2026-06-13T16:09:17,upi
pay_2cee5155676d48,u_34f5542655,card_cf29c13ea8cf4d,177.93,referral_bonus_payout,2026-04-04T03:43:02,card
pay_e8570631fd984f,u_28481df7a4,apteshivansh@ybl,160.58,referral_bonus_payout,2026-05-14T17:01:38,upi
pay_cd71125efa084b,u_748a4ea2b8,card_c391f3891ffd41,301.65,referral_bonus_payout,2026-03-04T06:54:29,card
pay_17555595fb0446,u_f3a98cf968,pratyushraval@okhdfcbank,80.52,referral_bonus_payout,2026-03-17T21:43:03,upi
pay_9ad2986bc63942,u_d4db0d5448,rajeshri27@paytm,251.16,referral_bonus_payout,2026-07-05T11:25:30,upi
pay_8e20e913ae0a4b,u_89522c6df1,nigamvansha@ybl,196.45,referral_bonus_payout,2026-06-24T18:04:34,upi
pay_25e958e1b34542,u_b4bd636cf7,vedantraj@okhdfcbank,187.85,referral_bonus_payout,2026-06-06T09:25:35,upi
pay_3262861b8fd649,u_0d79c3204a,card_074e8e6757324a,283.19,referral_bonus_payout,2026-05-26T18:50:45,card
pay_8374a69becd849,u_2ac140f9e1,card_15bdd6b00f0845,127.67,referral_bonus_payout,2026-03-10T11:49:36,card
pay_04a4f6e9378440,u_94ee665147,aarnavlala@paytm,334.25,referral_bonus_payout,2026-03-16T14:42:26,upi
pay_6cc29d813c1347,u_69d160c611,card_9107f9dcc82e42,178.72,referral_bonus_payout,2026-04-13T14:13:15,card
pay_514a376af6d141,u_fa7cc0968b,regenaveen@paytm,438.4,referral_bonus_payout,2026-04-13T21:14:59,upi
pay_ce73cdc515ee4d,u_37b18c17fb,card_309040c3786c41,174.54,referral_bonus_payout,2026-03-09T22:58:17,card
pay_642d2e8f7d6741,u_7d8491770d,waliafrado@ybl,86.37,referral_bonus_payout,2026-05-26T22:04:48,upi
pay_591aff203a4f4d,u_7eee8e0922,naveenpatla@okicici,107.71,referral_bonus_payout,2026-03-25T00:37:04,upi
pay_74f24649e6d046,u_f7e25257a6,card_20bffa0760a940,107.35,referral_bonus_payout,2026-07-16T08:40:25,card
pay_d2ddbeee9faa44,u_3ff982cdf6,card_0cc92d4ee71244,118.93,referral_bonus_payout,2026-07-09T21:23:17,card
pay_3685501388fa47,u_41c940310b,usachdeva@okhdfcbank,253.62,referral_bonus_payout,2026-06-05T09:13:02,upi
pay_abf3121eaf0f42,u_0def3a9f1e,card_2d17690dd87948,102.41,referral_bonus_payout,2026-05-18T21:24:06,card
pay_1df287c903c34b,u_cf09771204,jraja@okicici,465.99,referral_bonus_payout,2026-03-04T14:09:16,upi
pay_50b78372c4fc48,u_7b1cc9a7a0,ravalfalak@ybl,489.73,referral_bonus_payout,2026-05-19T17:15:15,upi
pay_2614aac6c3eb4a,u_2d8a7f7c58,card_c57de578b25a41,294.64,referral_bonus_payout,2026-06-17T04:09:35,card
pay_e60bcd7acc3a40,u_69fb409133,card_10ac831a87b24f,202.5,referral_bonus_payout,2026-07-06T13:05:21,card
pay_75e3d8e9f4b64f,u_9f054f31ce,card_0545f42b343747,175.84,referral_bonus_payout,2026-03-05T07:39:18,card
pay_0c871484a6e94a,u_85c8bfe682,card_0f53bfab9b5748,314.74,referral_bonus_payout,2026-05-21T10:12:32,card
pay_a12cc689659647,u_ec5642f0d5,card_248863969a8c44,306.66,referral_bonus_payout,2026-07-21T08:39:10,card
pay_7d0c8a746c514c,u_7d06b7b762,pavani36@ybl,213.27,referral_bonus_payout,2026-07-01T21:32:53,upi
pay_10ad9235e3a74c,u_4699201a2f,lavanya35@paytm,177.11,referral_bonus_payout,2026-04-17T03:39:59,upi
pay_cf74ef7b866046,u_a0b5aac676,dseth@okhdfcbank,425.93,referral_bonus_payout,2026-04-12T04:56:31,upi
pay_5eee15d2c9f04b,u_5d478fb3dd,card_f86f602392264c,425.55,referral_bonus_payout,2026-06-30T06:44:43,card
pay_ea7879156ad84e,u_f880390c14,sai68@okhdfcbank,223.07,referral_bonus_payout,2026-06-12T21:33:07,upi
pay_ea3a7582db694d,u_3ee9c3737d,card_e31b86dae0a845,466.53,referral_bonus_payout,2026-06-08T15:15:38,card
pay_3358f161fb9d49,u_62aeb4a280,card_15be625b0d0e4c,112.08,referral_bonus_payout,2026-04-01T16:17:39,card
pay_9025211694a040,u_8ad1da8d02,card_478d80a506e545,394.78,referral_bonus_payout,2026-05-01T06:09:15,card
pay_e1099ef5bb9744,u_bf521468d1,daliachristopher@okicici,73.56,referral_bonus_payout,2026-04-11T13:46:15,upi
pay_7f3beb0ecade44,u_e639ea9e06,card_9e4f3ed8d3114b,472.88,referral_bonus_payout,2026-04-16T09:45:59,card
pay_d040ba4abe874b,u_382f6425ee,card_26b4e765238d4d,345.22,referral_bonus_payout,2026-03-29T03:42:46,card
pay_cb0ad51a16c142,u_dfbc5ad68b,vyanjana28@paytm,405.98,referral_bonus_payout,2026-07-19T14:56:21,upi
pay_a1a70905c60343,u_0433ee1bb1,card_c2dcdbd177204d,99.22,referral_bonus_payout,2026-03-11T13:07:29,card
pay_b17387518b0c43,u_a425a41259,card_f6278bcc42e044,97.3,referral_bonus_payout,2026-04-08T08:24:15,card
pay_835129e0ef8c44,u_8b595c7694,lvora@okicici,439.38,referral_bonus_payout,2026-05-11T07:33:19,upi
pay_1f16be6a7b834c,u_8d02246b3b,rbutala@okicici,128.74,referral_bonus_payout,2026-06-01T22:11:17,upi
pay_b0cc8e22d9944a,u_f360c5e60a,ayushdash@paytm,164.52,referral_bonus_payout,2026-04-08T18:01:29,upi
pay_1ed1b1d7da9f42,u_9dbf3c8016,viswanathanekaja@okicici,398.54,referral_bonus_payout,2026-04-11T20:09:36,upi
pay_c907fd38e9ef49,u_36b2837d37,jdhawan@okicici,348.58,referral_bonus_payout,2026-05-15T08:53:35,upi
pay_a666312a9a7f44,u_4001eb3eff,card_13c71d36817d4c,193.93,referral_bonus_payout,2026-04-14T12:21:27,card
pay_caab8b696c5743,u_2f2ebcf8a5,hredhaanmall@okicici,408.59,referral_bonus_payout,2026-04-26T15:09:16,upi
pay_50a2c67bf35441,u_3fb2df5035,card_fb9a639de1b240,281.39,referral_bonus_payout,2026-05-27T18:15:28,card
pay_b2e01dd7ef234c,u_2f488abc9b,agastya64@okhdfcbank,193.67,referral_bonus_payout,2026-03-03T22:06:01,upi
pay_13d31b6e43b24e,u_d3b398ebd8,card_6cac33a70ce342,412.05,referral_bonus_payout,2026-04-05T01:01:43,card
pay_ebc05c33d4c74b,u_0cd363fe44,card_b1ab03b3e9ec4c,69.44,referral_bonus_payout,2026-03-02T07:08:31,card
pay_a7627eb4f84a44,u_5851428426,gollayamini@paytm,278.96,referral_bonus_payout,2026-05-13T13:46:24,upi
pay_5e504d16d16c43,u_ad1bd09a7c,zashilmunshi@ybl,366.25,referral_bonus_payout,2026-06-23T15:43:18,upi
pay_b46d851468d446,u_381db1b96d,card_107e8a6eeebb46,318.49,referral_bonus_payout,2026-05-01T23:34:42,card
pay_dfa5aa3e4a1a44,u_72accc00cb,card_246ac6cb623c4d,372.27,referral_bonus_payout,2026-05-04T04:31:16,card
pay_8a02d825741f4b,u_d9ed9a6810,card_fd3d4758a12540,234.24,referral_bonus_payout,2026-06-20T05:55:32,card
pay_40188e5b734e40,u_05adbc6382,card_7f6cb57803f045,287.62,referral_bonus_payout,2026-04-26T11:53:41,card
pay_a7618bd1807a49,u_a58ff35e9d,kandaekansh@ybl,441.11,referral_bonus_payout,2026-03-28T17:34:23,upi
pay_48479937460a42,u_c3b5f02e2a,jtata@ybl,472.56,referral_bonus_payout,2026-04-30T03:57:46,upi
pay_f476f08d966844,u_9ece998a9b,card_4988638b2e5046,260.9,referral_bonus_payout,2026-03-10T04:11:03,card
pay_6a8bf49cb68548,u_9b9831595b,tanmayikhalsa@okhdfcbank,323.56,referral_bonus_payout,2026-07-24T18:17:17,upi
pay_d7f3fd63414c46,u_9bee4eff6a,card_1f6fc3a4c0cf4f,66.82,referral_bonus_payout,2026-04-28T17:27:12,card
pay_eca5da792fdf49,u_63c486ae59,card_276c612e00cc40,410.06,referral_bonus_payout,2026-07-08T01:52:38,card
pay_78d53c9d5d554c,u_ee948610ce,card_45102ab0bc144a,382.62,referral_bonus_payout,2026-04-20T05:57:28,card
pay_753b42ef966242,u_a86f0d35df,eraghavan@okhdfcbank,160.0,referral_bonus_payout,2026-06-02T04:17:50,upi
pay_909c805f29cc45,u_3438ba5266,chasmumdevan@ybl,398.27,referral_bonus_payout,2026-05-16T06:20:10,upi
pay_a8e0da24fb7143,u_bee6208fe4,card_fa47747dd98248,75.94,referral_bonus_payout,2026-03-06T04:55:04,card
pay_bc31642f5e6c46,u_c9168ed35e,varmameera@okhdfcbank,311.41,referral_bonus_payout,2026-03-18T13:57:58,upi
pay_3fa6401438f148,u_a4f3ebea5a,card_9f793a19c1fd4c,170.01,referral_bonus_payout,2026-07-09T11:37:40,card
pay_8b818f6fbc7246,u_e86a0ff073,sridharjackson@okicici,178.33,referral_bonus_payout,2026-07-23T22:24:01,upi
pay_2d7569daddc746,u_87632b4ec1,thomas48@ybl,310.35,referral_bonus_payout,2026-05-07T19:58:45,upi
pay_0365fc2c597c48,u_366dab446d,card_e0b046a919b949,216.92,referral_bonus_payout,2026-05-05T10:54:12,card
pay_08147126c48e40,u_f06142dbbf,card_c2f9f50468ff49,258.0,referral_bonus_payout,2026-07-14T16:47:32,card
pay_1349b98d52a74c,u_6686b7e71b,card_c9b7332872b54e,119.5,referral_bonus_payout,2026-03-15T17:59:41,card
pay_d77f5177ca654e,u_21ebf8dd11,card_63c0e43f94c741,395.3,referral_bonus_payout,2026-07-25T12:36:46,card
pay_99dc30d96f8843,u_a51fd27f44,erai@ybl,379.94,referral_bonus_payout,2026-05-14T00:44:13,upi
pay_e6d1cd8691fe4f,u_57512aef85,chadhaowen@okicici,263.75,referral_bonus_payout,2026-04-13T09:33:43,upi
pay_1aca45e9318b40,u_cf95d14186,yashawini82@paytm,160.12,referral_bonus_payout,2026-03-25T02:04:04,upi
pay_94f48f59f1d943,u_470c39409c,card_0c40b5fc42a348,183.86,referral_bonus_payout,2026-07-25T15:53:29,card
pay_b59a42596d1c41,u_e9aad3c251,card_0e2deca895d549,191.49,referral_bonus_payout,2026-03-14T07:18:18,card
pay_bf5b5c3d215a41,u_1ab3f96423,card_a7fb20f0a1814e,495.87,referral_bonus_payout,2026-03-02T19:58:21,card
pay_279917f4970c4b,u_a04db8e009,card_e82f6461033c48,435.2,referral_bonus_payout,2026-03-30T07:18:42,card
pay_4e175f13752d4f,u_d8d8fd9f38,chanakya44@okhdfcbank,258.59,referral_bonus_payout,2026-05-19T04:07:19,upi
pay_c2f060dcdddd41,u_c3e9cff7fe,udarsh00@okhdfcbank,462.01,referral_bonus_payout,2026-03-07T07:45:49,upi
pay_b07fc2570e6840,u_768c2045b0,kamala70@okhdfcbank,141.62,referral_bonus_payout,2026-05-22T12:52:41,upi
pay_d1907802886749,u_f36745af33,card_0bd3c11809d849,62.27,referral_bonus_payout,2026-07-01T04:24:59,card
pay_a1fc2985509249,u_2d01574bd0,card_c7d77483761842,352.91,referral_bonus_payout,2026-04-18T02:00:10,card
pay_329547e0b5f448,u_7c9100f52f,card_9fdc1ec3eff844,85.0,referral_bonus_payout,2026-03-22T04:56:40,card
pay_e4ba8fcc261148,u_3100780174,hegdelopa@paytm,255.54,referral_bonus_payout,2026-03-05T00:03:43,upi
pay_04f3a56966a54d,u_86f3351a17,card_4237c3d0b62749,135.56,referral_bonus_payout,2026-07-17T04:14:53,card
pay_844d980e5c3447,u_093edc06de,card_010ea2f4d4cf45,463.57,referral_bonus_payout,2026-07-06T14:26:06,card
pay_ef5675a67ab345,u_58f2b91975,card_12a84301ae9442,499.92,referral_bonus_payout,2026-05-14T18:26:23,card
pay_193d05725a9b4f,u_ae219bbeed,xsharaf@paytm,409.75,referral_bonus_payout,2026-05-01T16:39:26,upi
pay_a1efbe52806e41,u_9b255e3186,nicholasshenoy@okicici,276.6,referral_bonus_payout,2026-07-14T03:58:59,upi
pay_338e0372b45f4b,u_90e1314009,card_bec42f0e63f14a,177.65,referral_bonus_payout,2026-06-15T03:57:33,card
pay_29fd03bcd18647,u_fa2d97f005,card_316941453ed647,209.86,referral_bonus_payout,2026-07-01T05:20:55,card
pay_d38b9240ac4b42,u_492760c768,pkrishnamurthy@okhdfcbank,125.12,referral_bonus_payout,2026-04-30T12:12:17,upi
pay_293f7c9a81814f,u_7a831f9f53,wbath@ybl,421.39,referral_bonus_payout,2026-07-07T08:12:16,upi
pay_3bfabfd81bd943,u_f36a1f7ce5,card_b4c0ab6878f04f,397.26,referral_bonus_payout,2026-04-08T18:48:10,card
pay_d35c4bc2359c4a,u_e1b3161c48,mallickronith@ybl,208.83,referral_bonus_payout,2026-05-19T11:38:07,upi
pay_aba0194cad9145,u_4aa88f32f9,card_63c16eff3e0e4a,162.34,referral_bonus_payout,2026-04-28T09:53:10,card
pay_f0665a3e4e6a40,u_d0abc88427,card_f80c34bf45ba44,197.43,referral_bonus_payout,2026-06-14T05:06:46,card
pay_3906b07d82d34a,u_943789fa92,kamdarvedant@okhdfcbank,118.21,referral_bonus_payout,2026-03-11T08:46:40,upi
pay_14dd7b472b6a43,u_248daae61c,card_ac581b2b041b41,164.34,referral_bonus_payout,2026-07-11T23:53:02,card
pay_bb15fca0e2d049,u_7edc01f521,hayrezarna@ybl,341.76,referral_bonus_payout,2026-07-15T06:50:16,upi
pay_595daff584c347,u_93ba6f47d4,guneet42@okhdfcbank,58.89,referral_bonus_payout,2026-03-18T10:27:48,upi
pay_a289a0dcc95f4a,u_d86bfa4e31,card_95370ae413fe44,249.59,referral_bonus_payout,2026-04-22T07:28:39,card
pay_a8401f94403d40,u_423cb51c8d,card_51da6170275044,61.16,referral_bonus_payout,2026-07-06T21:42:49,card
pay_3b2e4b38b0324f,u_9dfbfa2aa7,eyogi@okhdfcbank,334.12,referral_bonus_payout,2026-07-16T20:04:36,upi
pay_ce02b4af19f04d,u_2dec7284d9,dhaliwalchampak@okhdfcbank,366.99,referral_bonus_payout,2026-07-15T11:18:26,upi
pay_2a422edc0a4d41,u_fcb6bacc44,card_f5390bf978034e,454.5,referral_bonus_payout,2026-04-19T11:21:59,card
pay_160825dfef964a,u_bc419e46cd,bupadhyay@paytm,474.09,referral_bonus_payout,2026-07-07T16:29:44,upi
pay_ce3ac3ef08c44b,u_64abe5611d,goak@okicici,483.45,referral_bonus_payout,2026-07-08T08:29:53,upi
pay_bdd57abcc81243,u_1fbc0f2255,groverturvi@okhdfcbank,155.72,referral_bonus_payout,2026-05-22T09:09:40,upi
pay_77ff25e2a7b542,u_ad287ad822,gagrawal@ybl,357.74,referral_bonus_payout,2026-06-07T14:32:51,upi
pay_9a53bc0c48754f,u_f220c2d950,rudra77@okhdfcbank,472.7,referral_bonus_payout,2026-06-24T17:42:56,upi
pay_54cb890dcca64e,u_7567ae2fb8,mitesh93@paytm,153.36,referral_bonus_payout,2026-06-16T15:06:40,upi
pay_19c5dbeebf594a,u_1a31281c3b,krishnamander@okhdfcbank,117.45,referral_bonus_payout,2026-03-11T20:22:48,upi
pay_70aaa1bc81a548,u_eb2eddffd2,palanjairaj@okhdfcbank,410.89,referral_bonus_payout,2026-06-14T20:35:35,upi
pay_cf94a2afbd9b41,u_6d445c267d,praneel83@okhdfcbank,273.58,referral_bonus_payout,2026-05-30T10:32:46,upi
pay_73080845bd9443,u_6fcaded624,edeo@okhdfcbank,86.21,referral_bonus_payout,2026-04-19T08:53:24,upi
pay_c2f2c7e92c5d4b,u_1f45f9ba0a,vincent37@ybl,167.45,referral_bonus_payout,2026-03-26T06:28:37,upi
pay_acd5f62cde7b4c,u_101d4bfc91,card_6d48895bc22246,453.18,referral_bonus_payout,2026-04-18T16:26:33,card
pay_4d6d7d37d92940,u_3bacdd98a7,ramakrishnanaarini@paytm,114.76,referral_bonus_payout,2026-07-13T20:48:37,upi
pay_47fa1aa1d8c646,u_5d9ffd7518,wthakur@okicici,155.26,referral_bonus_payout,2026-06-04T00:57:16,upi
pay_a2a182a3a49c4c,u_bee91713b0,card_1477d7bfd9a245,108.95,referral_bonus_payout,2026-06-29T13:25:25,card
pay_2220499213a644,u_8cd5346b37,card_02971dfa28bf49,171.89,referral_bonus_payout,2026-07-19T23:13:44,card
pay_e41eba95714243,u_1d229cea3a,card_fb3cfeda2a4745,354.9,referral_bonus_payout,2026-05-24T00:47:44,card
pay_de4e4b1b4e0942,u_76f04e2e59,diyapradhan@ybl,77.45,referral_bonus_payout,2026-03-19T03:26:13,upi
pay_99844ab3992a4b,u_c49eb4ec8e,card_bf76c5559a9b45,294.22,referral_bonus_payout,2026-03-21T22:28:43,card
pay_6c2cf19ecb3a4b,u_ed443b0fca,card_06a9e69ce40a48,111.14,referral_bonus_payout,2026-07-27T18:31:18,card
pay_ae5775f3e4d040,u_9c09f94792,buchvrinda@paytm,300.68,referral_bonus_payout,2026-03-15T04:19:47,upi
pay_89bc3a0732434b,u_5cf12e8de3,doshiquincy@okhdfcbank,448.85,referral_bonus_payout,2026-04-26T11:32:20,upi
pay_27fbefbfe12649,u_e17e538135,card_9917e0f689cd4c,175.85,referral_bonus_payout,2026-05-03T23:18:04,card
pay_4b1e1d737c2443,u_b6f3ebb517,banjeetsarraf@okicici,109.24,referral_bonus_payout,2026-04-19T16:09:10,upi
pay_c69fa9b4976b4a,u_a0ffbf87ac,card_6025d978d0e146,272.08,referral_bonus_payout,2026-04-23T07:58:09,card
pay_1281b048fd6944,u_c26e3a27ce,jairajranganathan@paytm,115.58,referral_bonus_payout,2026-03-05T03:47:04,upi
pay_ee357792bd3e42,u_e466063b79,card_1d2ed041f0c94b,482.37,referral_bonus_payout,2026-05-11T09:57:52,card
pay_a0b32d2fbe8046,u_31fd891a15,card_69298a0f462e4d,51.39,referral_bonus_payout,2026-07-01T14:35:07,card
pay_66c20dec74ea48,u_2c3ad13ab9,card_031606e2585042,145.84,referral_bonus_payout,2026-03-11T08:54:51,card
pay_60a1570f1a6c49,u_eb39ce257e,lekhabuch@okhdfcbank,62.63,referral_bonus_payout,2026-05-14T11:54:34,upi
pay_aa858fc5ba7844,u_5420491298,card_4262e6cdb62745,120.61,referral_bonus_payout,2026-05-29T16:17:53,card
pay_0cd5cc56a46749,u_9c1c71cab0,doradominic@okicici,307.92,referral_bonus_payout,2026-03-09T13:54:44,upi
pay_fa462cf77c4e4d,u_9a1e8e536a,card_148364191adf4e,75.84,referral_bonus_payout,2026-07-15T06:58:14,card
pay_b70f406eae9443,u_e9c2208b29,card_f539753d9a9049,346.2,referral_bonus_payout,2026-06-07T19:22:22,card
pay_df03c4a4f2f64e,u_0c605c5462,card_8249396d69ec46,223.44,referral_bonus_payout,2026-05-10T02:38:36,card
pay_3bede49feb9e40,u_73c9c24ad3,card_78adf839d3ba44,451.23,referral_bonus_payout,2026-03-26T03:01:20,card
pay_d0fc54d29d7741,u_2b0434b06d,ubikabasu@okhdfcbank,122.7,referral_bonus_payout,2026-05-19T19:30:45,upi
pay_3e93a8fd76fd40,u_2a65e4f33a,card_7f5287258cfe4f,474.39,referral_bonus_payout,2026-06-04T04:03:54,card
pay_45bbd87fde7a42,u_fed71edfa6,card_77465a72d87646,289.81,referral_bonus_payout,2026-06-04T12:43:09,card
pay_80e1763cbbe74f,u_e22a8ed889,ekalingajain@ybl,249.17,referral_bonus_payout,2026-06-28T15:29:24,upi
pay_6045adefa1224d,u_da7186ce16,rushil69@paytm,351.7,referral_bonus_payout,2026-05-18T17:33:38,upi
pay_17039b0e385c48,u_f6ec4a328d,voraqushi@ybl,391.43,referral_bonus_payout,2026-04-05T09:36:02,upi
pay_c25ef942615a40,u_f04dedb300,ivala@okicici,373.09,referral_bonus_payout,2026-05-20T04:58:58,upi
pay_0d4fdf86311848,u_9463d83a6d,ssehgal@okhdfcbank,160.11,referral_bonus_payout,2026-07-04T09:15:24,upi
pay_598a482a455c4c,u_1a7e9c107e,card_4702e7706b9e4f,61.55,referral_bonus_payout,2026-03-29T11:13:10,card
pay_de09b872693e47,u_b2a307e0e0,psalvi@ybl,84.75,referral_bonus_payout,2026-07-22T00:05:51,upi
pay_eddcde8c0f1043,u_b99f52bbfd,card_c679cde8921744,303.54,referral_bonus_payout,2026-03-04T07:56:50,card
pay_b1a3c75794324e,u_495ec26ec3,card_06e32d573a7249,414.07,referral_bonus_payout,2026-05-29T03:59:46,card
pay_043c2f94d66644,u_26d96a0d9f,falguni42@paytm,167.78,referral_bonus_payout,2026-07-21T15:44:09,upi
pay_8fe517d2ea0e4e,u_5f87376093,narainishanvi@okicici,254.27,referral_bonus_payout,2026-06-03T05:45:18,upi
pay_0a2490f52c3747,u_a2e409c12e,natarajanchakradev@okicici,120.46,referral_bonus_payout,2026-04-09T18:38:32,upi
pay_6a84279d6ad046,u_bf6806be6c,card_7428c1cf0dc042,491.47,referral_bonus_payout,2026-07-12T05:32:07,card
pay_a6de064384e74f,u_5ca5d63a94,card_988766103f4847,301.0,referral_bonus_payout,2026-06-02T16:30:06,card
pay_844468c84a7247,u_ae7e906741,dhritisachar@okhdfcbank,271.94,referral_bonus_payout,2026-03-07T03:55:20,upi
pay_f00f047396c24a,u_5288df3010,card_140bca1ec18342,395.98,referral_bonus_payout,2026-03-11T13:28:04,card
pay_6ec43ef3ce2340,u_9d871402e5,reyansh28@okicici,355.51,referral_bonus_payout,2026-03-12T03:15:46,upi
pay_0440e41dadf940,u_3ee7e804de,card_a795a907b6d04a,87.69,referral_bonus_payout,2026-04-19T09:35:35,card
pay_5eb0ffa582524c,u_5bc317b75c,lopa86@okhdfcbank,239.0,referral_bonus_payout,2026-05-13T10:38:43,upi
pay_c4b356503fec46,u_22829c342f,jeet33@ybl,162.13,referral_bonus_payout,2026-03-25T13:11:29,upi
pay_2a5cb49176bd44,u_14ff0df654,jeremiah41@okicici,175.51,referral_bonus_payout,2026-06-28T01:02:22,upi
pay_cdd9d410e7dd4b,u_f8504bc859,agrawalanmol@ybl,433.08,referral_bonus_payout,2026-04-18T23:17:29,upi
pay_9da9a04d014b4a,u_161fdb2a72,card_fc9adb3d8bf246,460.69,referral_bonus_payout,2026-04-21T15:03:04,card
pay_25fa4e11c4f345,u_908ba2384b,card_270cc34381ec40,499.45,referral_bonus_payout,2026-04-07T11:15:42,card
pay_daa4f5cc39be4a,u_bc9ddaa00b,bachittarbasu@okicici,126.13,referral_bonus_payout,2026-04-20T16:46:47,upi
pay_a4d1efa2c33d41,u_0601712b2c,card_1556783452bf4f,120.15,referral_bonus_payout,2026-04-23T21:33:59,card
pay_651a40813b6b44,u_a335dd4540,akaran@paytm,309.56,referral_bonus_payout,2026-07-13T16:35:56,upi
pay_f78ee497b5274a,u_b9af7173b4,faraj87@okicici,427.72,referral_bonus_payout,2026-06-06T14:42:41,upi
pay_8693646563ab4d,u_aba1f74f88,shankarchameli@okhdfcbank,428.27,referral_bonus_payout,2026-06-16T21:23:08,upi
pay_b4c42a63d49944,u_6eede99c67,patilnoah@okhdfcbank,404.31,referral_bonus_payout,2026-07-18T15:40:43,upi
pay_d7fc9abed77542,u_577575f018,card_87c54b91dffd4d,85.68,referral_bonus_payout,2026-03-01T18:17:46,card
pay_7dff463c277040,u_ac6dd9c043,card_8b0d7babbc324a,89.28,referral_bonus_payout,2026-06-08T02:03:37,card
pay_ad99ce27673149,u_2c85a76ff2,anandgeetika@okicici,154.39,referral_bonus_payout,2026-03-17T18:09:04,upi
pay_ad497c40453d46,u_f3da24be91,fram@okhdfcbank,313.13,referral_bonus_payout,2026-04-05T20:09:23,upi
pay_f122542a372e49,u_e03e490768,yohannansanaya@ybl,131.38,referral_bonus_payout,2026-05-06T09:00:54,upi
pay_47335caa9a0f48,u_9ed1777a69,yashpatel@ybl,473.68,referral_bonus_payout,2026-07-11T00:12:50,upi
pay_1875f719726b45,u_43476eb623,card_66a10221a80548,145.01,referral_bonus_payout,2026-07-13T14:09:37,card
pay_3573601749594d,u_1ce1f154a6,card_f74a3424740948,170.52,referral_bonus_payout,2026-03-14T19:48:32,card
pay_aae6fac882414b,u_9db2763889,triveni45@paytm,113.23,referral_bonus_payout,2026-05-28T01:56:14,upi
pay_48f87d0e24f04c,u_ea98df5531,card_2152ac805d654f,351.4,referral_bonus_payout,2026-07-01T02:55:41,card
pay_eae8e8e0b2b245,u_a68ee5fbc5,annenoah@okhdfcbank,349.11,referral_bonus_payout,2026-06-12T11:05:35,upi
pay_51a5c4c7d0fa4a,u_f0b9143e5e,card_ae6ef9eb3ddc4c,114.3,referral_bonus_payout,2026-07-03T16:20:35,card
pay_e63c22f8d4ea4e,u_668886f9f9,nhegde@paytm,416.32,referral_bonus_payout,2026-06-24T09:20:56,upi
pay_69e6669cfb7b41,u_d2bf62c6f5,warjas11@ybl,183.96,referral_bonus_payout,2026-04-03T18:43:39,upi
pay_9f0fb6522fc941,u_26bde5d3ae,card_74e7ff53545d42,321.67,referral_bonus_payout,2026-06-10T17:24:31,card
pay_f341411106824c,u_904767f10b,card_7ae876d42a6742,292.31,referral_bonus_payout,2026-05-22T14:49:27,card
pay_637e2a95fae640,u_f85fa91a57,card_8f4f7e7e929a49,385.71,referral_bonus_payout,2026-06-24T19:13:46,card
pay_68312fb757154c,u_ad87acaaf3,mitalibansal@okhdfcbank,259.33,referral_bonus_payout,2026-04-30T07:40:55,upi
pay_70db72c128fa40,u_4577ec3eaa,ridhilall@okhdfcbank,361.01,referral_bonus_payout,2026-03-05T03:05:27,upi
pay_7daabb65f3f247,u_92cfba61d5,vartyarya@okhdfcbank,77.08,referral_bonus_payout,2026-05-11T10:32:53,upi
pay_bce6287e58ee4c,u_9f0dd7b69f,bbatta@ybl,226.56,referral_bonus_payout,2026-05-22T10:02:32,upi
pay_5e347d7af8bc4e,u_f8406758b3,card_c28ca44d265849,340.49,referral_bonus_payout,2026-06-01T08:13:49,card
pay_95c713d1a51245,u_3248d025d0,vansha97@okhdfcbank,74.05,referral_bonus_payout,2026-07-03T17:05:31,upi
pay_d672ea9f10f640,u_e4cae363ea,card_bee31bf4340c48,414.65,referral_bonus_payout,2026-05-04T04:25:27,card
pay_6717f7c3bd9544,u_3c3945d0f7,kashvipingle@paytm,433.09,referral_bonus_payout,2026-07-01T01:34:04,upi
pay_05e76f57d07941,u_61d5ada8fd,inaya76@ybl,111.13,referral_bonus_payout,2026-05-10T14:43:54,upi
pay_f0681e93605c44,u_f6d74b8287,kalitatarak@paytm,309.99,referral_bonus_payout,2026-06-13T09:18:30,upi
pay_95d20986c31d4d,u_05ec628716,kumarnaksh@okhdfcbank,99.19,referral_bonus_payout,2026-03-18T14:24:38,upi
pay_8614b0e9a3104f,u_def05a6ad6,babusamesh@okhdfcbank,242.56,referral_bonus_payout,2026-07-24T11:08:12,upi
pay_853f6268f50e48,u_10397abf7e,card_e074c2b09be741,65.93,referral_bonus_payout,2026-05-18T14:21:18,card
pay_a060a40cd70d4a,u_bef532898f,guneetsuresh@paytm,382.24,referral_bonus_payout,2026-03-10T05:23:58,upi
pay_10687c04e86f46,u_2dbd909b96,qabil62@ybl,183.09,referral_bonus_payout,2026-05-15T20:51:46,upi
pay_ab73f0f2783d40,u_e4ca14f4de,card_211afd7a0c4445,295.83,referral_bonus_payout,2026-06-13T01:55:08,card
pay_69e20a325f3244,u_37c0e9a683,aarnaraval@okhdfcbank,231.78,referral_bonus_payout,2026-05-20T02:57:12,upi
pay_c6688bf0aaca45,u_715fda1088,card_ad4b3c637b664c,108.47,referral_bonus_payout,2026-05-27T05:46:32,card
pay_7bcd921c2e3d43,u_e77413ea7f,bariasiya@okhdfcbank,95.71,referral_bonus_payout,2026-04-04T18:19:47,upi
pay_b05355c77bfb45,u_b4f8a3e403,watika34@ybl,261.78,referral_bonus_payout,2026-04-16T18:47:12,upi
pay_84dd43acb53b46,u_742cc4709e,card_e2c19db9335447,88.36,referral_bonus_payout,2026-04-28T03:02:22,card
pay_14a19a9b293d41,u_0d4595692d,veer01@ybl,288.3,referral_bonus_payout,2026-04-25T07:26:14,upi
pay_7f0c8bf3020743,u_d6c5cbcd34,card_84ed2fe6efb941,494.38,referral_bonus_payout,2026-05-01T08:48:30,card
pay_18792f8c6e3f4a,u_3df00eaf53,card_4627fba3502544,416.34,referral_bonus_payout,2026-05-02T03:40:40,card
pay_48c26b36690e4e,u_611926f875,jagdish47@okhdfcbank,417.14,referral_bonus_payout,2026-03-21T00:19:03,upi
pay_7934e4e84ddd46,u_3b0939da07,card_963895d827b74f,454.88,referral_bonus_payout,2026-05-31T02:58:46,card
pay_212409bbc45d45,u_442b2d427a,zbhardwaj@okhdfcbank,482.5,referral_bonus_payout,2026-06-12T21:50:40,upi
pay_0b038913d06441,u_19b2b857a0,fariqwalla@ybl,56.49,referral_bonus_payout,2026-07-09T12:23:30,upi
pay_dad42dfa429e40,u_1267ed965e,kavya87@paytm,429.49,referral_bonus_payout,2026-03-09T14:56:38,upi
pay_02d79462460d41,u_5ed9813892,anita12@okicici,297.45,referral_bonus_payout,2026-07-18T21:20:37,upi
pay_6edb0243d41045,u_8d590ddcd1,quincy18@okhdfcbank,67.59,referral_bonus_payout,2026-04-23T01:15:17,upi
pay_89d63e40560b42,u_afdbefeba9,megha91@ybl,348.36,referral_bonus_payout,2026-07-15T02:34:03,upi
pay_06852dd519a842,u_91b9156f00,card_64d2c50edb1849,322.09,referral_bonus_payout,2026-07-08T05:28:55,card
pay_6feab027dbdf48,u_dfd8fb683a,card_09c3ab44148f4a,322.56,referral_bonus_payout,2026-07-07T17:58:04,card
pay_072f002c5a9f4b,u_a2572b3cb8,karawahab@ybl,416.76,referral_bonus_payout,2026-03-19T13:10:33,upi
pay_991778f2bf494f,u_1317738acd,card_1b1283f2ea614f,384.27,referral_bonus_payout,2026-03-14T03:22:57,card
pay_b255adeb71d448,u_0aa51ab1d0,card_c89f0d5fabbf40,250.0,referral_bonus_payout,2026-05-08T14:12:47,card
pay_dada859434af43,u_395fd0dcdf,nshah@paytm,491.73,referral_bonus_payout,2026-05-30T23:24:56,upi
pay_6416169bbc934c,u_7b57fd69b7,drastogi@ybl,357.73,referral_bonus_payout,2026-05-27T22:28:08,upi
pay_34e8e740f3cd4a,u_ecdf1022b2,poojagrewal@ybl,483.1,referral_bonus_payout,2026-03-12T20:26:22,upi
pay_8fd4f47f961d4a,u_d58217413e,card_973490c713f94e,89.38,referral_bonus_payout,2026-03-11T09:52:14,card
pay_9c6f559f6d7d42,u_13edc2f2c9,card_c1aff886288f43,394.51,referral_bonus_payout,2026-03-03T09:15:41,card
pay_c9dce7c2845e40,u_64d072a3d1,card_0a49f257fe784d,207.26,referral_bonus_payout,2026-04-14T15:25:06,card
pay_04aace4ff7394f,u_ca8aac325f,turvi52@okhdfcbank,389.31,referral_bonus_payout,2026-04-17T07:02:03,upi
pay_139796f56e1548,u_72a24e33b7,routsamuel@okicici,476.32,referral_bonus_payout,2026-05-08T04:52:36,upi
pay_d59317fea3774d,u_4c0f76dd9f,card_80cf66fe8cf241,125.42,referral_bonus_payout,2026-06-03T11:43:04,card
pay_975872016f734d,u_d7b818395a,dkale@okicici,151.48,referral_bonus_payout,2026-04-14T12:36:02,upi
pay_4cefcc27fe2c4d,u_7a9f305efe,card_8df97cd9f41b42,245.43,referral_bonus_payout,2026-03-20T05:33:54,card
pay_0de207c9944242,u_cddcb78ce9,pandyamadhav@paytm,490.03,referral_bonus_payout,2026-03-31T15:36:50,upi
pay_dd2240edf23948,u_aaa7337dff,card_0b353c3367ec4a,159.14,referral_bonus_payout,2026-05-30T06:30:00,card
pay_6292f498383c40,u_e1339f7c43,ldeol@okicici,321.7,referral_bonus_payout,2026-06-30T20:26:38,upi
pay_c29abf92b0ff49,u_6394d41c2f,ekanisubramaniam@ybl,284.48,referral_bonus_payout,2026-07-19T00:05:20,upi
pay_3fcd5c82297245,u_2119498f55,card_3900596b3e9f42,96.27,referral_bonus_payout,2026-06-13T08:50:33,card
pay_34b022615ce347,u_e08eb1b528,samrameera@okicici,86.55,referral_bonus_payout,2026-05-13T06:26:09,upi
pay_48c17e2d277c4b,u_ae57cda621,card_154039f716e14f,151.41,referral_bonus_payout,2026-07-09T15:39:04,card
pay_7f892595da604f,u_8d6225d5f1,tdatta@paytm,139.65,referral_bonus_payout,2026-03-19T13:26:59,upi
pay_361945dacf5a4e,u_87b40bb0ae,meera61@okhdfcbank,152.32,referral_bonus_payout,2026-05-06T04:58:50,upi
pay_dfa4e75058304f,u_10277e093b,waliamaira@okhdfcbank,387.51,referral_bonus_payout,2026-03-30T11:23:07,upi
pay_cf7f0340540145,u_552e0fd0e5,card_ffaff64299ae43,321.37,referral_bonus_payout,2026-04-12T15:13:59,card
pay_57480619a2a44c,u_d4e8894769,card_086aa56f866447,416.09,referral_bonus_payout,2026-05-21T09:36:18,card
pay_bb360bdc104242,u_f70c7f77dc,card_3936951043f147,384.45,referral_bonus_payout,2026-07-12T11:21:40,card
pay_a4c4c8a84acc4a,u_e8bbae88b8,card_538e9803a1024b,301.62,referral_bonus_payout,2026-06-01T06:32:27,card
pay_e439ff7313fd4f,u_e69bf1889c,janakirajagopalan@paytm,179.56,referral_bonus_payout,2026-05-18T22:13:14,upi
pay_96fc47f17a8645,u_93e774a8c4,card_1123a823c55043,493.25,referral_bonus_payout,2026-07-21T13:49:36,card
pay_e12f965f863743,u_3582c0152b,card_f941225fcbde46,439.4,referral_bonus_payout,2026-05-30T22:30:48,card
pay_92562c6daae14f,u_0cc38a8e47,card_14cc93bf923545,59.86,referral_bonus_payout,2026-04-02T07:44:18,card
pay_f72fcc07187f46,u_b6047cbfef,vrishti21@okicici,416.14,referral_bonus_payout,2026-04-14T07:12:45,upi
pay_0f8fd14a5bfd4f,u_ada43b1a6c,card_8770c76e625b4e,350.94,referral_bonus_payout,2026-05-14T07:42:50,card
pay_2a6e4e198e4849,u_1ea72e0d77,card_2f219983b7cf48,51.85,referral_bonus_payout,2026-06-25T17:53:57,card
pay_13ede9978fc24f,u_3737f4534b,card_b1c1f910918845,284.13,referral_bonus_payout,2026-05-28T19:18:19,card
pay_226ac711c3674a,u_cc90a4ac75,card_8bc56c74de6941,346.94,referral_bonus_payout,2026-05-12T11:14:25,card
pay_6f37ec53251240,u_26b3657819,azadbiswas@ybl,498.59,referral_bonus_payout,2026-03-24T18:06:02,upi
pay_8a0fc6991f6545,u_c1187bbd4c,card_a1e59288d5ed46,470.33,referral_bonus_payout,2026-06-05T17:07:53,card
pay_c7477208c8b24a,u_f34dbf798d,card_31ed97ece14844,70.76,referral_bonus_payout,2026-04-18T23:31:58,card
pay_ab1dcd94097c45,u_ec1790016b,manthandyal@okicici,200.34,referral_bonus_payout,2026-06-22T17:15:13,upi
pay_89fa0323c79049,u_0a623a2146,card_bc71a05a275b41,482.83,referral_bonus_payout,2026-05-19T05:00:28,card
pay_abc45905ca224d,u_6f8f3e7c52,card_a0823a0b389846,376.38,referral_bonus_payout,2026-05-03T21:57:30,card
pay_bf6ae650f64144,u_01482d9421,card_ddf0171facdb46,381.62,referral_bonus_payout,2026-07-22T12:42:10,card
pay_5794a437b95042,u_6be22e0c8e,card_7de05794eb5949,56.49,referral_bonus_payout,2026-07-23T16:22:59,card
pay_dd1654af50bb40,u_9978841061,card_d33399304de243,186.01,referral_bonus_payout,2026-07-14T23:38:39,card
pay_15bbb601be7b43,u_43668e5a9f,card_9a212479da124c,410.1,referral_bonus_payout,2026-04-20T04:12:37,card
pay_cab92d2cbe8847,u_a20e5241db,card_d9b8bb253a3443,429.71,referral_bonus_payout,2026-04-09T07:44:53,card
pay_45f5bd65b1384f,u_b0edeb155c,bishakha52@okicici,499.28,referral_bonus_payout,2026-05-06T05:27:47,upi
pay_098af7e70f1a41,u_25392e28b1,card_a4ee1db5e73245,64.78,referral_bonus_payout,2026-06-14T10:23:06,card
pay_e37b903158ce4a,u_c5017fa899,card_8b8b7c926a344b,342.82,referral_bonus_payout,2026-04-30T04:03:43,card
pay_f8840a25862445,u_5cec344f88,card_1893dd894e894d,164.42,referral_bonus_payout,2026-05-07T05:40:49,card
pay_c0834a50033641,u_509e9c9ec4,jeevika56@paytm,76.6,referral_bonus_payout,2026-05-24T03:29:54,upi
pay_bda0deb0784a40,u_14134b279a,card_70cd2afe948d46,85.66,referral_bonus_payout,2026-07-27T10:12:46,card
pay_000498544a304a,u_f718968ef5,rnarain@okhdfcbank,438.9,referral_bonus_payout,2026-07-01T08:25:26,upi
pay_e94b1ade443746,u_e6c835a712,isaiah68@paytm,341.14,referral_bonus_payout,2026-04-11T23:57:07,upi
pay_0d1ca51a79ca4e,u_a2258a908b,reddywazir@okhdfcbank,175.04,referral_bonus_payout,2026-05-15T01:46:53,upi
pay_d829724a58ce41,u_af3f49e1ed,card_afbe1155455f4c,225.15,referral_bonus_payout,2026-06-04T13:49:08,card
pay_c0f70a510ef645,u_6d45bc83cd,hkorpal@ybl,220.55,referral_bonus_payout,2026-03-19T18:25:44,upi
pay_b1490b9c4f844a,u_e50dfb8ded,card_a51fc4fdee5c4b,140.61,referral_bonus_payout,2026-03-16T17:52:02,card
pay_e04d8c8f80fa40,u_58c7f24bd3,ddoctor@paytm,208.82,referral_bonus_payout,2026-05-14T03:35:09,upi
pay_9ca04d857c284f,u_0aaeafa996,fmander@ybl,194.51,referral_bonus_payout,2026-04-01T16:34:51,upi
pay_24c7349d2a4444,u_b84ee233e1,card_497113aa8f0c4f,276.78,referral_bonus_payout,2026-04-23T08:06:36,card
pay_f6a9b875961a49,u_2ea0cda740,wpau@okicici,484.56,referral_bonus_payout,2026-03-02T15:17:19,upi
pay_f30fa920101441,u_7202df90d4,card_a4e2f1a51b8b49,76.67,referral_bonus_payout,2026-07-14T02:00:54,card
pay_afe26b601b8947,u_737df75a19,thakkarneha@ybl,341.95,referral_bonus_payout,2026-05-09T07:23:11,upi
pay_a303e0d24aa945,u_bf79e9bac7,raoandrew@paytm,116.2,referral_bonus_payout,2026-07-11T23:00:55,upi
pay_9225347676984d,u_ff4564caa1,ranafalguni@okicici,317.16,referral_bonus_payout,2026-06-05T17:14:59,upi
pay_24e48de69fbf42,u_d4241e1413,card_085a5c96257049,188.94,referral_bonus_payout,2026-04-17T00:49:28,card
pay_bd6f143e957b4e,u_de1f60cb73,card_93fda0df34504c,408.31,referral_bonus_payout,2026-05-29T02:20:55,card
pay_9fc3a349505f44,u_7c047c70b8,vedikashetty@okhdfcbank,486.02,referral_bonus_payout,2026-04-16T11:43:17,upi
pay_0bd2c564794749,u_5768072b0a,petermukhopadhyay@okhdfcbank,360.68,referral_bonus_payout,2026-06-21T09:12:04,upi
pay_95b3bb8eaf1f4b,u_07b6223a76,card_2ec524eaf4f04f,391.59,referral_bonus_payout,2026-04-01T13:22:41,card
pay_13946973c9c14e,u_09b60b6f90,card_cc661d20082447,432.11,referral_bonus_payout,2026-03-06T23:14:03,card
pay_38e60b48c0624d,u_1b248a7b04,vkanda@paytm,356.86,referral_bonus_payout,2026-07-05T09:19:53,upi
pay_9b3bbe8011c44e,u_1a5b39ac2b,chasmumhans@paytm,82.77,referral_bonus_payout,2026-05-18T01:09:53,upi
pay_522e8cb799be48,u_9c825a922d,card_fc47e456332444,245.35,referral_bonus_payout,2026-06-01T13:52:44,card
pay_5b8c6f66eac94d,u_5395f20b87,hsarma@okhdfcbank,290.23,referral_bonus_payout,2026-06-17T03:48:04,upi
pay_f5767060fb714e,u_a7006b09d2,card_ea52f9fdea4b45,423.24,referral_bonus_payout,2026-07-11T01:18:19,card
pay_c62ee2dafd9042,u_eed5d4f301,card_bb77863dcc164d,113.13,referral_bonus_payout,2026-04-24T03:06:50,card
pay_c9a670ab66014e,u_1af42ede6f,card_137541539e124a,409.79,referral_bonus_payout,2026-07-10T16:18:16,card
pay_0507fff2082849,u_81565688c7,card_9a83daa38cad45,432.38,referral_bonus_payout,2026-06-06T11:26:18,card
pay_a209b720ade547,u_68d5706182,tdeshmukh@okhdfcbank,270.0,referral_bonus_payout,2026-03-11T08:44:52,upi
pay_479a55beb1df4c,u_8c4083be4a,card_8a4f7a6cfc5d4f,260.04,referral_bonus_payout,2026-04-23T07:54:38,card
pay_abcdccd812a945,u_fa71e4c565,unni86@okhdfcbank,138.27,referral_bonus_payout,2026-05-27T09:00:09,upi
pay_652b49782b6d43,u_5f074973d7,card_dd1fc75b0f144b,341.49,referral_bonus_payout,2026-03-24T05:35:48,card
pay_23d330a1e1ea48,u_f619d3ad7e,card_1b11dc44172941,488.43,referral_bonus_payout,2026-06-26T20:41:33,card
pay_3a2c9d6f92bd4a,u_5249df5c53,card_187af804661e40,92.32,referral_bonus_payout,2026-05-26T05:38:20,card
pay_657d9cf049af40,u_175f104091,card_d8248162acfd49,348.49,referral_bonus_payout,2026-07-23T20:01:33,card
pay_a5a91d754c6b46,u_cae5df10f6,garima25@okicici,424.03,referral_bonus_payout,2026-05-07T18:19:35,upi
pay_60fe85b5f5c140,u_cb3381010e,kadakianeelima@okicici,226.62,referral_bonus_payout,2026-07-20T09:43:59,upi
pay_478087de3be549,u_f040efcadc,card_9ed27e2e01054a,367.67,referral_bonus_payout,2026-03-19T11:50:55,card
pay_52e714bae80b41,u_9fad287b7b,ysani@paytm,224.31,referral_bonus_payout,2026-06-14T09:20:04,upi
pay_b774253085764b,u_4961dd3dac,card_871adba0a73443,382.78,referral_bonus_payout,2026-05-05T21:31:55,card
pay_b2c36ad7ba714b,u_25b0b3e62a,csetty@okhdfcbank,251.7,referral_bonus_payout,2026-06-18T10:43:42,upi
pay_1636c2b60a3740,u_08ce0646fd,card_85fd939563e046,371.46,referral_bonus_payout,2026-07-03T08:48:14,card
pay_6942c10fbcc24e,u_1eda7f0953,card_a7a72725b6e649,111.6,referral_bonus_payout,2026-05-14T16:21:58,card
pay_4b02313027594c,u_72d1dc86eb,ojas33@okicici,177.4,referral_bonus_payout,2026-07-15T13:27:05,upi
pay_c34550c0fb6845,u_aafab96d36,sarthakbose@okicici,453.4,referral_bonus_payout,2026-07-13T20:49:03,upi
pay_00293e7b7ce84f,u_d9134fc5c6,card_fea1cfea223a4e,315.53,referral_bonus_payout,2026-04-22T14:27:34,card
pay_9a4a871fd50c4d,u_7b78f047bf,card_f7433c1e82204d,171.13,referral_bonus_payout,2026-04-10T18:50:24,card
pay_c8056a0149ff41,u_e7e4208c76,girindrasama@paytm,73.84,referral_bonus_payout,2026-06-19T21:34:37,upi
pay_950ee125609045,u_226044bce3,card_61790796002042,178.73,referral_bonus_payout,2026-03-30T22:54:55,card
pay_0d2bf70365bf4e,u_8824953c37,uparsa@okicici,382.78,referral_bonus_payout,2026-06-29T11:42:35,upi
pay_db95fc3f9ddf44,u_4fe79c7372,manejonathan@okhdfcbank,97.12,referral_bonus_payout,2026-03-21T17:19:17,upi
pay_408b39a144304e,u_b19cd6479c,card_1130cd9449e64c,419.53,referral_bonus_payout,2026-04-18T06:49:36,card
pay_4ac5998f213e41,u_12aceaec8b,card_ef2e4280ca2142,307.13,referral_bonus_payout,2026-06-28T03:37:50,card
pay_01e308f8c17146,u_d93363b73d,tanejasara@okhdfcbank,83.94,referral_bonus_payout,2026-05-12T08:02:37,upi
pay_055d200c47ae4c,u_f6c5731401,teerthsandal@okhdfcbank,457.75,referral_bonus_payout,2026-07-14T00:22:34,upi
pay_6bd2c0d8911346,u_a40ed533c5,jagat94@ybl,205.18,referral_bonus_payout,2026-06-19T17:59:25,upi
pay_3f27b37df8614a,u_5b082e90de,card_6d3ac75a8d3342,353.56,referral_bonus_payout,2026-03-19T00:47:01,card
pay_6ca87a479fe74d,u_48647cf7c6,harini64@okicici,294.07,referral_bonus_payout,2026-06-30T21:37:56,upi
pay_7da39440ba5242,u_b071c6a531,harikalpit@okicici,324.75,referral_bonus_payout,2026-07-23T19:19:58,upi
pay_0b6bf47341b64b,u_8635571343,card_6d51431ceedf43,188.89,referral_bonus_payout,2026-06-27T01:24:29,card
pay_812cf7c9be2d43,u_0e7d7d68a1,card_c15f1d08cfb042,319.69,referral_bonus_payout,2026-06-10T02:03:19,card
pay_7066f396cf5b45,u_6cc3ae8c1e,edhithasachar@okicici,100.58,referral_bonus_payout,2026-05-28T07:51:59,upi
pay_e4faa2c0083e4e,u_117fae10b3,oviya08@okicici,383.3,referral_bonus_payout,2026-06-27T05:55:06,upi
pay_60fc26c355e94c,u_654414b5a1,card_d70293fc61be4d,448.14,referral_bonus_payout,2026-05-30T23:07:56,card
pay_f6964de18d054d,u_7d6be9fd9c,card_6f6bda70c4404e,355.22,referral_bonus_payout,2026-07-17T01:42:45,card
pay_7d1780c2e3824b,u_e02497b92f,hritikedwin@okicici,455.9,referral_bonus_payout,2026-04-25T23:11:37,upi
pay_9abb678fd7744b,u_d8d947153a,card_0ffcfc7ddfce4a,364.01,referral_bonus_payout,2026-06-11T09:45:23,card
pay_19bb2373550a44,u_60d69a806f,card_4cd4c26970f54e,66.16,referral_bonus_payout,2026-07-17T04:48:55,card
pay_046d4e6560d347,u_c40880622b,card_c213a1c7de6c41,333.5,referral_bonus_payout,2026-05-10T12:31:04,card
pay_844e74115ce044,u_97f4fb227c,qabil51@okhdfcbank,345.57,referral_bonus_payout,2026-06-30T11:28:13,upi
pay_c2f6d3d8e6d34c,u_3b5ff78c93,gayathri67@okhdfcbank,425.35,referral_bonus_payout,2026-04-24T08:42:45,upi
pay_c4fb27a32d4e4d,u_4d18bfdb89,gaurangi91@okicici,101.98,referral_bonus_payout,2026-07-11T15:49:26,upi
pay_ae20272d814e4a,u_9c6ab777a5,udesai@okicici,291.3,referral_bonus_payout,2026-05-26T11:04:17,upi
pay_4e4509d6e40f46,u_220746348b,card_e2eeb05920474f,119.76,referral_bonus_payout,2026-03-13T19:41:17,card
pay_5db7a07160ed4a,u_bc6b2b3ae7,ojasvimallick@okicici,345.38,referral_bonus_payout,2026-04-20T22:45:58,upi
pay_fbc7af8e5cdb40,u_a206c00908,card_ec4d156776444b,429.96,referral_bonus_payout,2026-06-25T17:49:03,card
pay_e36c5666407b40,u_4c858a1064,dominicbarad@paytm,58.19,referral_bonus_payout,2026-03-07T07:58:38,upi
pay_b5fbc97e43dc40,u_a5c760aac7,tdevi@ybl,403.54,referral_bonus_payout,2026-06-02T23:43:50,upi
pay_71607540d0d046,u_837b5ad8d7,card_7f44c836c2b64f,196.24,referral_bonus_payout,2026-07-23T06:04:42,card
pay_ebbccadb474a45,u_044fda23f8,sdash@okicici,62.94,referral_bonus_payout,2026-04-06T07:35:54,upi
pay_5f02194cc1da49,u_f69207c8b4,card_0c56603a73b04a,183.77,referral_bonus_payout,2026-07-16T23:45:02,card
pay_ecfd1e2be6da4d,u_7a2102234a,card_2a8cb9a5fd6240,64.55,referral_bonus_payout,2026-05-03T23:06:28,card
pay_e473e7e8e9bf48,u_5aeb0861cb,aggarwalakshay@paytm,259.82,referral_bonus_payout,2026-07-08T04:36:23,upi
pay_caba416ff6a54c,u_8d4474bd1d,ramachandranyashasvi@okicici,311.06,referral_bonus_payout,2026-04-27T11:07:57,upi
pay_ff036087635b48,u_91acba9db7,card_21587836532d4b,449.08,referral_bonus_payout,2026-03-24T17:24:04,card
pay_0ac2d1dc835445,u_e9e444dbdc,card_172c411f0c814c,124.3,referral_bonus_payout,2026-05-07T21:56:08,card
pay_d47d5a453d574e,u_abdbf37e85,lohitrout@ybl,209.03,referral_bonus_payout,2026-05-03T17:27:59,upi
pay_515b727454a847,u_32bd05e28c,card_6986f66abceb45,312.97,referral_bonus_payout,2026-05-16T09:32:27,card
pay_9f742e829d7c40,u_29acc25e5b,card_8adbed2c533c48,440.72,referral_bonus_payout,2026-04-04T04:52:27,card
pay_403346072c9542,u_1826bfd3fa,card_6a273108f7424e,214.52,referral_bonus_payout,2026-06-14T16:10:13,card
pay_fe508c1e602f45,u_70ab716c65,pahal25@okicici,296.67,referral_bonus_payout,2026-06-13T20:03:40,upi
pay_001d9a68fcb644,u_2b60773f21,card_60c64ab9a0eb4b,452.6,referral_bonus_payout,2026-06-19T04:46:05,card
pay_315131d6e7e04d,u_9645d54362,card_47d32a58e9924b,481.17,referral_bonus_payout,2026-04-24T13:48:28,card
pay_a8bee95aed8347,u_34a3d406b1,card_fd87f8b624db45,191.83,referral_bonus_payout,2026-06-02T18:02:33,card
pay_28f11c514ad14d,u_f42447f574,card_71b81cb1071148,433.42,referral_bonus_payout,2026-06-04T07:16:27,card
pay_7d2658f76bd342,u_b970c4adb8,card_1bf8170ac6c948,114.02,referral_bonus_payout,2026-06-17T20:43:27,card
pay_86b549114ad14a,u_092282a43d,fchaudhuri@ybl,323.28,referral_bonus_payout,2026-03-27T03:54:33,upi
pay_355a0c52493148,u_2fb978e557,card_3e5a78ecd86f4c,287.86,referral_bonus_payout,2026-06-27T03:34:44,card
pay_b5aadb39aead41,u_f6dceaf99d,card_39a90326865c42,345.16,referral_bonus_payout,2026-03-17T15:48:57,card
pay_f67ea7b1b2874d,u_e329e67040,card_7d84c991ea3e47,56.72,referral_bonus_payout,2026-03-01T01:55:43,card
pay_73d731ce3f5946,u_8aab8261c6,raghavankeya@okicici,87.04,referral_bonus_payout,2026-05-09T16:39:44,upi
pay_338ea6a62f3241,u_bfc4895e17,sahnilaban@ybl,77.23,referral_bonus_payout,2026-03-29T08:49:43,upi
pay_c31b3f7aa6064f,u_2ef9497a6c,card_e1a919b97c4548,50.19,referral_bonus_payout,2026-03-13T05:59:47,card
pay_4fd645313b2c48,u_a2d0c34af6,card_c21d7c61a12c43,203.53,referral_bonus_payout,2026-04-08T14:50:04,card
pay_6d68af5377d545,u_939e7283af,card_ac0dedd1989e4d,214.55,referral_bonus_payout,2026-05-10T14:58:39,card
pay_5430b044201047,u_848777a3ec,card_cc74fe9076f240,218.86,referral_bonus_payout,2026-06-25T15:35:22,card
pay_12e55f3d60204a,u_0bfa87cd16,manan59@okicici,75.4,referral_bonus_payout,2026-06-16T05:45:10,upi
pay_aa4340e5f9354f,u_131da2b973,tbumb@ybl,426.91,referral_bonus_payout,2026-07-20T00:51:07,upi
pay_b422c578aa6146,u_128a6e0688,hjohal@okicici,366.36,referral_bonus_payout,2026-05-29T12:45:14,upi
pay_34201a966df84a,u_def9a870d9,card_ca5dd15145a04c,401.61,referral_bonus_payout,2026-03-03T12:10:41,card
pay_c1537c8a7efb41,u_be9b059231,zkar@paytm,398.98,referral_bonus_payout,2026-03-16T13:04:22,upi
pay_85f86e8688e74b,u_d512663d4a,card_8d21341ee50748,111.05,referral_bonus_payout,2026-05-12T23:38:29,card
pay_64a59c3379dc4b,u_ea8d1d6c45,loganbalay@okhdfcbank,170.18,referral_bonus_payout,2026-07-07T11:11:00,upi
pay_4321a43180c94f,u_cb64af4264,bobalaadi@okhdfcbank,442.4,referral_bonus_payout,2026-04-01T06:36:55,upi
pay_0af21d5016144a,u_3c02ad256f,wridesh21@paytm,382.48,referral_bonus_payout,2026-03-13T13:38:30,upi
pay_2a6c2fe634f647,u_4cabdddfab,card_28db871b6a764c,226.57,referral_bonus_payout,2026-05-09T13:05:46,card
pay_65a593c6665a4a,u_855c7756b0,bshroff@paytm,75.04,referral_bonus_payout,2026-05-25T00:37:43,upi
pay_e4a0c645152f42,u_0d311e64a8,ucchal49@okhdfcbank,405.87,referral_bonus_payout,2026-04-19T22:15:58,upi
pay_1ee3a3ec0b4a4e,u_dc7f4dddf9,card_38e358af6fa944,348.87,referral_bonus_payout,2026-04-24T13:11:50,card
pay_9399f7c0ed7843,u_1464f2b5d9,card_9ccdd6468b3e40,446.95,referral_bonus_payout,2026-04-19T02:56:02,card
pay_11d38ca5b2764a,u_e6af3f110d,card_f59e5302511b44,168.97,referral_bonus_payout,2026-04-18T01:35:04,card
pay_bf4f6071839f4e,u_2d3232a18c,keernilima@paytm,452.95,referral_bonus_payout,2026-05-03T05:57:01,upi
pay_5e24acbf59cf4f,u_a921dffbb1,card_a555c3de10034e,458.5,referral_bonus_payout,2026-07-14T20:40:40,card
pay_b71519f75d6649,u_4455cb4f74,card_f58a33a3bd594e,307.33,referral_bonus_payout,2026-04-08T07:28:24,card
pay_d80abeb2f95d41,u_9b2d3245e8,card_809b9b0a51ab48,406.76,referral_bonus_payout,2026-04-16T23:53:10,card
pay_8d8b07f901c345,u_1a914aac40,card_03ce3363eed843,303.21,referral_bonus_payout,2026-03-13T08:28:55,card
pay_f064670c9a774e,u_2ba94289e3,card_9887223ac80f42,138.06,referral_bonus_payout,2026-06-11T08:05:38,card
pay_cd7e3d35083c49,u_7a35f7edd9,card_d31420c7b49b48,101.26,referral_bonus_payout,2026-06-10T23:55:09,card
pay_cfc4722901b542,u_a1eb6f2348,card_08a68a7242b54e,496.81,referral_bonus_payout,2026-04-14T17:16:54,card
pay_80df2cd3b10a48,u_779ab7bcd5,card_2794c61982af48,50.82,referral_bonus_payout,2026-07-27T21:42:41,card
pay_999680bcba2b44,u_33515de6f2,card_d6a4ec0994df48,462.25,referral_bonus_payout,2026-06-28T04:05:43,card
pay_47a276e4dbc546,u_a39ce05d7c,megha75@paytm,89.99,referral_bonus_payout,2026-05-05T12:53:58,upi
pay_fd610c9fde0a4f,u_c1baa59e29,card_49221c7ec77049,376.1,referral_bonus_payout,2026-06-10T11:34:11,card
pay_c062b0f618aa4d,u_4b676e73aa,yashawinishukla@okhdfcbank,353.85,referral_bonus_payout,2026-06-06T01:42:19,upi
pay_9db77f67d43545,u_2c08ea19ff,narayananyashica@ybl,337.41,referral_bonus_payout,2026-03-21T11:10:16,upi
pay_8bc965846a1e46,u_6b90fa106f,card_6aa296f140fc43,325.7,referral_bonus_payout,2026-05-30T14:03:29,card
pay_9722804cf4fc48,u_4d7b5419c2,card_cf9e328ab3514d,341.22,referral_bonus_payout,2026-03-24T09:30:50,card
pay_637e0e76a4db48,u_dafda698a9,card_f6475e35474745,245.06,referral_bonus_payout,2026-04-09T19:48:49,card
pay_2187286add4a4f,u_3be66ccc9a,venkataramanaarush@ybl,436.48,referral_bonus_payout,2026-03-25T07:47:23,upi
pay_9ac45a3b72c747,u_8b0c656b32,nathanielroy@ybl,384.68,referral_bonus_payout,2026-06-18T23:57:33,upi
pay_d8cd2c4d27a045,u_e3296c45b5,card_43429a9a5c0e49,157.91,referral_bonus_payout,2026-05-23T17:30:24,card
pay_e8bc6db2c95c4c,u_501fb30482,card_fcfb100fe2c142,396.95,referral_bonus_payout,2026-06-08T13:20:07,card
pay_2a5e5546eb994a,u_bacfdb467b,card_d319f48acb874c,474.91,referral_bonus_payout,2026-04-10T16:56:05,card
pay_d5ac041e63b846,u_bbe922c92f,card_bfbcbae648254e,325.44,referral_bonus_payout,2026-03-31T13:05:24,card
pay_473c90815dd442,u_958ce24fc1,dincharita@okhdfcbank,213.11,referral_bonus_payout,2026-07-17T10:01:01,upi
pay_fef7b7a6a12942,u_a7b636f92b,card_7f327fb0030747,180.22,referral_bonus_payout,2026-04-14T03:45:38,card
pay_80ac083faf9940,u_a4c9c351b6,kantbaghyawati@paytm,384.43,referral_bonus_payout,2026-05-08T15:50:22,upi
pay_3b9c71f4ec8145,u_30c4b8d614,card_7c1fbc0980644b,495.5,referral_bonus_payout,2026-03-02T20:20:26,card
pay_2200563f2df042,u_55f307efd1,nidhi99@okicici,250.62,referral_bonus_payout,2026-07-03T07:02:30,upi
pay_65992b0a838644,u_7068d12505,cvala@okhdfcbank,183.63,referral_bonus_payout,2026-03-04T00:17:13,upi
pay_6597028ba03f49,u_0543bc6480,yrau@paytm,158.86,referral_bonus_payout,2026-06-03T01:31:23,upi
pay_c22fbb0bafad42,u_52f4cc10f2,card_d8756c3daedd49,425.62,referral_bonus_payout,2026-04-22T14:33:26,card
pay_4e4a74ef9b554c,u_503a41cc10,card_56c823c6aa4741,452.25,referral_bonus_payout,2026-07-03T03:53:21,card
pay_d6e21228c77647,u_c92ac767a7,odikaedwin@paytm,362.15,referral_bonus_payout,2026-05-09T07:39:17,upi
pay_52ba8331a3054f,u_392e02c15f,xavier75@ybl,469.46,referral_bonus_payout,2026-05-17T23:06:37,upi
pay_00889089349247,u_e9e810ee54,bumbgirindra@ybl,125.26,referral_bonus_payout,2026-06-08T21:34:57,upi
pay_396dad41cba245,u_92bec9c623,chanakya52@okhdfcbank,55.7,referral_bonus_payout,2026-07-21T03:59:38,upi
pay_74a10589312a4a,u_24a97e0473,sbabu@paytm,130.59,referral_bonus_payout,2026-07-14T17:14:13,upi
pay_a79fb3f69a4b4b,u_e96a1f4f1a,card_b4fd37dce24245,229.43,referral_bonus_payout,2026-03-23T23:25:35,card
pay_5f597403288f47,u_b619e76ed3,xgade@okicici,356.16,referral_bonus_payout,2026-05-01T02:04:08,upi
pay_41dde0ea3af04b,u_3232ae5339,card_fd8b017a745546,310.52,referral_bonus_payout,2026-03-16T21:39:40,card
pay_a488610a7d1e4f,u_21e5442a07,ganeshamol@okhdfcbank,111.9,referral_bonus_payout,2026-04-03T03:50:31,upi
pay_5636649879b343,u_00e8bc0237,xchaudhary@okhdfcbank,221.71,referral_bonus_payout,2026-04-19T16:50:50,upi
pay_93e08b6977de4f,u_d46deca786,gaurav78@ybl,108.29,referral_bonus_payout,2026-06-22T09:31:30,upi
pay_b9a94d59165b40,u_b0687ceccb,card_bb3bd090887246,69.62,referral_bonus_payout,2026-03-19T21:17:37,card
pay_74a615ecfbf140,u_271523958a,edhaliwal@ybl,263.65,referral_bonus_payout,2026-07-18T00:21:40,upi
pay_31f054bc0bf34b,u_c5c81a9837,card_d1dc81baff4c4f,78.93,referral_bonus_payout,2026-06-24T10:11:07,card
pay_b4e917dac0cd44,u_28b9384b9f,nmohanty@paytm,345.17,referral_bonus_payout,2026-07-14T19:26:51,upi
pay_90f2a5acc57a46,u_ffacef4c2c,sroy@paytm,86.94,referral_bonus_payout,2026-04-02T18:49:38,upi
pay_2e253825b35f4c,u_de11d0df38,card_9aed2d8fba4a48,433.63,referral_bonus_payout,2026-06-04T12:04:05,card
pay_fea02c85d2bc4a,u_43f4601637,card_d37fef4e8a3941,85.85,referral_bonus_payout,2026-04-23T06:38:24,card
pay_0bf966650be74a,u_746860ab96,ekiya96@ybl,257.94,referral_bonus_payout,2026-06-29T14:42:21,upi
pay_42b7781194bd45,u_ea38e9bbd8,balveercontractor@ybl,149.78,referral_bonus_payout,2026-06-24T02:57:36,upi
pay_01250d6a884b48,u_f64da46c7e,kantlaban@paytm,475.57,referral_bonus_payout,2026-05-18T05:38:43,upi
pay_f2ccf7a5a69a46,u_226112d116,card_439501b76f4341,467.52,referral_bonus_payout,2026-04-09T00:07:24,card
pay_509fcde35f8843,u_3fc5fb37c4,mrout@okhdfcbank,374.44,referral_bonus_payout,2026-03-29T11:03:27,upi
pay_38ddb741676844,u_3d03ba85a8,card_13da6c9d752545,55.15,referral_bonus_payout,2026-05-13T21:22:12,card
pay_cae51326cfc34b,u_7b3ed91f7e,card_e4668d04252940,234.0,referral_bonus_payout,2026-05-17T01:23:22,card
pay_4aa7a3f2206d4f,u_ff58189985,korpaloeshi@ybl,399.26,referral_bonus_payout,2026-06-16T14:14:35,upi
pay_0d83fd4087944e,u_716d6d3845,wmallick@okhdfcbank,442.47,referral_bonus_payout,2026-07-12T09:51:18,upi
pay_9b35d02e4a014f,u_b6a8bf2538,card_1337da1acee148,368.57,referral_bonus_payout,2026-03-14T16:48:20,card
pay_89bc91d699914a,u_c62c659f1f,card_9bb4ea7a933e42,289.9,referral_bonus_payout,2026-03-13T23:36:44,card
pay_e611afe0a6dc4d,u_6f0172d8af,munihitesh@ybl,182.5,referral_bonus_payout,2026-06-30T02:52:33,upi
pay_88491e26057f43,u_450cdb8c77,card_bc2acad18b0a44,300.92,referral_bonus_payout,2026-05-08T15:05:05,card
pay_bfd6fc79729243,u_28431465d1,raghav60@paytm,370.78,referral_bonus_payout,2026-06-23T20:46:37,upi
pay_784e9e9ada244e,u_e0409ce72a,ojasvi09@ybl,252.34,referral_bonus_payout,2026-04-02T12:21:39,upi
pay_615388a977ea40,u_c76cf460c4,card_9c8c7915beac40,177.98,referral_bonus_payout,2026-05-04T02:04:48,card
pay_c3200d42497440,u_192a6617a1,card_a2b21861c9894b,114.75,referral_bonus_payout,2026-06-19T06:49:09,card
pay_31834c6ee82b45,u_0f508a0a38,sainidavid@paytm,332.57,referral_bonus_payout,2026-03-20T03:29:38,upi
pay_3dc5b4cb726f48,u_01dc1752da,card_da9c55b9e9ed42,156.67,referral_bonus_payout,2026-07-22T04:37:30,card
pay_aad83627c81a4b,u_7bc8eab86b,xchad@ybl,121.52,referral_bonus_payout,2026-07-05T18:02:48,upi
pay_1f43024759cc42,u_d68381716f,shivanidugar@ybl,405.35,referral_bonus_payout,2026-03-09T04:53:08,upi
pay_476c263d962548,u_0a1bbf345d,anamikadash@ybl,420.02,referral_bonus_payout,2026-05-22T12:41:04,upi
pay_bf85ff77674741,u_fccf0bad56,girindra24@paytm,272.01,referral_bonus_payout,2026-04-06T02:21:52,upi
pay_d612a4c5f0bd4f,u_686df9b80e,davemanan@okicici,71.71,referral_bonus_payout,2026-04-24T17:07:01,upi
pay_82b746b120174b,u_b274922948,gabrielkothari@ybl,121.54,referral_bonus_payout,2026-04-06T10:29:17,upi
pay_56f600a8c6df45,u_9170a8b983,bmangat@ybl,289.09,referral_bonus_payout,2026-04-03T06:17:31,upi
pay_631e97ca804543,u_719c97883f,card_81aa12421b7542,208.9,referral_bonus_payout,2026-07-20T15:19:29,card
pay_b45fcf683f884c,u_3779ab8d46,card_922fad6b271b4a,311.08,referral_bonus_payout,2026-05-10T21:54:32,card
pay_6813f410ef6748,u_3a0c154478,choprabhavya@paytm,154.95,referral_bonus_payout,2026-03-18T06:12:43,upi
pay_f4825d66f96647,u_0ec950e4e3,card_63b0f42e7eae4a,151.12,referral_bonus_payout,2026-03-18T11:01:35,card
pay_636fe5117bba40,u_48313a6d8b,card_063faf4e030c4f,494.76,referral_bonus_payout,2026-04-12T22:47:37,card
pay_717f6869facc49,u_2a5e911211,card_0e4afb5eeeb744,297.94,referral_bonus_payout,2026-07-15T11:54:51,card
pay_95670a2dd4ae48,u_518ca71b2b,baradkeya@paytm,376.33,referral_bonus_payout,2026-06-21T20:19:30,upi
pay_fed46a5a0c5c44,u_dcbb9d41ba,bakhshi72@paytm,212.11,referral_bonus_payout,2026-03-10T23:47:35,upi
pay_4e3720f5f42144,u_249e991836,card_54c6e334793743,362.9,referral_bonus_payout,2026-05-18T00:28:54,card
pay_3cdbbddfd7094f,u_7842be1877,qpuri@okhdfcbank,216.98,referral_bonus_payout,2026-04-04T14:22:54,upi
pay_e3768c33690d42,u_657b9e10c6,card_7871f664ef7f40,200.55,referral_bonus_payout,2026-04-28T02:45:20,card
pay_0277d056800241,u_4f5febac07,card_0c03a044d9a647,142.36,referral_bonus_payout,2026-07-17T21:49:42,card
pay_c016107547b74d,u_3e929923d7,card_2482487bc2784b,215.94,referral_bonus_payout,2026-06-07T16:29:01,card
pay_62b4d58d7a2148,u_458788f767,deyeshana@ybl,55.42,referral_bonus_payout,2026-07-13T17:39:01,upi
pay_fc94cd52e6f74b,u_24c7a29550,card_2c8571d9a6db49,467.56,referral_bonus_payout,2026-04-30T02:15:37,card
pay_b1e1a19e1bc342,u_36606902be,card_c17846b5915f4e,323.21,referral_bonus_payout,2026-06-23T04:54:44,card
pay_b9b90efe35384c,u_70e774609c,tpadmanabhan@okicici,345.27,referral_bonus_payout,2026-04-05T03:08:09,upi
pay_d185aacdfdcd4d,u_c9280f2298,lbutala@ybl,459.61,referral_bonus_payout,2026-04-06T12:06:20,upi
pay_96ce7d14d03d47,u_5472ef0f44,pmukhopadhyay@paytm,232.76,referral_bonus_payout,2026-03-10T10:37:37,upi
pay_3a73f3967bb446,u_4f3b669967,farhan74@ybl,257.78,referral_bonus_payout,2026-05-07T04:03:47,upi
pay_b27283ac71304b,u_14d511b8b1,yashasvi79@okhdfcbank,148.28,referral_bonus_payout,2026-05-06T23:50:41,upi
pay_98c09e13446f4f,u_7772cebb7c,tsavant@okhdfcbank,130.49,referral_bonus_payout,2026-07-08T01:03:00,upi
pay_785d63c33ae843,u_829f1d4b7c,card_a502898545d546,490.16,referral_bonus_payout,2026-03-07T14:58:36,card
pay_06e8da60a8a340,u_d964da19aa,ayushman87@paytm,101.73,referral_bonus_payout,2026-05-03T04:04:56,upi
pay_93f9bce5529243,u_305c7140f6,card_3c24221eb41d40,290.36,referral_bonus_payout,2026-07-06T04:50:51,card
pay_057985483c2842,u_b3cdd841f1,sinhatanay@okicici,95.54,referral_bonus_payout,2026-05-01T03:21:03,upi
pay_f3672a7bb61443,u_4055db5e57,vohratripti@paytm,180.76,referral_bonus_payout,2026-05-05T13:41:57,upi
pay_f2a7917f14f44d,u_b12fa1ce97,lalatripti@paytm,321.19,referral_bonus_payout,2026-03-22T01:14:51,upi
pay_a59092d2faa246,u_6f0bec129b,card_d201189801044d,185.37,referral_bonus_payout,2026-04-05T01:24:53,card
pay_7a27ee12b9f647,u_94fedd957b,gaurangissac@okicici,390.51,referral_bonus_payout,2026-05-29T10:07:33,upi
pay_7d25c0b9d9454d,u_ce5f923694,bhanumati66@okicici,472.89,referral_bonus_payout,2026-04-27T23:08:02,upi
pay_d0b8e34de26344,u_0e8448720e,card_9612a3dc86bc44,171.24,referral_bonus_payout,2026-06-30T20:26:22,card
pay_343a8c911c0a4a,u_41971162a9,ira84@ybl,227.24,referral_bonus_payout,2026-07-18T14:24:33,upi
pay_72f2aebfff5a4f,u_b76558e1d9,card_a28558651b7644,250.08,referral_bonus_payout,2026-05-25T03:28:18,card
pay_0fca9610bf1640,u_65c0bdfe0a,card_21853c1b7ed843,479.93,referral_bonus_payout,2026-06-01T15:25:48,card
pay_5fef6af9d0724a,u_b000bf612a,card_489d2126a25649,132.26,referral_bonus_payout,2026-03-13T10:07:06,card
pay_3041f93f084440,u_b48f1a31c5,vermaveda@ybl,159.82,referral_bonus_payout,2026-05-27T05:38:36,upi
pay_163698480d0746,u_e316a124fe,card_f6d62640692e41,382.73,referral_bonus_payout,2026-04-23T14:18:16,card
pay_a53db6dd4c2142,u_cb0769fd22,card_4eb07f72c25341,83.03,referral_bonus_payout,2026-05-28T02:23:30,card
pay_fae952ddc3a14a,u_0241b08eb6,card_eb347f8e0b5d41,274.98,referral_bonus_payout,2026-07-11T22:30:31,card
pay_5a1fd14b289e43,u_b4dbf5213f,card_452c4a67de9b4d,238.57,referral_bonus_payout,2026-05-26T10:50:41,card
pay_4c3ebe63b13f45,u_529578c3c6,aarushdhillon@okicici,89.6,referral_bonus_payout,2026-03-11T00:50:44,upi
pay_94c2056994a847,u_a481c19393,utkarshsule@ybl,86.61,referral_bonus_payout,2026-03-06T02:08:27,upi
pay_59341a797d4f48,u_92464cce7e,jalsa48@okhdfcbank,114.55,referral_bonus_payout,2026-03-02T22:46:35,upi
pay_e0488f603bfb4b,u_c0762949fa,bansalbalendra@okicici,482.21,referral_bonus_payout,2026-05-27T21:14:32,upi
pay_20f3938ee58543,u_a5c2c6ad9f,card_7abf76bc638d40,442.59,referral_bonus_payout,2026-05-03T14:50:30,card
pay_5214ab788dbb47,u_bd619f6da0,lsheth@paytm,226.91,referral_bonus_payout,2026-03-27T10:10:07,upi
pay_451ed6a2d9bf48,u_04191eda2d,uagrawal@paytm,165.93,referral_bonus_payout,2026-07-26T22:17:32,upi
pay_4149390f898b42,u_d2b0d5d3cc,card_a10e713d205640,377.78,referral_bonus_payout,2026-07-08T02:06:54,card
pay_16b84b2b250a47,u_f819c7bf3a,card_f4d956d09cdf47,374.7,referral_bonus_payout,2026-05-13T17:07:14,card
pay_1946dfbb1a044c,u_ca722d8b18,kaladaksha@okicici,296.93,referral_bonus_payout,2026-06-16T04:00:19,upi
pay_0dd2d030fb3347,u_4b92ff147a,card_78824e9c104c41,219.95,referral_bonus_payout,2026-03-05T21:35:13,card
pay_1300a410aa8947,u_eb47d49a91,card_3803f0ae931246,250.67,referral_bonus_payout,2026-05-30T04:23:16,card
pay_0922bd01e8324f,u_294b2d52c4,ochada@okhdfcbank,293.04,referral_bonus_payout,2026-06-09T20:38:39,upi
pay_354e1e30ebb547,u_5ddb707e10,calebjhaveri@ybl,148.79,referral_bonus_payout,2026-07-05T07:24:30,upi
pay_727e77cf36714e,u_63f0a47d2a,jasonkaur@ybl,456.13,referral_bonus_payout,2026-05-12T15:16:02,upi
pay_9837196894ed48,u_dde3e75c14,card_a128b6c1ca784a,182.96,referral_bonus_payout,2026-06-02T06:07:39,card
pay_40c5f57792b744,u_96a502fb36,card_9f0478e1e2bd4c,99.14,referral_bonus_payout,2026-07-23T03:16:00,card
pay_989da7e436044d,u_7533775e0f,chaitaly31@ybl,193.47,referral_bonus_payout,2026-04-12T00:16:37,upi
pay_bcb10dba6a624e,u_83e8e63ecf,aadhya54@okicici,326.11,referral_bonus_payout,2026-06-12T22:22:51,upi
pay_04c365a0f4ca41,u_71759ed506,card_76e0f1cfa08641,123.63,referral_bonus_payout,2026-07-18T13:32:53,card
pay_12a89ab9965d44,u_6c35a55ba6,card_50bc5b3ec68e4d,107.14,referral_bonus_payout,2026-07-02T02:03:44,card
pay_93f328a1e15a45,u_48a6074da3,card_380486dd4efb4b,320.17,referral_bonus_payout,2026-05-11T19:42:40,card
pay_256944b9038a41,u_3ae1f48ddb,rtrivedi@ybl,128.24,referral_bonus_payout,2026-03-08T03:39:15,upi
pay_c8e5ba1deb694c,u_1cf15a7196,card_7812bc7de2df48,332.02,referral_bonus_payout,2026-03-11T08:36:16,card
pay_69035cf1320045,u_c665a87809,card_7762773ae5314b,285.22,referral_bonus_payout,2026-04-30T08:38:57,card
pay_3f5d31f9da474f,u_0e4caf00cd,lkamdar@ybl,346.92,referral_bonus_payout,2026-05-05T03:57:19,upi
pay_96dcbb0b644842,u_105465db5c,card_e1754397baea4e,299.31,referral_bonus_payout,2026-05-10T18:13:22,card
pay_71a2e481fb6544,u_a4cb02c63d,card_632f841d0a964d,273.0,referral_bonus_payout,2026-03-19T02:03:39,card
pay_319560cc734544,u_88d0992f18,oviya83@okhdfcbank,425.93,referral_bonus_payout,2026-06-03T13:03:24,upi
pay_38f8f0470fa546,u_57e150183f,card_e27d5115e5ab40,310.07,referral_bonus_payout,2026-06-14T10:03:19,card
pay_26a2d8abf2e149,u_e90ccad795,gangaghosh@ybl,150.83,referral_bonus_payout,2026-06-26T12:56:25,upi
pay_623cc941913f46,u_f8efa99ac9,gagan27@ybl,234.9,referral_bonus_payout,2026-07-10T02:38:29,upi
pay_ac619f883b2e4d,u_0df103c0d1,advika43@okhdfcbank,110.59,referral_bonus_payout,2026-04-15T06:04:09,upi
pay_fa36cf6921c94f,u_4c4a883d6c,matthew63@paytm,58.79,referral_bonus_payout,2026-04-23T00:10:56,upi
pay_cf52222ab4f144,u_b3d6c6cd8e,card_d4cb851997b34a,341.67,referral_bonus_payout,2026-03-27T14:25:25,card
pay_3cc35af6d1d748,u_4b7b572b02,card_6fe7166ff2f244,269.41,referral_bonus_payout,2026-03-13T20:04:50,card
pay_c66e6fcaa2a741,u_634855d783,sharafjason@paytm,121.6,referral_bonus_payout,2026-05-13T07:23:41,upi
pay_5d55859b868b42,u_846aa0188d,charvizachariah@okhdfcbank,331.68,referral_bonus_payout,2026-05-25T05:26:46,upi
pay_67ea7cab2d9f4e,u_039d03a0d3,masteryochana@okhdfcbank,466.92,referral_bonus_payout,2026-05-17T23:37:02,upi
pay_edbf65d95ae54d,u_170f172d5c,card_c0846f93fd584a,454.14,referral_bonus_payout,2026-05-18T01:51:49,card
pay_d556a15af4a343,u_c8b4d24068,malhotracharita@ybl,147.17,referral_bonus_payout,2026-03-06T01:22:57,upi
pay_68013445615d42,u_72b71bb060,cswamy@okhdfcbank,332.01,referral_bonus_payout,2026-06-29T22:07:14,upi
pay_63e49d82baa64f,u_c474972653,card_ce0ed1004c9542,140.33,referral_bonus_payout,2026-04-01T05:23:52,card
pay_7f9a5be0b7d942,u_d51ad27bf2,card_5b1e0a2382b245,205.45,referral_bonus_payout,2026-05-25T09:27:19,card
pay_53a6a74bcdb546,u_ff81f04c13,card_6c886cec845644,271.19,referral_bonus_payout,2026-03-03T17:44:06,card
pay_3641d8840b0a4c,u_fd6edaf835,card_053a53212f4b4b,234.36,referral_bonus_payout,2026-04-10T20:06:39,card
pay_93ec452a605d47,u_9888c93b8a,igarg@okicici,294.34,referral_bonus_payout,2026-05-11T05:39:06,upi
pay_1d8ddebac19d44,u_eb59d722a7,card_a5b0c4268b994a,375.43,referral_bonus_payout,2026-06-26T15:44:55,card
pay_e103f4a2887e4c,u_34a19009e3,charles23@paytm,327.89,referral_bonus_payout,2026-03-01T04:37:28,upi
pay_a5ddb334a50241,u_5f3a9c553b,card_1f8a049a08974a,136.01,referral_bonus_payout,2026-05-27T20:46:53,card
pay_39ff6479a44541,u_62108549fa,deolhardik@okhdfcbank,80.49,referral_bonus_payout,2026-05-19T13:49:14,upi
pay_11aaf3c59a4d40,u_e1c8e1581b,henrybasu@ybl,353.16,referral_bonus_payout,2026-07-26T00:24:32,upi
pay_c35bb1da120245,u_ca435e8dbb,nirja26@ybl,166.2,referral_bonus_payout,2026-07-19T17:23:13,upi
pay_a5e280fa1c014f,u_8cd5926373,jeremiah22@okhdfcbank,376.69,referral_bonus_payout,2026-04-19T21:40:56,upi
pay_1d87cbe3234049,u_ee24f40db5,card_412cf7c582584d,215.88,referral_bonus_payout,2026-06-01T08:52:47,card
pay_b527ec25a9d74c,u_7a4fbcbd1b,janya79@okicici,461.15,referral_bonus_payout,2026-05-13T00:01:23,upi
pay_c87ef421ffe343,u_5358c232fe,janya93@okicici,115.24,referral_bonus_payout,2026-03-31T02:42:15,upi
pay_85bb65c43f064f,u_1b7bb5b00d,card_e04643d9dbb84c,343.72,referral_bonus_payout,2026-05-22T03:48:08,card
pay_746c15ea158c4e,u_baaebe4ccf,card_64fb3b22ece643,369.73,referral_bonus_payout,2026-05-21T12:57:04,card
pay_a109dc0793c44e,u_745b16993f,dugarvedant@paytm,97.73,referral_bonus_payout,2026-07-01T14:23:00,upi
pay_8adf1ece7d894f,u_f231d1931e,card_deac24edafb844,313.93,referral_bonus_payout,2026-06-29T23:31:37,card
pay_d32aeb5ddf244b,u_9f8c7e37c9,saisoman@okicici,418.96,referral_bonus_payout,2026-07-19T13:37:02,upi
pay_a1fe93f3a35042,u_ca17fc55a0,card_4499132b29aa45,310.53,referral_bonus_payout,2026-05-09T09:23:12,card
pay_2d039534cf0340,u_e72256444e,card_dc7ab78a148a4a,484.4,referral_bonus_payout,2026-05-03T11:03:18,card
pay_77e8e4adebb140,u_9e3755acc9,isood@okhdfcbank,333.48,referral_bonus_payout,2026-07-13T19:29:34,upi
pay_ed79c5305d7d49,u_5ccf9dd55b,ikshitatara@ybl,51.08,referral_bonus_payout,2026-05-15T00:45:33,upi
pay_82a1aa7bbb2747,u_8b4538dd70,card_ae62da6ddd0941,246.5,referral_bonus_payout,2026-05-26T18:42:28,card
pay_ec0051db27d04e,u_968c502865,triya02@okhdfcbank,69.53,referral_bonus_payout,2026-03-30T12:27:34,upi
pay_ad47cbef2a7049,u_3c4a2163a1,aashichakraborty@okicici,197.81,referral_bonus_payout,2026-04-30T04:39:38,upi
pay_ad120b81fc4547,u_9677f2c56a,behladvaith@paytm,386.03,referral_bonus_payout,2026-07-17T20:21:35,upi
pay_169695fb1eb24b,u_568e89ce6d,jhaverirushil@paytm,74.56,referral_bonus_payout,2026-04-18T05:42:40,upi
pay_e9dedc706ee74f,u_52309d70ad,sridhardaniel@paytm,326.02,referral_bonus_payout,2026-05-10T19:50:22,upi
pay_117cc803910545,u_caa2c86d4d,chameli50@ybl,130.97,referral_bonus_payout,2026-07-19T03:13:57,upi
pay_d08ea96ea52246,u_212feee64e,isha63@paytm,158.36,referral_bonus_payout,2026-05-04T15:55:56,upi
pay_64e0f52dd23e4c,u_a6fbc44af8,tamanna03@okicici,302.05,referral_bonus_payout,2026-03-17T01:19:28,upi
pay_a845861b7c1e47,u_0b6dc002c9,card_1728a1d4367649,355.79,referral_bonus_payout,2026-03-11T16:39:38,card
pay_75858e83e08f4a,u_db8288534e,card_34ca957c37ce44,129.78,referral_bonus_payout,2026-03-21T09:00:16,card
pay_54f60352666b41,u_45f14468fc,card_abced802b2ab46,216.13,referral_bonus_payout,2026-04-20T12:30:16,card
pay_16c3b9f4179f49,u_09e224d991,card_5b01189c4cb74e,144.62,referral_bonus_payout,2026-07-20T20:41:01,card
pay_5c8c74b94ff741,u_e0ae3396c4,mrana@ybl,114.71,referral_bonus_payout,2026-07-27T03:15:00,upi
pay_6b71b25c959247,u_719c44151d,card_5a79745f2a7542,328.28,referral_bonus_payout,2026-03-10T20:28:11,card
pay_78be905098134f,u_f70efa671a,card_85d333afb28a4d,338.04,referral_bonus_payout,2026-06-29T10:51:49,card
pay_a82adc8e0d394f,u_df052255c0,card_d331afeb5b324e,110.54,referral_bonus_payout,2026-05-01T16:04:30,card
pay_17f635e2b5b049,u_3848a8d9ea,card_1432a4bfcc5641,473.48,referral_bonus_payout,2026-03-02T05:07:43,card
pay_522770139f6847,u_2bb659ddfd,sonitriya@ybl,285.79,referral_bonus_payout,2026-04-21T22:53:48,upi
pay_245809ba32e445,u_5e800b8092,card_742c0d92eac04f,229.38,referral_bonus_payout,2026-03-18T21:57:55,card
pay_3fafbb559a8547,u_51a92c2181,lnanda@okhdfcbank,356.84,referral_bonus_payout,2026-04-22T02:38:39,upi
pay_db3403b8caf348,u_75fce179c5,agatehritik@ybl,481.69,referral_bonus_payout,2026-06-27T10:49:00,upi
pay_895382eac24e43,u_71db901a37,card_ffbd4b35d56440,170.65,referral_bonus_payout,2026-06-23T12:41:01,card
pay_87ff5e1d44fe49,u_03415ce2f7,tanishdyal@okhdfcbank,179.71,referral_bonus_payout,2026-03-14T03:33:25,upi
pay_3377a0bb26284f,u_7f3de624d8,card_bb4d3727fbe549,94.61,referral_bonus_payout,2026-07-06T06:45:01,card
pay_a3e92939620c45,u_1104e0e545,card_bb6610b2772143,245.19,referral_bonus_payout,2026-05-15T20:09:45,card
pay_b3306afa703a48,u_8b391d843b,priyamanda@okhdfcbank,192.18,referral_bonus_payout,2026-07-27T08:39:25,upi
pay_714029cea37446,u_6d8789e828,card_febbbcfdb6bb4e,184.84,referral_bonus_payout,2026-03-02T05:09:59,card
pay_a9d5a4d1282146,u_8e56e6ad29,card_fede72c8fe7c49,339.29,referral_bonus_payout,2026-05-17T17:17:43,card
pay_d3d9a69df1534b,u_07a722bd06,pranitsanghvi@okhdfcbank,351.55,referral_bonus_payout,2026-07-19T22:33:58,upi
pay_21e92e6350a541,u_70758897c3,zachariahtanveer@okicici,420.32,referral_bonus_payout,2026-07-09T00:31:12,upi
pay_dd3b5c79324147,u_a38ff0f753,card_e41aaae1c05945,492.02,referral_bonus_payout,2026-06-19T09:08:26,card
pay_4f028e3ef7c540,u_3c72a2dbf8,narayandarpan@paytm,251.74,referral_bonus_payout,2026-04-01T17:09:36,upi
pay_216427ec069844,u_75024e93f1,card_951bcf04056148,445.4,referral_bonus_payout,2026-07-12T16:45:36,card
pay_d4181ec1daaf44,u_079602c158,hnarayan@ybl,308.59,referral_bonus_payout,2026-05-16T18:41:02,upi
pay_81343f32a49c4d,u_90dd810d29,joshua73@ybl,408.9,referral_bonus_payout,2026-05-25T08:44:32,upi
pay_843ca2dafb304c,u_9b03ee3516,card_a7f328b18f0146,404.12,referral_bonus_payout,2026-04-10T21:48:48,card
pay_b1ff37d0f0344c,u_35b1d2cdef,card_54fb304b6d0743,56.35,referral_bonus_payout,2026-07-15T09:14:11,card
pay_e5a5f465cb284a,u_0d483a802c,card_8b89940284b94f,255.51,referral_bonus_payout,2026-05-28T03:50:46,card
pay_646f77340aad44,u_ac47f58ff1,hshanker@paytm,486.1,referral_bonus_payout,2026-03-20T06:00:15,upi
pay_36e604f48f3c45,u_c9431281b6,card_256d3d2510e144,381.94,referral_bonus_payout,2026-06-15T05:19:09,card
pay_56836aaecba04a,u_6f93da0152,masterkalpit@paytm,266.34,referral_bonus_payout,2026-03-10T20:47:13,upi
pay_f2cc8cca334a46,u_31b4519b82,card_a0ac44e6068c41,409.0,referral_bonus_payout,2026-07-01T12:32:54,card
pay_e0ecda7aaa3646,u_1c6f6ddebb,card_459c69cff8024e,399.82,referral_bonus_payout,2026-05-30T11:04:37,card
pay_83326b78cee84c,u_273aec7872,yash51@okicici,231.7,referral_bonus_payout,2026-03-30T12:57:33,upi
pay_10c60e67755946,u_b42af5f5be,dayamaivaidya@paytm,92.66,referral_bonus_payout,2026-03-17T19:06:32,upi
pay_d54484d0768c4f,u_d3e23d537e,balveer65@ybl,220.35,referral_bonus_payout,2026-03-13T22:42:49,upi
pay_a8dea3c036ee42,u_18f43bc3df,card_e13dfef7225b47,311.9,referral_bonus_payout,2026-05-21T05:17:14,card
pay_5137668804f64e,u_fb4f6e7a78,manderlajita@okicici,438.22,referral_bonus_payout,2026-07-26T18:04:00,upi
pay_b32376cf2d0249,u_86b3801db1,card_2b83f951d0e843,398.71,referral_bonus_payout,2026-05-03T07:32:48,card
pay_cba1134ea8dc46,u_49ffdb8d98,abatra@okhdfcbank,451.52,referral_bonus_payout,2026-04-26T21:31:26,upi
pay_020a71cd83ee40,u_1404b50576,card_b474ec348a884c,358.69,referral_bonus_payout,2026-03-23T18:45:57,card
pay_d119cc88dbbb4e,u_8ba8503bf2,mpanchal@okicici,307.41,referral_bonus_payout,2026-05-05T08:09:48,upi
pay_35e2bc95dbd24e,u_174c1f3f27,hiralray@ybl,191.03,referral_bonus_payout,2026-03-30T02:28:08,upi
pay_ffac85a553e744,u_902f7b95f8,card_1475606a7cc34b,458.34,referral_bonus_payout,2026-06-10T16:40:29,card
pay_f4c0df93d12840,u_88dcf2166a,nagarajaneshana@ybl,103.15,referral_bonus_payout,2026-04-26T17:52:14,upi
pay_8130414c0bff47,u_3e88bf5591,card_31c7b4402cc640,302.69,referral_bonus_payout,2026-07-06T07:00:28,card
pay_ce3eac1d57e546,u_88a554ced6,card_4908e439b0954e,106.88,referral_bonus_payout,2026-03-05T23:54:50,card
pay_e5664827c94e4d,u_c087ea77a8,card_1308a6beb2e343,280.17,referral_bonus_payout,2026-06-01T15:34:58,card
pay_feaf9b58033545,u_e62baad340,tanveerpillay@ybl,233.14,referral_bonus_payout,2026-05-07T17:35:49,upi
pay_27f8186b965c4b,u_5929944e26,card_f0280bb34a8546,272.64,referral_bonus_payout,2026-05-20T01:45:46,card
pay_a42cae98c27540,u_cd8c566c8a,card_8ec2977976e347,449.92,referral_bonus_payout,2026-06-14T08:12:38,card
pay_f0c1a69f16004e,u_369cfc63de,card_f0025b4f51b249,98.22,referral_bonus_payout,2026-05-10T08:21:26,card
pay_72c9dab6c56e49,u_8a72bf5345,radhadora@ybl,369.14,referral_bonus_payout,2026-06-25T01:30:51,upi
pay_7fadf6c0ba9d44,u_8a0d3c5cfa,card_deee0a1a6ab64c,444.78,referral_bonus_payout,2026-06-03T05:06:49,card
pay_6a3a5e27972349,u_3ef08e65d7,card_6139e7939e7f41,454.07,referral_bonus_payout,2026-04-15T23:22:31,card
pay_59beb306ceda46,u_1f071982f7,pmorar@okicici,109.9,referral_bonus_payout,2026-05-15T16:47:08,upi
pay_8ee1936deed143,u_c9318222f2,card_84fd533850a540,454.18,referral_bonus_payout,2026-06-10T03:47:20,card
pay_de2f83a820df4f,u_fdb01f308e,kritikamore@okhdfcbank,411.33,referral_bonus_payout,2026-03-17T13:20:54,upi
pay_f6cabe6930d34b,u_3701d937bb,card_e2f3a1faaebc46,286.38,referral_bonus_payout,2026-07-09T05:16:01,card
pay_6555e461ae9440,u_b913ff8017,mangalgaurang@paytm,450.13,referral_bonus_payout,2026-04-05T03:41:47,upi
pay_e3b78b5d878a48,u_877f218aec,vasudhasawhney@okhdfcbank,160.17,referral_bonus_payout,2026-04-04T03:51:08,upi
pay_c8121a9c134a44,u_0a9dd13182,card_1db9928f5b5b43,66.49,referral_bonus_payout,2026-05-21T10:02:09,card
pay_ba725903139747,u_92d136409f,card_35d276dff2b340,407.31,referral_bonus_payout,2026-06-17T10:31:41,card
pay_376b3b9b373b46,u_ae645dd6b2,card_4ae4352e6dc546,484.24,referral_bonus_payout,2026-06-29T09:59:08,card
pay_99ff44504c7948,u_e7c5b921d2,card_9d46e5b6a9f240,468.5,referral_bonus_payout,2026-07-07T22:00:11,card
pay_5cd2bdd16b7447,u_184f86f0b8,card_ffc2b0225aa342,473.13,referral_bonus_payout,2026-06-11T16:27:53,card
pay_21d2faca5fed4e,u_8091880eff,ikuruvilla@ybl,379.76,referral_bonus_payout,2026-03-17T00:52:37,upi
pay_caafd6e3ec0240,u_a43cc453dd,card_2e43f4f29ebb49,262.23,referral_bonus_payout,2026-06-01T16:54:37,card
pay_33c809099c834a,u_d31b7eeb97,card_ef4a100eac0c4c,433.84,referral_bonus_payout,2026-04-14T12:33:39,card
pay_4d51063cf52a49,u_3cd7d27ac3,card_91def58cc5164b,452.12,referral_bonus_payout,2026-05-24T10:55:59,card
pay_b92dedf3bc5f46,u_30aa25ad77,mukherjeefaras@okhdfcbank,480.32,referral_bonus_payout,2026-06-25T22:14:04,upi
pay_b71729dd653c4b,u_85bd173cc8,card_47531a91ff0b46,421.76,referral_bonus_payout,2026-03-06T05:20:53,card
pay_a5ef6610e3c544,u_d25c3f4430,card_41fec5289ffe46,113.94,referral_bonus_payout,2026-07-26T23:13:46,card
pay_87e8c5b2aae74a,u_52dcdec09d,card_2a86ef8eaa344f,234.94,referral_bonus_payout,2026-05-24T23:58:09,card
pay_d99f8cf706f54d,u_93b11cd2bc,zinal42@paytm,158.16,referral_bonus_payout,2026-07-23T23:04:59,upi
pay_2284c33843dc40,u_f7a6e427a0,upmanagy@paytm,281.67,referral_bonus_payout,2026-03-28T23:12:14,upi
pay_c8e0e7a4aa2e49,u_7f5a5c9f7a,card_2c28e8ea84cd47,379.62,referral_bonus_payout,2026-07-06T16:36:36,card
pay_ecd25d4d22174c,u_2b5fe00580,card_cfccf690fef840,485.32,referral_bonus_payout,2026-05-25T03:58:20,card
pay_172c7cde2eb74f,u_24f6751938,naveen75@okhdfcbank,128.14,referral_bonus_payout,2026-04-25T05:24:49,upi
pay_0602c8ba55244b,u_9c077a37ea,omajamanda@okhdfcbank,490.83,referral_bonus_payout,2026-04-30T05:16:03,upi
pay_5c031ec3a88741,u_0a67191834,abandi@okhdfcbank,174.22,referral_bonus_payout,2026-07-01T01:59:55,upi
pay_3fdd7130ecb04d,u_c61da2bc20,card_a53a2f876edb49,214.62,referral_bonus_payout,2026-06-10T20:34:13,card
pay_e5aca3ed436444,u_e645942f6e,card_370800bf1e7942,218.03,referral_bonus_payout,2026-05-12T02:31:12,card
pay_87f8c912188d45,u_abf0fba8eb,krishnasathe@paytm,489.69,referral_bonus_payout,2026-07-02T22:08:41,upi
pay_d507ece7952448,u_0420c99dcb,bparmar@ybl,469.41,referral_bonus_payout,2026-05-24T10:07:10,upi
pay_db5779d790654e,u_b30e134365,card_859c58d5c4a843,375.58,referral_bonus_payout,2026-07-09T03:40:19,card
pay_60972a68c46f45,u_361f1790cb,card_76cffe51667040,285.53,referral_bonus_payout,2026-04-15T05:15:51,card
pay_a2234d0390d54b,u_fef501db9a,kpanchal@paytm,55.01,referral_bonus_payout,2026-03-12T11:41:23,upi
pay_c18e4d0b6ab74f,u_648bbbd08b,card_40915ef6ae5143,158.93,referral_bonus_payout,2026-04-04T17:54:42,card
pay_f4c712adcb2a45,u_b7cf40aa12,bahadurjitwarrior@ybl,238.85,referral_bonus_payout,2026-06-29T20:21:10,upi
pay_d9f1fd1f178c4a,u_81e9a98f7a,nidhisandhu@okicici,82.7,referral_bonus_payout,2026-06-11T18:38:19,upi
pay_97c49c70954640,u_848e5e1eb2,card_23a6ec6e34b34d,276.8,referral_bonus_payout,2026-03-09T10:45:57,card
pay_d349e145a2dd48,u_5e8a626bea,card_70658228446e4c,478.46,referral_bonus_payout,2026-05-28T06:54:07,card
pay_559bf76ae2554a,u_f2c47f42cc,card_6b11ce6b06414c,325.72,referral_bonus_payout,2026-04-22T00:38:44,card
pay_2b1bce5ff0504c,u_2bff958d9d,wgandhi@okhdfcbank,324.19,referral_bonus_payout,2026-07-27T20:15:07,upi
pay_0c3a8fa1056349,u_e7665b4c38,card_290acaaf7ea349,151.3,referral_bonus_payout,2026-03-25T23:52:14,card
pay_7f542e7dfece4d,u_b2011f2976,subramaniamazad@paytm,153.1,referral_bonus_payout,2026-03-23T15:17:05,upi
pay_9440b6942e9340,u_d865648c3a,deoshravya@okhdfcbank,246.11,referral_bonus_payout,2026-04-13T22:06:45,upi
pay_44df4dc32b654a,u_ce9c744f01,bina68@paytm,418.54,referral_bonus_payout,2026-05-21T08:25:37,upi
pay_65e65a42b40d44,u_64d7653806,card_259ad3569c4d4c,396.05,referral_bonus_payout,2026-05-06T08:26:16,card
pay_453eae912cc04e,u_14bbe748ab,parth50@okhdfcbank,155.36,referral_bonus_payout,2026-05-23T02:59:10,upi
pay_a8bc20b70a4a45,u_66775982f5,card_dd6b2e4bb13a40,450.38,referral_bonus_payout,2026-03-08T06:44:26,card
pay_1e016d952ca642,u_58684fc036,reddyraagini@ybl,174.49,referral_bonus_payout,2026-06-26T10:53:53,upi
pay_b310126bb37e4b,u_64410f87e6,card_7e47c07b904a47,56.73,referral_bonus_payout,2026-05-16T03:41:34,card
pay_fa12d2ddb5de49,u_6fa363e359,card_451b22b22f2f49,462.97,referral_bonus_payout,2026-06-28T16:59:00,card
pay_d9e537d9c7324f,u_e9b7ecc461,card_a93935e0f33446,310.38,referral_bonus_payout,2026-04-03T11:01:47,card
pay_f3f99efe111343,u_3bf3ba6783,buchtristan@paytm,320.54,referral_bonus_payout,2026-05-14T19:01:48,upi
pay_c2a6b2d7251341,u_793643239b,qabildin@okicici,348.79,referral_bonus_payout,2026-07-09T04:23:08,upi
pay_b906ed053c5b4a,u_2fdcfc4ab1,subramanianbimala@okicici,237.93,referral_bonus_payout,2026-06-22T18:56:08,upi
pay_e933707b1d6844,u_7cfb797121,card_39e894b4c6294e,380.53,referral_bonus_payout,2026-07-22T13:08:35,card
pay_fc053ee872fd4d,u_8405999fde,card_4fdeb56279e148,355.4,referral_bonus_payout,2026-05-29T03:11:36,card
pay_71e9286693794a,u_d0d007189d,card_8058289c25ee43,241.98,referral_bonus_payout,2026-05-24T06:16:21,card
pay_9e7c02bb62a044,u_485f491366,saraganesh@okhdfcbank,307.25,referral_bonus_payout,2026-03-17T18:10:07,upi
pay_fa2455fef0d547,u_5c712457c5,card_3401e1600ee24f,459.74,referral_bonus_payout,2026-04-04T22:22:13,card
pay_55a833decd114e,u_39d8943a61,idikakeer@ybl,243.23,referral_bonus_payout,2026-07-13T06:46:54,upi
pay_f06e8118fd4740,u_3e5c0b7a97,card_004fa48bd3ae47,256.12,referral_bonus_payout,2026-05-17T17:56:38,card
pay_3adc16883cc94c,u_2dca61dfe5,card_b38a353dea7243,351.75,referral_bonus_payout,2026-04-02T01:49:11,card
pay_14695389c89442,u_c12bb633b6,card_fcc5d503b10646,306.04,referral_bonus_payout,2026-06-08T09:34:34,card
pay_c5c68eb9ec7143,u_a39593420d,gchacko@okicici,176.01,referral_bonus_payout,2026-06-18T08:25:45,upi
pay_07b03100432540,u_12367d0278,card_96e33e68c94249,464.31,referral_bonus_payout,2026-05-02T10:12:08,card
pay_c90836bee6ce40,u_4d4f694448,utkarshmodi@paytm,233.98,referral_bonus_payout,2026-04-17T16:39:29,upi
pay_b665c16fd89549,u_7260dc0030,ebarad@paytm,492.33,referral_bonus_payout,2026-06-20T15:59:45,upi
pay_e207a91accce4a,u_bf714c8c3e,card_35f42277e0d441,130.48,referral_bonus_payout,2026-04-08T21:05:22,card
pay_823a1128422b4f,u_effa0cf942,card_8380eb9bbc894f,388.79,referral_bonus_payout,2026-06-12T09:33:58,card
pay_c6e6ca42e5b049,u_9cc436dc03,card_e19f9af1df884e,420.4,referral_bonus_payout,2026-06-08T18:47:52,card
pay_053b35bebe0149,u_bb1ccf9e6a,card_16273e45c4394c,356.69,referral_bonus_payout,2026-04-12T01:30:21,card
pay_f60834317e3241,u_27d93eaeb7,rgera@okicici,418.54,referral_bonus_payout,2026-07-09T13:18:02,upi
pay_fa58728aee7846,u_d89061ebd7,card_b2c4a74148c945,86.79,referral_bonus_payout,2026-03-18T05:20:43,card
pay_55c9d9fc9a4f46,u_d8530a355a,sudikshasanghvi@okicici,475.0,referral_bonus_payout,2026-06-10T04:12:43,upi
pay_c52c664f35fb42,u_349bd5ac3a,indira58@okicici,308.53,referral_bonus_payout,2026-04-13T03:01:29,upi
pay_d657dfaadb2a4a,u_3a21c289f7,cpalla@ybl,53.09,referral_bonus_payout,2026-05-19T16:29:15,upi
pay_49020d76f55c42,u_b530362e5b,gayathrimaster@ybl,323.86,referral_bonus_payout,2026-04-15T17:32:49,upi
pay_185146fcaed841,u_969fe12072,mbahl@okhdfcbank,391.14,referral_bonus_payout,2026-05-20T15:08:39,upi
pay_b0766ae453974f,u_0cab3d987e,hbassi@okicici,278.8,referral_bonus_payout,2026-05-21T21:11:52,upi
pay_725115e9bd0245,u_ffc5da8b50,ushanker@okhdfcbank,137.98,referral_bonus_payout,2026-06-01T15:50:11,upi
pay_b2f1e10b4b9746,u_de31fa92f0,card_c4e116d367a849,142.0,referral_bonus_payout,2026-05-30T02:45:47,card
pay_8bbfdcb176494f,u_f0d4eea8ad,pillayishwar@ybl,394.22,referral_bonus_payout,2026-03-19T05:34:08,upi
pay_4d19a394de9d49,u_585f6afee1,ochoudhry@paytm,165.19,referral_bonus_payout,2026-05-21T21:07:02,upi
pay_31b23b374e4e43,u_f71556225a,zarna94@okicici,403.87,referral_bonus_payout,2026-06-10T21:49:47,upi
pay_5a57d39b292845,u_88190aacdb,card_3326307e8c0348,254.0,referral_bonus_payout,2026-06-30T21:13:37,card
pay_309b67c1a26d4d,u_feb41813da,card_725a387561d141,310.19,referral_bonus_payout,2026-03-03T15:02:04,card
pay_60fe7d5acd054b,u_dd93eb6862,card_cc94f9097ee448,410.57,referral_bonus_payout,2026-06-24T07:40:26,card
pay_4f1cc7ba783643,u_28c687c8e1,card_0b79163103a341,372.35,referral_bonus_payout,2026-03-07T16:49:53,card
pay_b25ffb1a773b49,u_04ba1bb320,card_7e74d9a658b245,53.52,referral_bonus_payout,2026-05-13T10:40:48,card
pay_25b36cc0bee045,u_cd72bc12e2,card_a7cae10f4f574d,452.09,referral_bonus_payout,2026-04-16T09:56:39,card
pay_f79aaced851444,u_beaa6838db,jagvi23@okhdfcbank,182.18,referral_bonus_payout,2026-07-21T18:01:18,upi
pay_f58f402a975844,u_e8c2208516,card_c8a902a129ca43,492.3,referral_bonus_payout,2026-06-23T13:49:51,card
pay_1f5465d78a0647,u_6949a0c8c5,card_9c0f8df8dbc843,448.49,referral_bonus_payout,2026-06-19T06:18:57,card
pay_22496c1bf6dd45,u_4a27ecd8b1,card_d5749849259642,262.77,referral_bonus_payout,2026-05-19T02:47:40,card
pay_9708aebda1da48,u_7602b07d06,card_9c438715c70e41,475.22,referral_bonus_payout,2026-04-30T05:34:32,card
pay_5828c59637b641,u_d44bb717a5,card_ce2597b79dfa4c,267.44,referral_bonus_payout,2026-04-07T00:46:12,card
pay_33e3bee9b82742,u_5e4cfb0357,janaki09@okicici,418.97,referral_bonus_payout,2026-07-22T13:42:03,upi
pay_e3d64e58d1c148,u_0a9da3dc92,upmahegde@paytm,329.12,referral_bonus_payout,2026-04-17T15:33:42,upi
pay_d6fb9c98f26742,u_e4e8003751,card_950d31e25e1843,359.4,referral_bonus_payout,2026-04-29T01:26:50,card
pay_0a49ba17c38d4c,u_77c952895c,card_bf1b71075f5647,140.91,referral_bonus_payout,2026-07-05T03:52:19,card
pay_b9c47e2acb214b,u_cd27426e60,krishanita@okhdfcbank,89.07,referral_bonus_payout,2026-04-18T19:13:36,upi
pay_e7996a1e3d094b,u_7e3ee07437,card_223df880fd994e,474.05,referral_bonus_payout,2026-06-02T23:34:56,card
pay_b774fc93990f4e,u_39d95f9bbb,card_d15b931e822d4e,296.15,referral_bonus_payout,2026-03-03T03:57:36,card
pay_e91281f95f9548,u_6a9550ebe5,card_187bc353237546,85.17,referral_bonus_payout,2026-05-21T23:24:57,card
pay_ea85e504cff949,u_6c1e1b8e33,card_15c9eb27e37b44,275.44,referral_bonus_payout,2026-06-15T20:45:53,card
pay_af65001854824c,u_6b8ac5ea1a,card_f27e5cebf92946,298.74,referral_bonus_payout,2026-05-10T09:34:45,card
pay_b848df42bf3045,u_75b509699c,pranavwable@ybl,495.91,referral_bonus_payout,2026-04-20T08:07:53,upi
pay_39ce68944e624e,u_8125146957,lsarna@paytm,229.85,referral_bonus_payout,2026-04-05T07:41:01,upi
pay_1c655700235c4c,u_6a05bd6227,tanveertailor@okhdfcbank,343.7,referral_bonus_payout,2026-04-05T08:43:26,upi
pay_eddcfcb641074d,u_015748c874,card_57a8bf8f0d0348,58.36,referral_bonus_payout,2026-03-12T13:01:57,card
pay_92be73cbbfd049,u_e365dbc643,vivaan00@paytm,157.55,referral_bonus_payout,2026-07-14T03:07:40,upi
pay_d12fdbe0893d48,u_1e9ca9eeb6,card_14aba1a6eab545,119.02,referral_bonus_payout,2026-06-11T23:03:33,card
pay_5e11301635ee42,u_0fb917c203,waliaturvi@okhdfcbank,160.69,referral_bonus_payout,2026-03-27T22:42:59,upi
pay_93cb95dedfb847,u_3f0260a074,kradhakrishnan@paytm,156.59,referral_bonus_payout,2026-06-17T23:49:39,upi
pay_17e64047b75940,u_109185fb69,chandreshpalla@paytm,148.47,referral_bonus_payout,2026-07-08T03:41:08,upi
pay_9d63a5654c5343,u_c7ccbb5f1f,xnadig@okicici,216.8,referral_bonus_payout,2026-07-12T23:51:44,upi
pay_b5106d1a498e4b,u_d40e5801de,card_56ac2881bafb49,193.22,referral_bonus_payout,2026-03-01T08:34:37,card
pay_8e4cd3a6d64d48,u_d3be5b2c24,card_620f8739acd044,81.9,referral_bonus_payout,2026-04-05T04:35:23,card
pay_909632593ec042,u_9a97269048,ekanta87@ybl,365.51,referral_bonus_payout,2026-06-15T17:44:10,upi
pay_88472a3f6c2840,u_44062c4e9b,card_b7ef224184044d,470.24,referral_bonus_payout,2026-06-16T05:27:19,card
pay_36034cbae38843,u_7541c3c737,card_ce5ea7be6d8f4c,79.21,referral_bonus_payout,2026-07-21T09:40:35,card
pay_eb9e75c6104f43,u_bb9f2c171a,upadhritikumer@okicici,370.86,referral_bonus_payout,2026-04-28T12:10:24,upi
pay_913206b33c494f,u_6ea2ec3619,yganesh@paytm,125.92,referral_bonus_payout,2026-05-06T10:28:28,upi
pay_0bafd1a8b7d946,u_6a23f57e41,card_c84d1468cba34c,408.57,referral_bonus_payout,2026-06-09T06:12:22,card
pay_9de3139efb5044,u_17b90615c7,jacksonamble@paytm,140.7,referral_bonus_payout,2026-06-02T19:06:48,upi
pay_75fcf43d5df348,u_01e75a4f6e,jhalak58@ybl,331.25,referral_bonus_payout,2026-03-16T02:05:12,upi
pay_0df5693219184d,u_ff2c703901,card_9d403452385e4a,127.85,referral_bonus_payout,2026-04-17T11:44:24,card
pay_904ea26f78ca46,u_dfa5101709,yauvaniparsa@paytm,320.4,referral_bonus_payout,2026-05-26T07:16:14,upi
pay_681aec637a5041,u_091f14856f,rgour@okhdfcbank,497.01,referral_bonus_payout,2026-03-22T04:50:44,upi
pay_bf2dc7fa5d194f,u_6874e1f3ba,matthew72@ybl,265.49,referral_bonus_payout,2026-05-08T23:31:42,upi
pay_9e751836461944,u_219891b621,borasanya@paytm,450.08,referral_bonus_payout,2026-05-12T17:43:38,upi
pay_8ce1cf2e5f8141,u_3d4f25a0c7,card_c28ee38badea43,224.01,referral_bonus_payout,2026-06-10T19:48:37,card
pay_1cb5ae7081794e,u_3ed5adea32,card_7613a0fd79e34f,162.91,referral_bonus_payout,2026-04-10T03:33:40,card
pay_c9db494bc47944,u_c621948400,anmolbava@paytm,269.57,referral_bonus_payout,2026-07-26T04:56:50,upi
pay_e56a7670aec947,u_121a033986,tbhardwaj@okhdfcbank,475.35,referral_bonus_payout,2026-07-15T23:22:12,upi
pay_fc916f684a0a4d,u_d39c393615,maharajodika@ybl,115.41,referral_bonus_payout,2026-07-12T11:20:36,upi
pay_c5530d7e18ce49,u_f6c91e8523,kapurkai@ybl,170.76,referral_bonus_payout,2026-05-18T17:19:49,upi
pay_036fd4fb5e9649,u_43abbdd9c5,card_73b44a2736b442,311.82,referral_bonus_payout,2026-04-01T09:52:13,card
pay_66d68fa770354d,u_e341029444,card_8dcdfcd88d4642,289.61,referral_bonus_payout,2026-05-01T10:46:07,card
pay_b784cda12bd94c,u_7e08c7b4cd,garima57@okhdfcbank,348.94,referral_bonus_payout,2026-06-27T23:16:36,upi
pay_7fa3d4ac830b48,u_a7bc16559b,card_3ab2524541854c,222.34,referral_bonus_payout,2026-04-13T20:13:58,card
pay_45d6f775e5c94b,u_a638431085,card_b3410a6acb2c43,364.54,referral_bonus_payout,2026-07-07T03:07:55,card
pay_7480a9dacef749,u_ab167cbfd2,card_8a7f5ff9676a46,413.35,referral_bonus_payout,2026-04-13T06:20:05,card
pay_3580b1dabb7242,u_a1c63d4a2f,card_28c56e1cd96e44,143.65,referral_bonus_payout,2026-06-27T12:17:59,card
pay_a2cebeda8c2646,u_ead9a61c69,card_05a26f28b1a146,230.83,referral_bonus_payout,2026-07-07T16:26:21,card
pay_c5ef0ab80f5540,u_c1fdc5b467,card_58e14a7cb50a47,461.1,referral_bonus_payout,2026-06-14T14:54:33,card
pay_694c463eb27842,u_0cdc26dab0,card_13275410357c44,411.1,referral_bonus_payout,2026-03-02T03:14:10,card
pay_7ed1de4dd88143,u_e4bcf62290,card_e139d90289004f,69.3,referral_bonus_payout,2026-07-25T12:16:25,card
pay_22a601b22e534a,u_801d22723a,card_7913f4193fcd4f,297.7,referral_bonus_payout,2026-07-10T21:10:55,card
pay_89ffd5616aae45,u_e15a97c0e0,card_c54fd48f3cac45,120.55,referral_bonus_payout,2026-03-03T22:54:21,card
pay_af99361cb90e4b,u_91d0a018c8,tristanpillai@okhdfcbank,54.53,referral_bonus_payout,2026-07-17T03:13:15,upi
pay_eb2c02f2580941,u_3a7926adf6,card_d0ffaf315f3441,446.07,referral_bonus_payout,2026-07-16T20:01:50,card
pay_2ef49398b97a48,u_b19a108ade,card_45dfec6a97d540,143.19,referral_bonus_payout,2026-03-15T21:48:45,card
pay_4d5e18e5f17d4f,u_95f3783d62,balveer18@paytm,118.1,referral_bonus_payout,2026-04-23T09:15:20,upi
pay_b1f0dd72080941,u_0c9571ef8e,card_9911ffa72c8a4a,189.31,referral_bonus_payout,2026-06-02T19:19:33,card
pay_8e2cc8b469874f,u_1d06795585,patrickmajumdar@okhdfcbank,467.26,referral_bonus_payout,2026-03-15T12:51:03,upi
pay_55ce8fc874cc44,u_add65e0792,pdora@paytm,372.55,referral_bonus_payout,2026-06-17T07:43:36,upi
pay_16228c62c34b40,u_333e583fd8,card_da344ff05f9f49,251.99,referral_bonus_payout,2026-06-10T04:56:13,card
pay_a7f44b33d8e74a,u_583ef8405b,card_ee46a49d98ca41,452.75,referral_bonus_payout,2026-05-19T10:09:54,card
pay_090993253ba94c,u_e4ddd10fb7,niteshsarin@okicici,148.66,referral_bonus_payout,2026-06-09T03:15:44,upi
pay_bb38fb49adca45,u_7a4641fcf7,card_81045b0d1c884c,59.08,referral_bonus_payout,2026-07-21T18:31:18,card
pay_6f1fc15a258c45,u_1d6f9ae44e,card_58ddf9ccf4f94f,369.17,referral_bonus_payout,2026-04-13T13:47:34,card
pay_47719a3eee924e,u_8aeb3f36da,kala72@paytm,102.85,referral_bonus_payout,2026-03-07T18:44:24,upi
pay_b9a5eb0f03d040,u_bb8f81b0a7,geetika50@okicici,155.35,referral_bonus_payout,2026-03-23T16:32:44,upi
pay_be0fa11935ac4b,u_db604ba0a4,card_dc26b1a5656544,370.04,referral_bonus_payout,2026-07-02T06:49:14,card
pay_759f6affe6544a,u_bc593c50f6,card_b6dcf9a7b60545,254.16,referral_bonus_payout,2026-04-16T09:19:50,card
pay_2efa01e302b34e,u_53316ebee4,card_dfc1a931311340,321.19,referral_bonus_payout,2026-07-07T15:09:35,card
pay_174b8c1c2bd94b,u_f82dce0435,pbhatti@okhdfcbank,479.77,referral_bonus_payout,2026-07-01T02:38:52,upi
pay_b505f31a634647,u_3d99de4231,card_379234edc50a42,404.49,referral_bonus_payout,2026-03-14T18:47:39,card
pay_de13b80f136547,u_efc9dcd889,card_e1b7f82d771344,114.16,referral_bonus_payout,2026-04-02T11:41:08,card
pay_b30dc77e9e9742,u_85b2ce3a04,nandinibutala@paytm,110.71,referral_bonus_payout,2026-04-29T20:47:21,upi
pay_15ab19b70cf842,u_9c90744744,ghoshyochana@okhdfcbank,290.74,referral_bonus_payout,2026-03-16T12:55:50,upi
pay_760c208ed0794b,u_1d016ef096,card_02a6a11bff664e,452.2,referral_bonus_payout,2026-04-10T03:30:04,card
pay_71b84e25d0a34c,u_9477997e80,wsundaram@okicici,210.5,referral_bonus_payout,2026-04-27T00:01:54,upi
pay_7eacd96b615640,u_26eb6e15ee,jayaramanekansh@okicici,380.35,referral_bonus_payout,2026-04-07T03:33:51,upi
pay_4e2a335dc7784a,u_7ba36727bb,card_f99e26d6fa1f4e,112.06,referral_bonus_payout,2026-07-02T17:25:21,card
pay_06f71c7fc3ad4a,u_8443f9718d,chaayamann@okicici,380.98,referral_bonus_payout,2026-03-20T14:05:18,upi
pay_7191888ca13b40,u_1d03e1ec5c,card_637d61cba9bd4a,417.39,referral_bonus_payout,2026-06-24T12:45:16,card
pay_25a771de0e034f,u_70fdd9c1a8,ashanker@okhdfcbank,258.23,referral_bonus_payout,2026-06-22T21:40:23,upi
pay_2525e121323743,u_ac0472b1ad,mgulati@paytm,174.79,referral_bonus_payout,2026-03-02T09:53:15,upi
pay_c6595fa971254c,u_7bdbb4597d,aahana76@ybl,98.51,referral_bonus_payout,2026-04-06T12:22:03,upi
pay_c267e21388ff41,u_6e749b3ad4,card_1f5ce0a21b474f,411.58,referral_bonus_payout,2026-06-18T22:03:31,card
pay_1ca98ec2d90d48,u_8373b5b807,card_9e286c6ae8f541,89.95,referral_bonus_payout,2026-07-20T00:52:51,card
pay_94cd8b4007f944,u_960e389b0a,jmander@okicici,278.02,referral_bonus_payout,2026-07-24T01:25:26,upi
pay_8f529711ef6b40,u_8a925609d1,card_b90cbc1be7e14d,145.93,referral_bonus_payout,2026-03-30T00:00:46,card
pay_621d37f3ab2747,u_b8c8331151,card_b026c51b2d4342,342.92,referral_bonus_payout,2026-07-10T16:20:00,card
pay_c7b2416b78cc47,u_c48ea596a5,card_7c7f10d327ae41,483.94,referral_bonus_payout,2026-06-30T19:07:12,card
pay_1f437e1e991442,u_90b7c5b7af,card_27a93730e88c4f,252.93,referral_bonus_payout,2026-06-05T02:55:22,card
pay_d115543e3c4e4a,u_741a370c75,peter78@okicici,263.3,referral_bonus_payout,2026-06-14T03:35:34,upi
pay_f3b991861c7b41,u_401314a806,urishilla75@okicici,124.69,referral_bonus_payout,2026-06-10T22:30:52,upi
pay_a7c9c813688542,u_6dfeb6d322,card_0da7ba0c159d41,155.77,referral_bonus_payout,2026-07-01T20:24:56,card
pay_5d03fb05037b4b,u_abc0235ff3,card_dc124c069f5945,58.1,referral_bonus_payout,2026-05-20T15:37:19,card
pay_16854c51084646,u_0d98e26538,unni12@okicici,225.39,referral_bonus_payout,2026-05-23T11:52:41,upi
pay_89ebf859f37b46,u_b09091c05d,card_31c646f4b50e41,458.13,referral_bonus_payout,2026-07-19T09:24:01,card
pay_d1f09c7aec8040,u_4f953b021f,card_479b59d6233f4d,401.34,referral_bonus_payout,2026-05-22T17:20:13,card
pay_5c733f394d9b49,u_986d6d89be,card_b444170b3be54a,397.9,referral_bonus_payout,2026-07-03T21:35:35,card
pay_9da803435f4547,u_1a5e1a70fe,yuvraj92@ybl,458.52,referral_bonus_payout,2026-07-12T21:36:17,upi
pay_ee072db6c4824a,u_96dc416603,card_fff96c541f0f48,216.4,referral_bonus_payout,2026-07-24T01:48:16,card
pay_57b6bdfadc614c,u_b70abc0f49,card_1ada9a265b3b43,107.81,referral_bonus_payout,2026-07-20T10:15:11,card
pay_efe71996cf7e4e,u_afa4f89015,ibanik@okhdfcbank,277.73,referral_bonus_payout,2026-06-25T17:34:17,upi
pay_cbfe3877736344,u_05e0dbd196,card_f5bc1b62e5fe44,439.9,referral_bonus_payout,2026-06-03T22:06:14,card
pay_46898ab392a444,u_daae5bce9e,card_964fb49e88434e,117.04,referral_bonus_payout,2026-05-09T21:12:21,card
pay_688b87339a1645,u_2de3b46519,zaid79@ybl,488.39,referral_bonus_payout,2026-06-05T17:19:19,upi
pay_561d808a124448,u_cb84e1834a,aadhyaperi@paytm,63.15,referral_bonus_payout,2026-07-01T21:59:55,upi
pay_b8b84a2c732648,u_41f922dcb0,card_14ead4f8349c45,331.3,referral_bonus_payout,2026-04-06T23:04:26,card
pay_4af47f514c8349,u_b7ba2c9e21,ranganathandarpan@okhdfcbank,331.03,referral_bonus_payout,2026-07-26T02:42:54,upi
pay_9da210868f2a45,u_b2eb9a124a,prishaamble@okicici,182.82,referral_bonus_payout,2026-06-16T18:05:46,upi
pay_483e90964b0f4a,u_7a5e38df6d,card_66d90883f30146,289.47,referral_bonus_payout,2026-05-27T14:28:30,card
pay_c5794ca0edfd4a,u_3c41611914,card_1c41a54d030542,257.64,referral_bonus_payout,2026-04-05T02:17:10,card
pay_80d20a49f9e34e,u_fa052591b0,card_fa1f3122f6e649,448.04,referral_bonus_payout,2026-04-10T08:12:29,card
pay_8cc9bdaaada542,u_c47c8eacba,card_1b27bbd3707448,183.38,referral_bonus_payout,2026-07-12T11:27:53,card
pay_24d1a36d714447,u_412c21c821,pkaran@okhdfcbank,321.92,referral_bonus_payout,2026-05-12T17:31:03,upi
pay_17482145ed7147,u_e50e4579db,card_6d1dc9caf33f48,275.35,referral_bonus_payout,2026-03-24T18:10:13,card
pay_85b9e5a376a641,u_c6479c7a37,ubika63@okhdfcbank,487.59,referral_bonus_payout,2026-03-21T14:40:05,upi
pay_da1efc9530fe4b,u_935ab59413,card_098a6494f58b4f,431.6,referral_bonus_payout,2026-07-26T23:06:27,card
pay_1183051090f448,u_c5bb3a4e6d,card_64858f546b654d,163.53,referral_bonus_payout,2026-04-01T13:26:22,card
pay_22e2a1ea10e04a,u_5f7d96bef6,haritachakrabarti@okicici,179.91,referral_bonus_payout,2026-07-25T06:00:54,upi
pay_134a055d80c744,u_7ad5a877a0,card_0211431cc35145,485.15,referral_bonus_payout,2026-03-13T11:52:45,card
pay_2875a693e1e641,u_98fb70b7bf,zvig@okicici,368.91,referral_bonus_payout,2026-07-04T22:37:17,upi
pay_f2e5ddb5c16d42,u_5cd0cb3a55,card_e13e4dd2686046,458.42,referral_bonus_payout,2026-07-18T18:23:09,card
pay_18aee99a304a48,u_4a5c5f421f,klad@okicici,394.6,referral_bonus_payout,2026-07-23T11:45:38,upi
pay_8a663181bb0a4f,u_524f008f26,card_15985ac8be9843,476.37,referral_bonus_payout,2026-07-23T17:02:40,card
pay_b9c6417399cb46,u_9b878d2c3c,ktripathi@ybl,192.65,referral_bonus_payout,2026-06-18T05:02:46,upi
pay_997c4e31fb2b4c,u_cf28475007,gsani@paytm,241.15,referral_bonus_payout,2026-07-09T01:26:17,upi
pay_6715e50630004b,u_2b105eb471,zsuresh@okhdfcbank,354.81,referral_bonus_payout,2026-03-10T19:36:46,upi
pay_9dcc64ec29cb4d,u_76b38dee29,card_6b61ec602e574c,490.74,referral_bonus_payout,2026-04-16T04:34:16,card
pay_d9dc6c74a3b44d,u_51a484ccf7,card_a5e1fd00ebd045,422.99,referral_bonus_payout,2026-03-15T11:49:49,card
pay_0e168b09823a42,u_12b9859998,thomasdeol@okhdfcbank,188.66,referral_bonus_payout,2026-05-04T13:25:11,upi
pay_85e831a163024c,u_7d691a07f1,card_ff61f55a7ce845,179.46,referral_bonus_payout,2026-06-19T05:07:38,card
pay_625b320a760b44,u_794ff16f11,varkeyupkaar@okhdfcbank,265.21,referral_bonus_payout,2026-03-17T12:13:33,upi
pay_f43851f506e741,u_b2082808d9,bhavinikaran@okhdfcbank,282.1,referral_bonus_payout,2026-06-26T23:19:33,upi
pay_aaad99e66d2e47,u_13cb20a3ce,nilima49@okicici,264.98,referral_bonus_payout,2026-07-27T09:46:34,upi
pay_620a578c5e2541,u_20dc5bc8f6,achawla@ybl,313.36,referral_bonus_payout,2026-05-22T16:14:24,upi
pay_785b0cafbefa4f,u_22de88db8d,card_50ed002e9feb4b,405.4,referral_bonus_payout,2026-04-17T03:46:18,card
pay_7edd6979d2734d,u_82bc6f5956,card_769ab8bbf9bc42,416.7,referral_bonus_payout,2026-04-23T14:36:47,card
pay_ca16b8bde04146,u_933ad82976,vivaan31@ybl,353.14,referral_bonus_payout,2026-03-14T08:51:04,upi
pay_0d6d72ccf24446,u_7aa48b7c4e,jsachdev@okhdfcbank,331.2,referral_bonus_payout,2026-05-19T04:01:54,upi
pay_18d0f5728e634e,u_904467cf36,qpathak@okicici,192.73,referral_bonus_payout,2026-07-09T22:59:49,upi
pay_a96477506d5644,u_9bd516e9da,swaminathanharsh@paytm,131.86,referral_bonus_payout,2026-04-11T11:16:03,upi
pay_481787bf985040,u_f24313ce39,card_4d93798dd88842,403.25,referral_bonus_payout,2026-03-17T06:52:08,card
pay_f3461dbd449f47,u_5f596194ab,card_114d302d238649,81.39,referral_bonus_payout,2026-04-08T11:29:17,card
pay_b79b5330f0ea46,u_ecc7e13b4f,fitanedwin@paytm,92.16,referral_bonus_payout,2026-05-25T05:38:08,upi
pay_f0e10daa696d4f,u_b2acaee4f4,card_5e148f1ee18349,85.58,referral_bonus_payout,2026-04-07T17:17:31,card
pay_3e5e3964923a4e,u_83ed1f4584,card_eaf3e8a4301b41,305.41,referral_bonus_payout,2026-03-28T01:30:26,card
pay_e7a68275337348,u_f8e1678081,rajagopalankalpit@ybl,470.86,referral_bonus_payout,2026-05-04T12:02:57,upi
pay_644a6c5ff86546,u_b05d5fbbaf,card_57d3b016f1b741,343.0,referral_bonus_payout,2026-07-21T10:25:30,card
pay_6a3a0ca30b3f4c,u_63937ae514,harinidada@paytm,375.88,referral_bonus_payout,2026-03-04T08:01:57,upi
pay_78cb8e838c9e42,u_e44f6062b9,card_bbecc6c3b5dd45,303.76,referral_bonus_payout,2026-04-08T12:28:54,card
pay_7f94830b949044,u_27df6aff36,card_a6a7cf04645e4e,252.71,referral_bonus_payout,2026-05-03T01:41:10,card
pay_c4ac3bc85edb42,u_8de731d05b,advikbhargava@okicici,94.93,referral_bonus_payout,2026-07-19T12:40:03,upi
pay_52ad8d09ffa643,u_4873a80814,card_a66451dc7f2e46,159.4,referral_bonus_payout,2026-07-26T14:39:06,card
pay_2714e1312bd742,u_fffab74a74,ekaraj64@ybl,127.92,referral_bonus_payout,2026-04-08T09:21:47,upi
pay_a79708b9c1aa4e,u_b0b098a215,card_9e3eb802c89c4f,402.87,referral_bonus_payout,2026-05-24T09:27:37,card
pay_30b3db9dd36842,u_6d03f5a997,bahadurjit31@paytm,207.6,referral_bonus_payout,2026-03-20T13:38:11,upi
pay_b95d4f0de39143,u_aa6ba9302b,card_704f9e35536f43,125.57,referral_bonus_payout,2026-03-31T17:13:11,card
pay_5af18ee383e047,u_e28525a265,yagneshsehgal@paytm,84.09,referral_bonus_payout,2026-06-24T12:03:30,upi
pay_0a8a6407bc6444,u_877b2566b4,edwinsathvik@ybl,275.55,referral_bonus_payout,2026-06-17T06:27:05,upi
pay_078570ac8a844f,u_54babee6c8,card_cad55cd2c3f748,379.67,referral_bonus_payout,2026-05-30T14:18:35,card
pay_f3fa89b6fd2a40,u_3bf69e1d8c,card_dab1af893e2049,179.59,referral_bonus_payout,2026-06-01T14:19:22,card
pay_1fcd0ebd4f084a,u_060a5c742f,card_e4c2fddbc49949,222.31,referral_bonus_payout,2026-03-17T15:24:35,card
pay_53090695e93d4e,u_83fd5c4c12,card_d3b5c757a19848,493.5,referral_bonus_payout,2026-06-30T10:11:16,card
pay_7c2977258cc34d,u_76fcfd6b8f,ichar@okicici,478.3,referral_bonus_payout,2026-03-28T09:19:57,upi
pay_857f3cf4d33941,u_6c807933cd,tamble@paytm,75.86,referral_bonus_payout,2026-04-20T08:39:01,upi
pay_ac18706b0dc644,u_64976e7a47,lila77@okhdfcbank,397.91,referral_bonus_payout,2026-06-29T01:53:56,upi
pay_e176a7dfec134d,u_597f08d7b5,card_fb08936b710d4b,327.67,referral_bonus_payout,2026-04-28T08:19:02,card
pay_24d2efe4db584a,u_a745fe0aed,zayyan06@paytm,146.22,referral_bonus_payout,2026-05-20T18:46:03,upi
pay_30e40ed334a54e,u_c71ec06ea8,card_d02048c25f154a,184.58,referral_bonus_payout,2026-03-01T21:12:23,card
pay_02d599483b5c45,u_16cb8677cc,card_5ff876d50f5e44,352.25,referral_bonus_payout,2026-05-15T14:11:10,card
pay_a35360c53e1c43,u_7880af3951,card_a58f59cf77fc4c,376.78,referral_bonus_payout,2026-05-06T17:40:41,card
pay_932d5d63a02f4e,u_d22250a714,card_a522e69ee0ad41,187.33,referral_bonus_payout,2026-03-06T01:43:44,card
pay_b8661361ba3843,u_52f84f1559,solankinachiket@okicici,159.46,referral_bonus_payout,2026-03-02T23:29:40,upi
pay_28693cc601b047,u_b7624f72af,wnanda@ybl,111.63,referral_bonus_payout,2026-03-16T13:32:08,upi
pay_8ff343ad673547,u_af497957f3,card_2fff843e8bbe4a,116.51,referral_bonus_payout,2026-05-18T04:24:17,card
pay_f788c7ce07bc4f,u_e76ba79f0d,card_8eeb6d3e9ad84f,177.01,referral_bonus_payout,2026-03-29T17:11:54,card
pay_58a0845de95c46,u_2eef498698,card_f834000fac754f,312.66,referral_bonus_payout,2026-05-08T13:39:10,card
pay_eabf534b874f42,u_ccb806d8a4,finntiwari@ybl,437.05,referral_bonus_payout,2026-05-17T03:58:00,upi
pay_f026bc8c441b41,u_f6d4f4f26f,joshixalak@okicici,152.72,referral_bonus_payout,2026-05-08T02:08:14,upi
pay_f2815823bba04f,u_62ca3765d6,card_a6b60c8585d348,231.99,referral_bonus_payout,2026-03-22T20:40:52,card
pay_d3f281b876c540,u_01ec4365ce,dpall@ybl,216.98,referral_bonus_payout,2026-04-17T11:16:42,upi
pay_8fb6f2e7e4f04b,u_1f3bc83740,card_235b4bd4554c4c,439.76,referral_bonus_payout,2026-05-25T10:30:23,card
pay_573f57d8f5b146,u_0f14651332,card_1a603dbb7a5b41,392.92,referral_bonus_payout,2026-07-04T14:17:28,card
pay_df7cf39e3f6b4e,u_f9536c007b,card_bfba6694a0684a,252.37,referral_bonus_payout,2026-07-01T10:02:22,card
pay_f3c403f4039343,u_873669b2cd,xhegde@okicici,369.21,referral_bonus_payout,2026-03-15T14:50:34,upi
pay_c9f018c1f4004c,u_7b41a0f48e,card_2de44c78d4f347,134.72,referral_bonus_payout,2026-03-05T23:25:29,card
pay_31dfaf2427e246,u_978f4fba23,dsom@paytm,387.51,referral_bonus_payout,2026-04-06T23:08:53,upi
pay_e1a40a210f5949,u_06d7aa2ace,card_e74d6853ed3448,397.82,referral_bonus_payout,2026-04-24T10:11:42,card
pay_e902d28394cb40,u_f457717312,card_724e135fb50946,312.05,referral_bonus_payout,2026-04-21T03:26:54,card
pay_8423d09e38f64f,u_876fdb5103,card_548d1c5e613c4a,362.26,referral_bonus_payout,2026-07-02T01:55:08,card
pay_90b9fb7347f747,u_5f15efa890,card_35a6d769b4a749,110.46,referral_bonus_payout,2026-05-13T20:30:28,card
pay_9c3bb13f0c6f47,u_14639eaf88,card_42d754af7d1246,103.78,referral_bonus_payout,2026-03-10T13:02:20,card
pay_ccc5473c69844a,u_8a66851f10,card_f574c5aa7f884e,315.89,referral_bonus_payout,2026-04-23T18:17:11,card
pay_32ef0a4ee3d54d,u_0e7048254b,grout@paytm,151.57,referral_bonus_payout,2026-03-31T06:17:54,upi
pay_5659fb31fa3942,u_522aca2992,card_0bba1786dacd43,136.62,referral_bonus_payout,2026-06-10T11:50:40,card
pay_45ebc032308540,u_67fefdcd96,pavaniagrawal@okicici,242.96,referral_bonus_payout,2026-06-27T02:03:36,upi
pay_0504713812ad4e,u_75df53e24f,card_a421807d277f43,258.26,referral_bonus_payout,2026-05-06T11:03:44,card
pay_df5b8a87f93149,u_999b568724,csood@paytm,128.46,referral_bonus_payout,2026-06-29T02:30:04,upi
pay_5da06d12bd8a43,u_6a47269922,dalalkamya@okhdfcbank,213.47,referral_bonus_payout,2026-03-31T17:20:34,upi
pay_0f93c5d3049a44,u_f7ec5c20af,card_32e5410414d341,380.91,referral_bonus_payout,2026-06-28T12:45:10,card
pay_658eee2091164b,u_3e8daef4f5,card_05e1b0fb880043,295.93,referral_bonus_payout,2026-05-05T07:51:21,card
pay_f03602ef3caa4f,u_b53b187346,card_73d93c1bf1a64f,404.41,referral_bonus_payout,2026-03-31T01:46:19,card
pay_85c85b02df054b,u_81c661ff3d,card_400b20c82f5546,312.02,referral_bonus_payout,2026-03-16T04:52:08,card
pay_ab4ffa8c881249,u_7ace7e4905,card_e67ddbaaaa9246,88.01,referral_bonus_payout,2026-05-21T10:26:25,card
pay_57d2b1a3fe0345,u_7818265cdd,dalbir42@okicici,378.69,referral_bonus_payout,2026-05-07T11:53:42,upi
pay_f1d12c8f71ed4c,u_4fa1052838,nimratpadmanabhan@okicici,404.33,referral_bonus_payout,2026-04-18T21:23:35,upi
pay_d78c0efc999541,u_6b1a28bba7,vivaanchokshi@ybl,275.3,referral_bonus_payout,2026-07-01T16:33:42,upi
pay_aefdb568248341,u_518eb46729,card_4b944337a48e42,373.18,referral_bonus_payout,2026-04-05T23:30:59,card
pay_50fffce4763243,u_778ad31e6d,card_704f5f35953f4e,432.07,referral_bonus_payout,2026-04-01T10:41:00,card
pay_dff29e4f09fa49,u_7c85830f00,gavin31@paytm,146.67,referral_bonus_payout,2026-03-11T11:29:27,upi
pay_c8b4cc0a7c074a,u_9a928e958c,card_83991ad9784b4a,412.0,referral_bonus_payout,2026-04-20T09:42:52,card
pay_87c3bf1f792d46,u_44c69ca2f3,card_ff1bfc7fae6f4a,315.22,referral_bonus_payout,2026-04-04T18:18:17,card
pay_d8d54f63d49d4d,u_070371e31d,card_78bcd877785746,403.44,referral_bonus_payout,2026-03-14T14:49:34,card
pay_dd7b9954731e46,u_6ffed1bd7d,xbaria@ybl,441.93,referral_bonus_payout,2026-03-05T10:06:42,upi
pay_4c355a9a80cc44,u_4ee8106648,card_c8a98c4585664e,433.24,referral_bonus_payout,2026-07-04T04:11:36,card
pay_e90254f9a26042,u_16df5ed1a6,mason44@paytm,64.2,referral_bonus_payout,2026-06-13T11:05:25,upi
pay_2ba2d6424ec240,u_22dbc2a0e5,card_48f4d15092a54f,373.14,referral_bonus_payout,2026-06-24T05:08:14,card
pay_b253dd7d3aaa4b,u_47e81ea8a7,card_2028c86df61345,423.57,referral_bonus_payout,2026-04-29T21:20:54,card
pay_ebd05dc0eabf4f,u_d07dbca260,card_f94b9a9a56d942,299.31,referral_bonus_payout,2026-05-02T16:20:00,card
pay_d0fcd7e9c11f40,u_cd5e7b185a,card_67e0499e299741,498.07,referral_bonus_payout,2026-04-26T05:09:11,card
pay_d24fed18521142,u_0475eedcba,ayaanagarwal@paytm,298.99,referral_bonus_payout,2026-07-06T09:33:42,upi
pay_7caab8504e6a44,u_575c1cd73a,karavni@okhdfcbank,482.57,referral_bonus_payout,2026-05-28T05:31:04,upi
pay_c10634a5b9c84c,u_2d915c9d08,nitara14@ybl,242.91,referral_bonus_payout,2026-06-27T08:33:16,upi
pay_654f984bb2c441,u_32101146b8,raokamya@okicici,148.8,referral_bonus_payout,2026-07-17T19:39:23,upi
pay_72501b90e0bf4d,u_b3f1111d6e,card_30fff242537347,143.99,referral_bonus_payout,2026-05-27T22:49:43,card
pay_4c57bd51f8714c,u_b5262630f9,card_8722c4389c4241,194.7,referral_bonus_payout,2026-06-20T13:53:01,card
pay_22c07910e64442,u_bba9a89b40,card_3f5473bf71f14f,330.02,referral_bonus_payout,2026-06-12T01:19:06,card
pay_4e8b3044bbe341,u_64844d19ab,dnigam@okicici,89.09,referral_bonus_payout,2026-05-04T20:27:07,upi
pay_3d068a3227114b,u_db17673573,regelucky@paytm,424.71,referral_bonus_payout,2026-07-05T12:16:15,upi
pay_7c94293fb3fe4a,u_1e2f4efb72,oviyashroff@paytm,117.94,referral_bonus_payout,2026-07-12T04:37:46,upi
pay_f0b629e4aac747,u_7f0a3318de,card_d2b9b5c742844c,494.39,referral_bonus_payout,2026-05-12T12:03:15,card
pay_ecf55c5ebfcf46,u_7c14718956,card_515b9fee16314c,323.02,referral_bonus_payout,2026-04-27T18:42:43,card
pay_abdd18f7596242,u_0f3e0c046e,card_10a8f36a3db148,484.42,referral_bonus_payout,2026-07-15T09:09:37,card
pay_941ebbc9ce8040,u_f4898e891c,memonkashish@ybl,178.64,referral_bonus_payout,2026-07-25T00:04:13,upi
pay_12e8b98fae414b,u_6b75d8ba75,card_1a3b9d09b29b4a,324.54,referral_bonus_payout,2026-03-25T09:35:49,card
pay_bcd9b4c3502646,u_3759633d15,card_9676d9e2d9a94f,201.68,referral_bonus_payout,2026-07-18T14:26:59,card
pay_d2fefa8edaf54d,u_345f7d6d2d,balakrishnanzaid@paytm,216.05,referral_bonus_payout,2026-03-11T15:39:44,upi
pay_7f174e0259394f,u_f920919d06,sanaya16@ybl,86.03,referral_bonus_payout,2026-03-11T01:03:59,upi
pay_40258c5ee28948,u_ecf5c69ae0,card_55dc22ba14fd42,482.37,referral_bonus_payout,2026-06-08T19:21:39,card
pay_61b181bdc77247,u_e7c2dd9db0,sachardayamai@ybl,74.18,referral_bonus_payout,2026-03-19T17:10:56,upi
pay_b1cab1fa32df4e,u_1caec10490,batralopa@ybl,216.63,referral_bonus_payout,2026-06-26T15:54:37,upi
pay_5f191628c55b42,u_626d2e05a3,card_494d91d817ad43,130.12,referral_bonus_payout,2026-03-18T18:54:08,card
pay_b638a917f4944e,u_4881579399,card_72403ad1e6904e,263.03,referral_bonus_payout,2026-03-18T23:14:46,card
pay_485a94590d9b42,u_6b527909fe,card_03728a3eb93145,172.37,referral_bonus_payout,2026-03-30T04:50:55,card
pay_0493246d03b34b,u_ed13055441,card_12fc6193a11741,174.19,referral_bonus_payout,2026-05-23T18:47:11,card
pay_eeacdecabcc848,u_2141b2d740,trivediraghav@paytm,308.61,referral_bonus_payout,2026-06-19T06:09:56,upi
pay_7a4e0f59f5cd41,u_f26cc2168c,card_e74b3effe5694c,497.04,referral_bonus_payout,2026-05-22T15:20:19,card
pay_6b99e215c08c4c,u_37a9ba014c,card_2ee6d62e09c241,499.84,referral_bonus_payout,2026-04-29T07:18:52,card
pay_86b76936adab49,u_0fd1427aec,card_1c9665e8aae441,398.44,referral_bonus_payout,2026-07-08T19:17:37,card
pay_5053bf5165354e,u_c827792edc,reva66@okhdfcbank,60.97,referral_bonus_payout,2026-06-21T12:13:58,upi
pay_3311b26cb4e64c,u_436edee7f7,kallakabir@paytm,254.52,referral_bonus_payout,2026-06-26T07:59:12,upi
pay_b976b09a4ad64c,u_decbb6913a,card_99856085ed4041,84.03,referral_bonus_payout,2026-03-22T23:55:54,card
pay_b1407a41a56749,u_ed6518b066,card_e52ae338c22f4f,257.08,referral_bonus_payout,2026-04-08T07:45:04,card
pay_ae53b2db04d74b,u_06e62dff01,card_c6b51ee2828b42,104.03,referral_bonus_payout,2026-07-14T15:32:37,card
pay_0ba8d92dda1a40,u_93dee3e273,eagrawal@okhdfcbank,89.12,referral_bonus_payout,2026-04-11T04:15:39,upi
pay_2570c35ccc5f47,u_fa6c5b4368,card_bb90e052173f4a,317.25,referral_bonus_payout,2026-05-26T14:24:12,card
pay_10f8c0bccdac48,u_3f1a088203,gdixit@paytm,274.28,referral_bonus_payout,2026-04-16T03:10:20,upi
pay_45c2d8a3b9f843,u_e79efb350c,sodhifalan@paytm,146.46,referral_bonus_payout,2026-04-12T03:50:07,upi
pay_45df9b07b3b54c,u_7af41d60e3,kulkarniaarush@paytm,393.06,referral_bonus_payout,2026-05-02T07:47:20,upi
pay_1e1cb8d0dd1c4c,u_3e9a637838,anmolradhakrishnan@ybl,467.01,referral_bonus_payout,2026-03-24T19:17:47,upi
pay_97d43995cd3649,u_fd5509f13c,card_b0109eb5c3a744,245.07,referral_bonus_payout,2026-03-14T15:31:45,card
pay_bd8d79ffbc034b,u_a3fa6e6787,card_c0d481fbce264a,337.79,referral_bonus_payout,2026-05-10T23:06:51,card
pay_7846774427f94c,u_01f4fa0afe,ira62@okicici,464.36,referral_bonus_payout,2026-05-06T22:23:58,upi
pay_2f269682d40643,u_1d48b9b8f8,horaishani@paytm,423.11,referral_bonus_payout,2026-04-19T05:20:00,upi
pay_9728f8e7d46847,u_58297f0cfa,card_c1d3fdf8d9e94f,71.92,referral_bonus_payout,2026-06-03T19:44:17,card
pay_d7b8b0b1d1b14d,u_16020675f4,card_a14cbda8785646,75.22,referral_bonus_payout,2026-07-21T07:14:12,card
pay_8540de71c06c48,u_a483a96a55,deywishi@okicici,305.26,referral_bonus_payout,2026-05-03T01:38:12,upi
pay_99b532c718b049,u_1a00399c08,card_6235a3e387d940,248.23,referral_bonus_payout,2026-07-18T22:16:29,card
pay_e5ba0e36f5da43,u_d54008f571,dbawa@okhdfcbank,201.64,referral_bonus_payout,2026-06-27T20:14:07,upi
pay_6a1a2686181748,u_2329882240,card_b6942f0265d94a,191.77,referral_bonus_payout,2026-07-04T01:52:25,card
pay_39efd98e39e245,u_b62e6a1c45,falgunitalwar@okicici,396.96,referral_bonus_payout,2026-04-23T16:41:18,upi
pay_b127b98a3e094d,u_9816bff5d9,card_47eda6c2021345,51.46,referral_bonus_payout,2026-05-22T00:19:30,card
pay_449713017c464e,u_d634cc2684,kbhatti@paytm,194.32,referral_bonus_payout,2026-07-07T16:13:19,upi
pay_105e11c0246a40,u_089a130602,bsur@ybl,444.53,referral_bonus_payout,2026-06-28T19:20:13,upi
pay_d22c2849557044,u_4ad101f79f,card_6f4af1f9bb974f,366.86,referral_bonus_payout,2026-06-22T00:26:15,card
pay_63761ba769734a,u_ac7d591804,raghavbarad@okhdfcbank,480.93,referral_bonus_payout,2026-03-15T14:18:00,upi
pay_ff2ef238550345,u_b36822aca7,card_96bcc8ee076b48,71.23,referral_bonus_payout,2026-05-23T17:48:30,card
pay_47c68162d17c49,u_48ec31e1fe,tanaysood@okicici,452.85,referral_bonus_payout,2026-03-29T05:03:23,upi
pay_af5a30650e8c40,u_8cc1439aa8,praneelbatta@okhdfcbank,153.14,referral_bonus_payout,2026-03-13T23:42:35,upi
pay_cc8a46741bd14c,u_382eb28c67,ravalrobert@ybl,321.1,referral_bonus_payout,2026-04-02T12:58:47,upi
pay_60004e63718b49,u_8217fba514,card_a7db9aa4807846,432.77,referral_bonus_payout,2026-03-01T17:53:45,card
pay_8f1eaa0780974c,u_5b4d51bc63,dyalsaksham@okicici,111.61,referral_bonus_payout,2026-05-18T19:43:17,upi
pay_4984298e4a9e47,u_1611cad90a,card_841f41b746094a,471.57,referral_bonus_payout,2026-04-24T20:33:10,card
pay_d326cc0d0a7940,u_ba19b10b01,zvora@okhdfcbank,158.25,referral_bonus_payout,2026-07-24T17:15:04,upi
pay_1ce9b8d928df4b,u_d9e09b17a0,menonpavani@paytm,324.32,referral_bonus_payout,2026-05-18T12:04:44,upi
pay_c8b558558c5143,u_608de46b4c,card_4000993254d54e,256.03,referral_bonus_payout,2026-03-19T00:44:25,card
pay_84df2081260843,u_5696f770f2,card_10a86c1b387949,226.97,referral_bonus_payout,2026-07-04T22:25:36,card
pay_14c79db271c74a,u_6fc66f75b6,bsaini@okhdfcbank,420.29,referral_bonus_payout,2026-03-10T18:19:47,upi
pay_0e4c26b62c9247,u_3310eabf31,card_f0adf7f6003a47,164.75,referral_bonus_payout,2026-07-12T11:46:59,card
pay_61b02f0891b342,u_87191c498e,card_7c7c90dfae284c,262.1,referral_bonus_payout,2026-05-08T07:08:08,card
pay_33b17b47deaa43,u_b39cb39f20,card_2dc670dd6b1847,143.47,referral_bonus_payout,2026-03-12T23:58:34,card
pay_bf1e27ab81bb43,u_fd6391fe76,aahanachandra@okicici,92.62,referral_bonus_payout,2026-05-04T07:30:33,upi
pay_893cd7e907aa48,u_c2c329ebbe,card_2cc5b2a9907f48,106.63,referral_bonus_payout,2026-07-15T06:46:22,card
pay_495516f680494e,u_70f19c4d3f,adya00@okicici,131.88,referral_bonus_payout,2026-05-20T10:24:51,upi
pay_3e2e98c6eb8247,u_bcd0987720,hansdiya@paytm,198.16,referral_bonus_payout,2026-05-20T14:31:14,upi
pay_d2f9fa2a56c744,u_4674c1a736,tanmayikamdar@okhdfcbank,391.93,referral_bonus_payout,2026-03-15T19:40:10,upi
pay_3392ef657cc549,u_be470d8093,card_2da1ca2713f44b,311.25,referral_bonus_payout,2026-07-05T01:53:58,card
pay_9ad9cfc2188c42,u_575d28b73f,gopalsudiksha@okicici,382.61,referral_bonus_payout,2026-03-15T12:25:38,upi
pay_5f660601d07e40,u_dcaaf761bf,card_b5b3cc9fe21c42,233.82,referral_bonus_payout,2026-04-16T23:30:19,card
pay_1cf150a1ab1344,u_9d505f20d2,card_24d1bff49c0049,399.04,referral_bonus_payout,2026-06-01T20:23:30,card
pay_11188a072bb14f,u_6ee1cfe9df,card_4432e290fb434e,102.14,referral_bonus_payout,2026-07-27T06:41:40,card
pay_6adcb54e85004e,u_239894acc4,card_061e441015614f,322.4,referral_bonus_payout,2026-07-11T09:53:30,card
pay_f52d4dc210d143,u_cafed445c5,card_d98e168d9fc748,96.55,referral_bonus_payout,2026-03-13T23:58:45,card
pay_6ff06e8bf0da41,u_af2b27e18a,card_a0a31a38f6264f,449.76,referral_bonus_payout,2026-07-26T04:06:24,card
pay_209312601b6b42,u_09222a525a,card_6d590fa9adc742,222.74,referral_bonus_payout,2026-06-16T19:34:45,card
pay_03f731bee2cf47,u_2f68e849b7,card_028ec6b2a47846,376.87,referral_bonus_payout,2026-07-07T11:37:50,card
pay_3d6177eab93c4c,u_175cb633d6,card_53f285f7d56c4a,316.1,referral_bonus_payout,2026-06-20T21:11:47,card
pay_84c8288227d649,u_ff0b4f14a2,card_79248c83412c44,465.38,referral_bonus_payout,2026-06-01T22:33:09,card
pay_3a42fc8193bb46,u_b2815b8674,card_3fe6daa0718b41,198.2,referral_bonus_payout,2026-07-24T13:37:08,card
pay_3107279f13334e,u_2109838c3b,card_6830f1d0378b4c,63.22,referral_bonus_payout,2026-03-07T10:10:53,card
pay_072ed7aec1ad47,u_1a8734e462,card_4ef31ceed8b448,312.15,referral_bonus_payout,2026-05-30T05:27:37,card
pay_05182bdba3214b,u_d54db274ef,card_b35c56b9d49744,129.85,referral_bonus_payout,2026-07-20T00:08:37,card
pay_675baf3e87e84f,u_003c12d2eb,iyergavin@ybl,88.99,referral_bonus_payout,2026-07-10T08:00:22,upi
pay_a3384f6df35b45,u_be730e239a,parth66@ybl,128.93,referral_bonus_payout,2026-06-27T04:14:36,upi
pay_f9bdc551bcc14e,u_c985ad5fc7,diya56@okhdfcbank,96.6,referral_bonus_payout,2026-03-23T09:59:39,upi
pay_8a50751092df45,u_9235046faa,card_8934d44f1c3f42,83.7,referral_bonus_payout,2026-05-10T17:40:40,card
pay_a92d000e04ac49,u_6ee1e08e93,card_c9292de2d0284b,87.37,referral_bonus_payout,2026-05-30T16:05:19,card
pay_a8185a1feec740,u_9365f86c54,jhaverizashil@okhdfcbank,148.16,referral_bonus_payout,2026-06-23T10:42:38,upi
pay_63a57fdc47134c,u_6c407acc7c,bakshikamya@okhdfcbank,371.62,referral_bonus_payout,2026-07-22T04:13:10,upi
pay_8681433d85a248,u_4f6ae82544,card_dd525de1cb104f,177.11,referral_bonus_payout,2026-04-23T08:13:20,card
pay_7b8d5d38ae3a4e,u_3cab97aa9c,surayochana@okicici,248.04,referral_bonus_payout,2026-04-20T12:05:00,upi
pay_44b193f1230342,u_7d37321d78,atharvdara@paytm,414.99,referral_bonus_payout,2026-05-17T00:23:00,upi
pay_ceae9c3d7d6447,u_2378f0ed1b,card_7557b8f0ee3147,302.38,referral_bonus_payout,2026-04-28T15:07:17,card
pay_e873451f56f940,u_30c0741a66,ishaan78@okicici,114.49,referral_bonus_payout,2026-04-04T19:23:54,upi
pay_bb59347d930d4d,u_b253058ce3,peterhari@okicici,492.88,referral_bonus_payout,2026-05-25T06:53:18,upi
pay_df1428fe82e143,u_c2d82440a7,charitaagate@okhdfcbank,275.9,referral_bonus_payout,2026-04-07T03:41:51,upi
pay_ce4c17777e4b41,u_04b3521dfd,card_4c7a905b14104e,114.27,referral_bonus_payout,2026-03-10T10:27:41,card
pay_99c58d0e50a441,u_44afba00a7,pmane@ybl,237.33,referral_bonus_payout,2026-05-16T16:48:32,upi
pay_f44776b93ccd41,u_3d369ff0aa,ipall@ybl,386.82,referral_bonus_payout,2026-06-13T15:35:39,upi
pay_ae942b87b9b444,u_3aaaef24c3,card_626b1821236f46,453.14,referral_bonus_payout,2026-05-17T21:08:40,card
pay_4fba5e15afb446,u_e993b066fb,card_a2def160642c45,167.44,referral_bonus_payout,2026-04-09T21:30:18,card
pay_dde05c2651aa4b,u_eeb695c45f,npatla@ybl,207.74,referral_bonus_payout,2026-03-27T11:55:52,upi
pay_10a21c94bcb440,u_150c8e8404,card_535f64abe7564b,198.18,referral_bonus_payout,2026-05-16T05:42:49,card
pay_1ee6d86a0c684f,u_1ce2a6b97b,card_41cb50f010a54b,155.82,referral_bonus_payout,2026-03-17T22:09:14,card
pay_c3df329a7dae41,u_9a593f138b,banerjeewakeeta@paytm,258.75,referral_bonus_payout,2026-03-16T21:44:43,upi
pay_86a819f56edb45,u_2966883371,card_ae1ddb77db2542,263.57,referral_bonus_payout,2026-06-08T01:29:48,card
pay_3b332d5715f64a,u_3086e60cba,vivaan38@paytm,344.78,referral_bonus_payout,2026-05-23T01:14:58,upi
pay_33fb7f389d7f43,u_da935a43bc,wdugar@okicici,199.57,referral_bonus_payout,2026-06-17T00:57:10,upi
pay_8ef89f5e584b4a,u_55b3cba83f,card_8bc7929e980645,464.53,referral_bonus_payout,2026-05-03T10:10:33,card
pay_097a5490a61647,u_ac51892dbf,patlachaitanya@paytm,399.4,referral_bonus_payout,2026-06-12T13:04:59,upi
pay_bab15c3278eb4e,u_40779d2437,card_4529543a4a244b,393.05,referral_bonus_payout,2026-05-11T00:39:33,card
pay_7608dba79c8f42,u_1f6c5db5c7,peterhegde@okicici,357.6,referral_bonus_payout,2026-05-01T02:51:32,upi
pay_a476ccdaa94145,u_e26e3276bb,zkrishnamurthy@okicici,369.88,referral_bonus_payout,2026-03-26T06:17:36,upi
pay_c0ae8eb9c9f14a,u_46a1328c73,zilmilmandal@okicici,273.68,referral_bonus_payout,2026-03-16T08:14:47,upi
pay_dc4de56238ac44,u_f4dbe77e74,nraval@okhdfcbank,283.06,referral_bonus_payout,2026-03-31T04:27:08,upi
pay_fc502862da544a,u_6d4dd98785,card_f2ba294f937b4e,430.5,referral_bonus_payout,2026-04-06T13:11:59,card
pay_dfb63925b3874b,u_2aefe05639,card_bd7b1adb43c94d,257.4,referral_bonus_payout,2026-05-11T09:46:03,card
pay_ba3087328ceb4b,u_09eb99d39e,card_39feb55364c74f,316.79,referral_bonus_payout,2026-07-16T23:13:07,card
pay_0400d79a99344c,u_54be0d2e60,chandawarjas@paytm,429.61,referral_bonus_payout,2026-06-08T17:33:23,upi
pay_3cd27701f0b743,u_c43afca33e,card_32027401e76b46,248.78,referral_bonus_payout,2026-05-23T22:38:21,card
pay_0fe3de82748f4c,u_bd8e90c381,xanne@ybl,382.66,referral_bonus_payout,2026-07-07T14:30:27,upi
pay_e70ef3802fcd4e,u_0fb7f4a2ce,waidadeol@okicici,113.84,referral_bonus_payout,2026-03-11T21:39:33,upi
pay_a2e81c1fd7ca4b,u_d459e4a21a,card_d23c2fba48994b,175.04,referral_bonus_payout,2026-04-11T05:32:35,card
pay_ea940491762041,u_c5f4177fa3,taragopal@paytm,475.27,referral_bonus_payout,2026-06-10T15:53:47,upi
pay_4e2e05b6f73d42,u_1cac475610,card_7994fcde3ed84d,378.68,referral_bonus_payout,2026-06-15T06:07:02,card
pay_e6cc0bae281f4f,u_72bc0264df,card_8d4bb546a93448,463.43,referral_bonus_payout,2026-06-10T15:54:50,card
pay_0574a784672040,u_d8871bb3d2,ranbirbrar@okicici,267.38,referral_bonus_payout,2026-03-15T04:02:24,upi
pay_65b13340bc7a45,u_3c6ef0025a,paninidua@ybl,59.12,referral_bonus_payout,2026-05-21T09:44:09,upi
pay_a99eb3e7fce344,u_ca8dad54e8,card_2d9b1739602f4e,354.85,referral_bonus_payout,2026-05-26T17:35:26,card
pay_f94785963bef40,u_77d8eea21f,card_c6686ea914c149,321.91,referral_bonus_payout,2026-03-09T20:29:19,card
pay_1c96bba889e946,u_cc8539ef16,hamsini39@ybl,146.39,referral_bonus_payout,2026-03-03T17:15:46,upi
pay_0d9c0cf37b964b,u_301ecd3f88,card_c062e30efd8144,418.28,referral_bonus_payout,2026-04-24T20:07:23,card
pay_d58b3c3e72834c,u_c69cc0dd15,bobaladvay@paytm,414.67,referral_bonus_payout,2026-06-11T10:22:48,upi
pay_d10427d537f04b,u_c00240d2b4,card_88c68a6fe5a24b,165.31,referral_bonus_payout,2026-05-04T07:41:30,card
pay_1ca8a3e39a4740,u_877a87fd0c,card_b9efa9721edb43,247.71,referral_bonus_payout,2026-07-27T01:51:24,card
pay_935df99808304d,u_46a9ce090b,card_11dc0c8c7a9343,477.26,referral_bonus_payout,2026-04-05T22:31:48,card
pay_0e95371e1f2740,u_08fd71d48a,card_00a91bcdea1b47,300.86,referral_bonus_payout,2026-07-26T14:06:10,card
pay_0fb4b8333f4f43,u_5dd21f7e8b,card_bc5845207b7542,266.9,referral_bonus_payout,2026-03-05T20:16:20,card
pay_4f68bfce6d2944,u_368e16edb5,lissac@okhdfcbank,334.49,referral_bonus_payout,2026-05-21T07:35:48,upi
pay_92a946ac843e4e,u_6c15cbb809,chanakya68@okhdfcbank,483.87,referral_bonus_payout,2026-05-27T23:30:36,upi
pay_190806646d9047,u_41febdff1f,card_60fa4a4462ef4c,283.55,referral_bonus_payout,2026-04-16T23:00:27,card
pay_da8b97ddb6c445,u_75f6ac9e76,card_a7f7b97a157f4d,109.93,referral_bonus_payout,2026-07-17T16:50:42,card
pay_8140f8eea2c946,u_22c359a3d3,card_564d921d9b2f42,405.0,referral_bonus_payout,2026-07-26T11:07:12,card
pay_03d56781483d45,u_b586bc1c48,card_7cbbce3968d149,179.05,referral_bonus_payout,2026-04-15T16:47:33,card
pay_3d57f9d4655b46,u_3658ac1e3d,card_fd77c3c9159b41,150.68,referral_bonus_payout,2026-03-22T21:59:34,card
pay_9dbe9c871b7b40,u_6ee9ee8297,card_dc3ddb7f55d44d,428.6,referral_bonus_payout,2026-05-27T20:45:07,card
pay_5ed2ce1930364d,u_b31b4eb469,mittalhemani@okhdfcbank,298.28,referral_bonus_payout,2026-06-12T22:05:14,upi
pay_989367e3c4b04f,u_b947d10c47,card_97d7446c958547,371.42,referral_bonus_payout,2026-05-19T17:09:50,card
pay_3d6f5574872e4b,u_4713088ada,card_a4635e2901874e,483.44,referral_bonus_payout,2026-05-05T06:00:49,card
pay_2857fb11b8e445,u_52b4e52f51,lajitakuruvilla@okhdfcbank,50.71,referral_bonus_payout,2026-07-04T00:56:41,upi
pay_88660862c77440,u_f3f97d744c,card_2848e0a7d5b14c,340.32,referral_bonus_payout,2026-06-23T03:34:52,card
pay_c7ca3e46c8a64c,u_189d94382e,bhasinanirudh@okhdfcbank,167.66,referral_bonus_payout,2026-07-14T09:14:20,upi
pay_441da7e44bae44,u_2c294784f1,card_bedfdd65b65142,341.63,referral_bonus_payout,2026-04-13T18:12:20,card
pay_5d6e11dd5efd48,u_04cf487e48,card_b1ce5c37917d42,138.46,referral_bonus_payout,2026-07-06T10:36:11,card
pay_88ef1743186047,u_eb3cf37b9f,qanne@ybl,187.96,referral_bonus_payout,2026-04-05T18:06:47,upi
pay_a6a3321ed2ff4a,u_18aa4799d2,bkade@ybl,291.93,referral_bonus_payout,2026-06-17T21:34:26,upi
pay_36880d09d93c42,u_ee3d858074,card_399859805ed348,151.83,referral_bonus_payout,2026-06-15T10:23:14,card
pay_6e592b03ba7646,u_5466273319,card_b965e4b0e4c043,432.98,referral_bonus_payout,2026-06-26T19:35:35,card
pay_f2a24e3efc6448,u_eb63041113,card_79ca6ba5c97641,253.09,referral_bonus_payout,2026-03-27T03:50:42,card
pay_10164951eb8c42,u_3d4883f225,card_683471f0e8b546,491.33,referral_bonus_payout,2026-05-31T03:19:14,card
pay_d6f4e82e534346,u_0227ade446,card_87ff034fca5b4c,136.77,referral_bonus_payout,2026-06-04T14:50:50,card
pay_31cf24ca3e8a47,u_8452edc4fe,nagidevika@ybl,227.86,referral_bonus_payout,2026-03-12T17:30:48,upi
pay_0dd8296ee32540,u_ce96640545,tamanna59@okicici,339.2,referral_bonus_payout,2026-04-20T09:10:15,upi
pay_d2ea6d7ed11141,u_3b29a27436,card_55603ba79f8247,145.11,referral_bonus_payout,2026-03-25T20:08:15,card
pay_f756d2a72cad4d,u_6a8893a0d0,card_018c5e79710447,116.51,referral_bonus_payout,2026-03-03T18:23:50,card
pay_17b2c5795cbc4b,u_ea7fe1e61e,ocomar@okhdfcbank,132.23,referral_bonus_payout,2026-06-16T17:28:40,upi
pay_2787d72881664b,u_f53e2915fe,hpalla@okicici,262.09,referral_bonus_payout,2026-06-15T03:43:12,upi
pay_10b2aa89639441,u_bb9604db82,bmanda@okicici,117.2,referral_bonus_payout,2026-07-19T00:23:14,upi
pay_212a21058b894e,u_4114caf770,wyattsachar@okicici,122.22,referral_bonus_payout,2026-07-07T09:34:10,upi
pay_8da2af67322144,u_00ad82099d,ozabrinda@paytm,483.22,referral_bonus_payout,2026-05-10T20:21:04,upi
pay_5e36f5e8ae8943,u_96a43c76c4,aradhanasinha@ybl,276.39,referral_bonus_payout,2026-04-18T01:47:14,upi
pay_55d22269867a48,u_1dfde1cb2d,card_94e5fac7195048,173.39,referral_bonus_payout,2026-03-31T11:26:34,card
pay_5adc0f74780b45,u_66c0bd0ab0,athaman@okicici,425.63,referral_bonus_payout,2026-06-02T13:17:29,upi
pay_1483ba2930e047,u_18ef2246f5,krishnadarika@ybl,207.71,referral_bonus_payout,2026-06-13T00:04:17,upi
pay_f61aaad0bc1a4a,u_db28b1d8e0,card_6c6786d2c3d647,200.53,referral_bonus_payout,2026-06-26T09:26:24,card
pay_19557d75550b4d,u_cbc4d941a2,chasmumbedi@okicici,458.74,referral_bonus_payout,2026-05-20T08:14:54,upi
pay_f560788daea444,u_43edc1f953,jai89@okhdfcbank,404.62,referral_bonus_payout,2026-07-24T02:29:58,upi
pay_e9586f1dd67644,u_ce8a84e252,card_f0b3a3f1ed9c41,177.06,referral_bonus_payout,2026-04-06T07:00:10,card
pay_399b833886d24d,u_02370f70ca,card_e1aaa7174fb14b,498.04,referral_bonus_payout,2026-05-17T12:26:10,card
pay_9f39f61f58494c,u_b8d8c0fbe2,card_63653d25d1c14b,370.07,referral_bonus_payout,2026-04-25T22:06:40,card
pay_f2739491e25f43,u_d603e7e2b4,sidhuparth@ybl,304.39,referral_bonus_payout,2026-06-05T05:21:05,upi
pay_c8046902ab5341,u_de11f46181,card_201f957b65c14e,160.42,referral_bonus_payout,2026-07-20T14:56:45,card
pay_c8b5213e678a46,u_69749f947c,card_fc4c734f618645,64.53,referral_bonus_payout,2026-06-14T09:04:43,card
pay_5293761739e248,u_49d1f2ff4d,card_48543d1a6efb4f,153.02,referral_bonus_payout,2026-04-13T14:03:42,card
pay_194b63fbd55341,u_d9dfd4bc43,card_9e0af46fdbd44e,411.7,referral_bonus_payout,2026-06-22T17:57:01,card
pay_1f7aac51efcb47,u_535fd8dd9b,card_24e6d6a282d44f,276.67,referral_bonus_payout,2026-05-08T19:19:24,card
pay_55fb54c150a34a,u_0678b948ad,omani@paytm,391.76,referral_bonus_payout,2026-06-02T22:30:01,upi
pay_321a4635e8a844,u_f995765e8f,painidhi@okhdfcbank,217.67,referral_bonus_payout,2026-05-11T22:27:10,upi
pay_8652b503213847,u_abe60e2b01,jatin51@okhdfcbank,222.03,referral_bonus_payout,2026-06-03T04:50:55,upi
pay_fe324d85c3194e,u_2fc59990c1,abandi@paytm,484.61,referral_bonus_payout,2026-06-24T01:33:44,upi
pay_0e84d0599dea40,u_04c50fba40,card_e9608031c9b440,58.41,referral_bonus_payout,2026-05-01T00:06:51,card
pay_8c38b368103948,u_9ad8a1be03,card_8ff9087f483a43,368.54,referral_bonus_payout,2026-05-31T22:01:15,card
pay_bf8e09a49a8f43,u_2c87c3baef,card_1498e67e968444,205.31,referral_bonus_payout,2026-06-12T05:10:43,card
pay_75a4a86970b24d,u_3ad3ae013a,fmunshi@okhdfcbank,455.66,referral_bonus_payout,2026-04-29T01:03:17,upi
pay_8d3d65d144984e,u_582b67b702,card_24a97c4a7d0d45,313.75,referral_bonus_payout,2026-05-30T07:20:40,card
pay_c47fd619f87945,u_e69a3b5ca0,mohinipai@okhdfcbank,454.65,referral_bonus_payout,2026-04-21T01:17:03,upi
pay_9b8d1c1465a24d,u_96dd793227,amruta51@ybl,241.81,referral_bonus_payout,2026-04-14T14:01:23,upi
pay_bffbc402e7e44e,u_fdd4c0ec25,hiralrau@paytm,187.84,referral_bonus_payout,2026-07-13T22:14:07,upi
pay_e66e790af81b46,u_c489155b7e,ldave@paytm,53.24,referral_bonus_payout,2026-07-17T02:07:03,upi
pay_30b79ae1b95542,u_e32d34190d,yvig@paytm,304.55,referral_bonus_payout,2026-06-04T11:42:42,upi
pay_fe8aefd9949c44,u_5825fa1624,card_1ec122c1091340,225.75,referral_bonus_payout,2026-05-14T15:53:06,card
pay_883daa86073249,u_79835a328d,jagdish81@okhdfcbank,301.94,referral_bonus_payout,2026-06-07T05:34:28,upi
pay_104aeb619ffb44,u_fe2f0b1709,jatin91@okhdfcbank,375.51,referral_bonus_payout,2026-07-21T11:11:12,upi
pay_697d89cc3ffc4b,u_24cbd8011c,jackson04@okhdfcbank,161.53,referral_bonus_payout,2026-05-14T06:48:59,upi
pay_5bb137426a0940,u_da0c2bcf8c,card_f65d38c0f34440,313.88,referral_bonus_payout,2026-05-10T17:26:59,card
pay_b5112e85306c4a,u_2c2c97df75,xminhas@okicici,395.35,referral_bonus_payout,2026-07-02T06:37:11,upi
pay_961a74d7cc824b,u_0ce0a8399e,baghyawati02@okicici,103.86,referral_bonus_payout,2026-06-24T14:12:38,upi
pay_b90cf167256c42,u_206e984dd9,card_81ec03faf9a943,202.76,referral_bonus_payout,2026-03-13T23:10:10,card
pay_d72a7c8c937f43,u_1237beba84,neel87@okhdfcbank,316.88,referral_bonus_payout,2026-07-17T12:31:24,upi
pay_740ea0d9ea134c,u_91111651dd,rsathe@ybl,344.42,referral_bonus_payout,2026-05-19T00:34:34,upi
pay_463c3212ddcc43,u_0fc11107a7,sakshamhanda@okicici,422.04,referral_bonus_payout,2026-06-07T09:19:34,upi
pay_2cf7fbb34a5b45,u_34cd8b3a96,subramaniamishwar@ybl,432.79,referral_bonus_payout,2026-05-27T08:18:08,upi
pay_4af5113549604a,u_908e7726d3,kmorar@ybl,373.63,referral_bonus_payout,2026-03-01T09:51:54,upi
pay_9d66f672a1c140,u_b715525643,charita87@okicici,236.11,referral_bonus_payout,2026-04-08T12:45:51,upi
pay_8b1af315f2374c,u_17b5af8778,gavindora@okicici,82.86,referral_bonus_payout,2026-05-03T04:04:38,upi
pay_68ff441836f94a,u_ba513d4308,card_3ef016a369b24d,50.24,referral_bonus_payout,2026-04-28T19:00:49,card
pay_685962563af94f,u_4e7306404c,isavant@okhdfcbank,286.58,referral_bonus_payout,2026-07-22T09:46:25,upi
pay_425ccc59ff5a4d,u_807d8adeae,card_fa34222fd9fb47,117.07,referral_bonus_payout,2026-05-22T14:44:02,card
pay_32e6e054d82140,u_0212e168ee,ramanunni@okhdfcbank,312.68,referral_bonus_payout,2026-04-10T01:48:34,upi
pay_cbf454c43a1548,u_95116de2a3,card_05792825222246,365.17,referral_bonus_payout,2026-07-11T20:38:47,card
pay_5dcb192c238f47,u_dfda6c819d,mohanjeet@okhdfcbank,122.83,referral_bonus_payout,2026-07-06T20:21:59,upi
pay_7d58240c52fb42,u_542ae840ba,gabriel96@okicici,305.11,referral_bonus_payout,2026-03-02T02:47:07,upi
pay_1929bfadfa6b43,u_16fdcedbbe,lakshmitter@okicici,435.98,referral_bonus_payout,2026-06-21T05:18:45,upi
pay_2c9ec6f3412847,u_099b7682fd,card_cda69f6d1f0b40,405.26,referral_bonus_payout,2026-04-24T04:47:20,card
pay_d9b66fb0f30240,u_ba540f2458,abdul48@paytm,395.76,referral_bonus_payout,2026-04-25T16:56:31,upi
pay_3df07706cf1d45,u_f87284f969,qsastry@paytm,112.19,referral_bonus_payout,2026-05-27T00:10:16,upi
pay_2e7207708fbd43,u_72c170190e,card_faca6494fa9446,173.09,referral_bonus_payout,2026-04-25T18:49:27,card
pay_b7a1e1dc1dc644,u_ecd184a457,wardasen@okicici,194.72,referral_bonus_payout,2026-07-21T08:44:28,upi
pay_f0ee7d647b5f4b,u_deefa50dcf,yashawiniwason@paytm,293.11,referral_bonus_payout,2026-06-26T07:12:49,upi
pay_a0cde500a98a4c,u_5db8e5caa0,chanchal35@okhdfcbank,208.88,referral_bonus_payout,2026-03-31T23:54:54,upi
pay_5aa3c926623a4a,u_67277649eb,card_38c48532f7c84f,160.51,referral_bonus_payout,2026-05-21T00:24:13,card
pay_a4be04bf4bd641,u_acdcd43b0b,snehadeep@okicici,446.09,referral_bonus_payout,2026-05-03T03:50:34,upi
pay_c7d9f85211ff48,u_77fdcf3394,indira29@okhdfcbank,132.9,referral_bonus_payout,2026-03-03T21:15:56,upi
pay_5bb4ddefe15647,u_c8cb77a675,ekalinga40@ybl,469.03,referral_bonus_payout,2026-07-03T01:32:08,upi
pay_d072934da4b645,u_063428316d,imenon@ybl,62.44,referral_bonus_payout,2026-07-15T00:24:07,upi
pay_4519e3519f6a49,u_896295ebaf,card_2dbbeba5a4c646,404.65,referral_bonus_payout,2026-05-07T17:57:41,card
pay_0260c71c04d742,u_182a9332e5,card_06281c907c554e,494.85,referral_bonus_payout,2026-07-13T00:48:28,card
pay_487cdcca52504c,u_5926abacd9,card_936b6f65eb0442,464.34,referral_bonus_payout,2026-05-21T17:45:48,card
pay_fb5a576f6e6742,u_4399417338,card_c68df86ff5854c,378.49,referral_bonus_payout,2026-07-25T10:09:16,card
pay_f2dac7703aac4b,u_3433e78e53,card_a2b514ef7b5e46,259.53,referral_bonus_payout,2026-07-13T02:00:40,card
pay_a3d2666b5d0840,u_ce4bb294df,card_a082bd2cb1b247,246.69,referral_bonus_payout,2026-06-09T12:42:45,card
pay_19cd5ab917554f,u_49e49d567b,card_6afdd877b22b43,461.95,referral_bonus_payout,2026-06-21T11:37:13,card
pay_b2704e66c82d45,u_688ed66440,simonkhalsa@ybl,160.99,referral_bonus_payout,2026-06-13T16:40:50,upi
pay_23d4955b5de44f,u_93127f0537,card_36bcd86343c346,101.13,referral_bonus_payout,2026-03-07T07:16:45,card
pay_55e5afb274fb48,u_1cf4fbcb9c,card_2647585574e146,115.09,referral_bonus_payout,2026-04-18T04:36:40,card
pay_2672f3173a674d,u_0610cdf094,balneha@okicici,450.02,referral_bonus_payout,2026-03-28T05:53:46,upi
pay_05c84439cd1447,u_9f8eec3c0f,ranbirsaha@paytm,51.23,referral_bonus_payout,2026-05-12T09:29:44,upi
pay_c8d54df54cbf41,u_9964518fac,kala32@ybl,296.6,referral_bonus_payout,2026-07-06T11:42:56,upi
pay_bb3627ccd16c4c,u_4704315ff4,card_a704311d2ffa4f,318.67,referral_bonus_payout,2026-04-06T18:03:04,card
pay_beb4bbe04dd243,u_4574aa5fc0,card_4d46b26cd34d42,456.34,referral_bonus_payout,2026-06-21T09:13:09,card
pay_e7108988cdf94d,u_e99fa97196,viswanathanpavani@paytm,367.6,referral_bonus_payout,2026-05-16T14:56:40,upi
pay_89f295cd104a4a,u_2cdcf9a87f,card_2a08eeaab9cf42,271.17,referral_bonus_payout,2026-03-18T00:58:18,card
pay_c8b16f3017b04a,u_c36c9503e0,card_e39be62c9e6940,162.24,referral_bonus_payout,2026-06-04T22:42:16,card
pay_05b728503c2d45,u_d0bcc6b22f,card_8492bd5210f246,52.53,referral_bonus_payout,2026-04-29T03:48:13,card
pay_9563278f489949,u_67840d5be8,card_4ef2460761c340,376.51,referral_bonus_payout,2026-03-24T15:38:34,card
pay_ac231a56498e4f,u_095368f5b1,indirachawla@paytm,91.95,referral_bonus_payout,2026-07-20T22:16:37,upi
pay_23714452fbd246,u_0ab09ad10e,psahni@okicici,456.66,referral_bonus_payout,2026-05-05T13:24:30,upi
pay_93240c39d64940,u_00effa1f6c,ishaan50@okhdfcbank,314.21,referral_bonus_payout,2026-04-04T23:15:07,upi
pay_0eb5f5eedc6c40,u_15ca650476,card_bc580d08357b49,364.82,referral_bonus_payout,2026-06-29T07:07:31,card
pay_b925a3520d4341,u_877b219015,card_a53c207c5d7d40,419.88,referral_bonus_payout,2026-03-11T00:39:21,card
pay_90a0b4d4c0ce4b,u_bc394f72ea,card_3ebf04c355e84a,400.18,referral_bonus_payout,2026-05-07T14:03:44,card
pay_c9dafaec48c04f,u_9bbc410eea,card_4b0beef590544c,329.76,referral_bonus_payout,2026-04-02T02:03:34,card
pay_855b7a7fd5cc45,u_9382ccff37,bediishanvi@okhdfcbank,477.63,referral_bonus_payout,2026-04-11T17:35:10,upi
pay_6d26480361f442,u_e474399036,card_72ebf933d12040,60.93,referral_bonus_payout,2026-06-26T03:56:26,card
pay_33335cffc5124e,u_8c2a4330d8,card_f7c5319b40bc4e,239.5,referral_bonus_payout,2026-05-03T08:23:30,card
pay_a5e76ce6f6ad43,u_ec3cc750a0,card_d8151b4f9aca4d,284.83,referral_bonus_payout,2026-07-09T11:21:45,card
pay_3436c8a175f14c,u_17e7bb4ffa,card_57371b21608441,450.5,referral_bonus_payout,2026-04-10T11:38:49,card
pay_9e07ad59183342,u_98661330a4,card_dc3b7bb1872d46,442.77,referral_bonus_payout,2026-05-04T23:46:56,card
pay_ca799589506141,u_55d17f597d,card_4ebaeca9a84b4d,230.71,referral_bonus_payout,2026-07-27T12:08:45,card
pay_63d4a6ffbe3f45,u_6bce01b329,card_302f60dd938b43,203.08,referral_bonus_payout,2026-04-02T23:38:09,card
pay_10eb8973d28341,u_8402060404,jeevika39@ybl,434.38,referral_bonus_payout,2026-07-17T06:17:48,upi
pay_8242d1d463ec45,u_8dfa5e7c4e,bumbkamala@okicici,113.67,referral_bonus_payout,2026-03-16T23:07:30,upi
pay_4f50714d89b043,u_2199d3488e,card_1f21a8cf58454b,476.54,referral_bonus_payout,2026-03-13T20:20:09,card
pay_bd139e44816c45,u_ddf3fbe4b4,card_29aa606e960f47,212.1,referral_bonus_payout,2026-06-16T15:25:24,card
pay_47acd96617b045,u_d08980632e,card_a21ce347130a42,187.84,referral_bonus_payout,2026-04-25T23:43:18,card
pay_aedff3be88a347,u_a5a0d0cb64,achaudry@okicici,358.19,referral_bonus_payout,2026-05-22T07:40:16,upi
pay_b36331b993b641,u_65f35a4c35,card_59ee92e4247d4b,143.72,referral_bonus_payout,2026-07-24T12:04:18,card
pay_739b39286f4143,u_0f0bf25caf,card_9faf1e6254f347,356.65,referral_bonus_payout,2026-04-06T07:10:56,card
pay_a7822d063bfe44,u_bc074e9201,amol49@ybl,421.01,referral_bonus_payout,2026-04-24T20:09:47,upi
pay_f84d84a3fc124c,u_99544f2b05,card_8e71ce65e7f546,179.1,referral_bonus_payout,2026-05-22T16:11:48,card
pay_462a58789ae043,u_331c6af19a,kevinluthra@okicici,258.69,referral_bonus_payout,2026-05-06T21:59:23,upi
pay_96f6c417cf2c44,u_9202f8a006,krishnamurthytripti@okhdfcbank,235.42,referral_bonus_payout,2026-04-03T04:55:40,upi
pay_91a2640eaf9648,u_278a12b33d,bishakha35@okhdfcbank,125.22,referral_bonus_payout,2026-03-25T15:21:45,upi
pay_f2284f70553647,u_87f48079e4,card_c0258739d8ec4f,414.18,referral_bonus_payout,2026-05-14T06:45:18,card
pay_44577bb7b25941,u_02aac4bf9e,card_78eff8caa8494c,190.7,referral_bonus_payout,2026-05-13T01:37:27,card
pay_f172196f78da48,u_41e380f244,deywilliam@okhdfcbank,186.18,referral_bonus_payout,2026-04-25T09:04:34,upi
pay_59b9e842087a49,u_1bea1c80e0,balhaarkalita@ybl,207.72,referral_bonus_payout,2026-06-26T12:28:22,upi
pay_0c5c9aba943a44,u_c9660e0238,card_d8bd0ac74e0a42,183.8,referral_bonus_payout,2026-03-03T01:06:47,card
pay_e58ec75da98247,u_508959ef42,card_082f0df3d9a445,57.41,referral_bonus_payout,2026-05-09T14:31:49,card
pay_344e58bdaba843,u_2961a05e1a,card_b5fccf51c2e848,153.47,referral_bonus_payout,2026-06-20T14:56:18,card
pay_33d61960ea9944,u_d7e5948819,brindakumar@paytm,101.09,referral_bonus_payout,2026-03-05T17:02:21,upi
pay_300c40271f1d44,u_192326eace,bimalaagrawal@paytm,239.67,referral_bonus_payout,2026-06-01T18:27:52,upi
pay_6655920677b246,u_b0550243a4,aradhanaprashad@ybl,319.92,referral_bonus_payout,2026-07-04T11:51:16,upi
pay_cefd068418784b,u_a4a87e9e6b,card_d41cc2101da046,405.33,referral_bonus_payout,2026-06-04T15:42:04,card
pay_0fba03de0beb42,u_00e32f5356,card_71de1a05d91a44,128.99,referral_bonus_payout,2026-03-25T06:22:36,card
pay_e4333aef5d674c,u_69f0993d3f,mannlibni@okhdfcbank,240.59,referral_bonus_payout,2026-07-01T12:53:39,upi
pay_998bcdf483854a,u_cef2e47b32,amairakarnik@okicici,407.07,referral_bonus_payout,2026-03-11T20:52:03,upi
pay_620cae43abeb40,u_05454371d1,card_c00addb13db94b,195.79,referral_bonus_payout,2026-06-17T04:43:55,card
pay_96bcc8f2d5764b,u_db479c82a5,card_0c54eb3416e144,404.76,referral_bonus_payout,2026-05-26T07:03:37,card
pay_ef79853af46846,u_0602bc34e9,vaishnavisahota@paytm,366.75,referral_bonus_payout,2026-04-19T06:51:00,upi
pay_80c87324ef7f41,u_d53b19b4ad,card_b61d8cdef7c743,192.63,referral_bonus_payout,2026-05-19T13:26:38,card
pay_6f262df48c084c,u_61aa2d769e,devanshkar@okicici,455.06,referral_bonus_payout,2026-07-14T04:12:54,upi
pay_30ae5e72937547,u_3c973767c4,card_514369f803bc4c,103.86,referral_bonus_payout,2026-06-12T03:41:29,card
pay_bc1345541ff145,u_973af78539,kparikh@okicici,492.98,referral_bonus_payout,2026-06-13T09:07:27,upi
pay_2bfe4f7bfb6a4b,u_d2aeae6c06,card_c9df8574c1ad45,111.98,referral_bonus_payout,2026-07-19T15:06:19,card
pay_29c603657a954c,u_923a044dfb,card_522ba6fd82e040,311.25,referral_bonus_payout,2026-05-06T14:25:33,card
pay_c4c9b08550e349,u_5d347e8d45,opall@paytm,147.52,referral_bonus_payout,2026-05-05T07:13:46,upi
pay_8ac592f8e70643,u_cb40feb403,card_458585793b1e46,77.89,referral_bonus_payout,2026-06-21T12:36:58,card
pay_0e67cb45981e46,u_916107de31,ekantika15@ybl,199.7,referral_bonus_payout,2026-06-13T00:17:59,upi
pay_06de5381dd7c4f,u_e004214553,sara73@ybl,249.35,referral_bonus_payout,2026-04-23T23:47:57,upi
pay_3ba796a3840141,u_c013bfda3e,bavadivya@ybl,221.47,referral_bonus_payout,2026-05-14T04:56:22,upi
pay_5c08e140134b41,u_58099665d8,karan54@okicici,323.73,referral_bonus_payout,2026-03-13T16:23:30,upi
pay_6463b02273f34e,u_da226d2898,vihaan75@paytm,199.4,referral_bonus_payout,2026-07-19T23:40:30,upi
pay_2ea67cf2563f4e,u_fc73be2735,semadvaith@okhdfcbank,291.6,referral_bonus_payout,2026-05-13T08:54:41,upi
pay_95898bf3d5dc49,u_fc0f433a20,amol82@paytm,309.22,referral_bonus_payout,2026-04-24T20:24:01,upi
pay_98d9cf8674a142,u_c9389d97ff,victor76@okicici,252.98,referral_bonus_payout,2026-06-01T18:31:23,upi
pay_750e294ded2144,u_86add6942e,card_29b999afa4614f,189.92,referral_bonus_payout,2026-04-17T00:33:25,card
pay_a7b2d07729a84b,u_d810b4cb02,qadimdas@paytm,384.11,referral_bonus_payout,2026-05-18T01:31:16,upi
pay_8b3bd7bac9814a,u_af8d364e6f,card_0a4d31a9d4e94b,375.11,referral_bonus_payout,2026-04-18T00:43:04,card
pay_ffbec355079f4b,u_d7f5f69231,card_76efdf3890504c,341.75,referral_bonus_payout,2026-04-10T01:32:47,card
pay_e904bbd1081849,u_2692062334,card_3380d5c7559d4a,277.9,referral_bonus_payout,2026-07-24T10:08:01,card
pay_c666b4ece6f64d,u_349c540691,loyalnachiket@ybl,394.58,referral_bonus_payout,2026-03-09T10:28:16,upi
pay_333fb22adcf546,u_6ec4d7879c,card_dd7fabecb98e4d,95.64,referral_bonus_payout,2026-04-27T05:03:20,card
pay_2fbb3de12dda42,u_7bc27e2b43,gollaraghav@ybl,174.29,referral_bonus_payout,2026-03-20T19:27:52,upi
pay_5f28950fa1764c,u_613fb56d6b,card_1335a04dd50540,382.4,referral_bonus_payout,2026-06-30T07:20:42,card
pay_182ae69a83804c,u_2718b43be2,card_4659fc9070244f,212.98,referral_bonus_payout,2026-07-11T01:57:08,card
pay_f7810095e4d54a,u_cb38a7255a,ochokshi@ybl,220.6,referral_bonus_payout,2026-07-22T00:20:14,upi
pay_7c5547ddf3204f,u_3a32d624af,meghanatara@ybl,290.11,referral_bonus_payout,2026-04-04T13:03:32,upi
pay_f7762f928bee46,u_0feaf7df00,card_d5b895e31a884b,353.38,referral_bonus_payout,2026-03-08T07:05:32,card
pay_0381f9b351414e,u_359973d7db,rajukavya@paytm,224.54,referral_bonus_payout,2026-04-28T05:47:19,upi
pay_cbf5571ec9a840,u_17dfbb3b77,boaseaarav@paytm,361.03,referral_bonus_payout,2026-05-18T21:49:51,upi
pay_79e399a9e4644b,u_64a3333efd,jalsalall@ybl,304.3,referral_bonus_payout,2026-04-23T20:54:26,upi
pay_77b1ae1e410349,u_accabcf896,pooja36@okicici,302.99,referral_bonus_payout,2026-07-21T11:50:56,upi
pay_8fdb14c6eb5149,u_be8afb3585,cbadami@ybl,118.26,referral_bonus_payout,2026-04-11T07:07:13,upi
pay_155a8ac6b3984d,u_71b79cc36a,krishchakradhar@paytm,81.33,referral_bonus_payout,2026-03-12T13:55:13,upi
pay_e13329dab83143,u_93d1cce747,lila32@ybl,345.55,referral_bonus_payout,2026-03-17T20:47:02,upi
pay_abc8369d09054f,u_a8e7b7c1bc,card_e95357139f764c,126.67,referral_bonus_payout,2026-06-17T00:35:05,card
pay_6c505bf73b0147,u_39f77b0f70,card_766e4a7310bd4d,357.4,referral_bonus_payout,2026-06-24T02:43:43,card
pay_7089431835b74c,u_95e11f0f21,card_748ed473984647,395.02,referral_bonus_payout,2026-05-08T20:07:59,card
pay_df3c5b5d83924b,u_4f58a8466f,card_b7b4f290b14244,210.94,referral_bonus_payout,2026-03-24T18:27:15,card
pay_2200fb7b84804c,u_faa942fe2a,card_3417e499180648,217.55,referral_bonus_payout,2026-04-12T13:09:34,card
pay_c1e0ed36847b48,u_f5e447f2b4,tchawla@okicici,394.69,referral_bonus_payout,2026-05-18T12:40:17,upi
pay_23139dd1f82b4c,u_d2f986de08,joshuakapadia@paytm,196.19,referral_bonus_payout,2026-05-13T10:04:25,upi
pay_06764e4c348a43,u_1484a0e211,card_56b1b0654dd24c,241.85,referral_bonus_payout,2026-05-24T08:49:08,card
pay_9690bfc0270545,u_c8cbb692bd,nikitasehgal@okhdfcbank,398.62,referral_bonus_payout,2026-04-26T09:10:37,upi
pay_8067e85eeba84b,u_4f68da5a09,card_040db663699648,207.22,referral_bonus_payout,2026-07-08T16:06:27,card
pay_2385fada02bf41,u_5fab343ad6,gaurikasarkar@paytm,268.36,referral_bonus_payout,2026-06-28T17:18:38,upi
pay_0721a48bf68f41,u_63c8e7964d,sulejagrati@okicici,355.53,referral_bonus_payout,2026-03-10T04:27:55,upi
pay_ac80fdf6d2bc49,u_289780a57e,card_7b260fb565d24e,406.21,referral_bonus_payout,2026-03-24T05:17:19,card
pay_a130e684011b46,u_b854670528,hamble@okhdfcbank,129.7,referral_bonus_payout,2026-05-06T12:40:13,upi
pay_17c520f7ee174a,u_6d4fcb5486,maxmohanty@paytm,71.78,referral_bonus_payout,2026-07-07T11:52:28,upi
pay_31ef63d50a7041,u_fc1431f34b,card_cb84a14ab38c4a,241.98,referral_bonus_payout,2026-07-05T16:43:43,card
pay_9ccb5154b42241,u_a9a869903c,neelmore@ybl,324.34,referral_bonus_payout,2026-06-26T18:52:27,upi
pay_11b57b22a65b41,u_418838d34f,janani20@okhdfcbank,78.4,referral_bonus_payout,2026-07-14T01:42:12,upi
pay_39c7ba74450743,u_2c42441e1c,card_80f9b968bb5947,104.57,referral_bonus_payout,2026-03-29T19:19:32,card
pay_e5caca7d970e49,u_9b511468f0,card_b48118a548ba41,318.55,referral_bonus_payout,2026-05-31T09:21:37,card
pay_b59b9188a47c4b,u_7296c2635d,akshay14@okicici,474.72,referral_bonus_payout,2026-07-27T17:24:03,upi
pay_9f0b63d22b884a,u_25451d1eaa,card_b49dbdb4c3fc4f,54.05,referral_bonus_payout,2026-05-01T13:01:09,card
pay_ff5ab33a282349,u_1f46229ff5,eshana64@ybl,65.43,referral_bonus_payout,2026-07-21T15:00:58,upi
pay_c84433cb55c445,u_aac73cf684,card_917dc70638704d,205.22,referral_bonus_payout,2026-07-05T21:46:49,card
pay_068128aa50fa49,u_065c1e962a,card_c409bffd422842,440.25,referral_bonus_payout,2026-07-02T03:53:59,card
pay_0376bf181ba644,u_406799b85c,bariayagnesh@paytm,75.54,referral_bonus_payout,2026-07-27T21:30:12,upi
pay_15020ae1c30b4c,u_8dcd99f88f,card_c9dcfe91263440,187.59,referral_bonus_payout,2026-03-03T10:34:47,card
pay_d64841dd125a4e,u_6849b5b8c1,card_bb31b75bfbb444,114.97,referral_bonus_payout,2026-06-27T11:22:45,card
pay_986fb0af57f543,u_2e8922ba1e,card_ea81630a8f674b,124.81,referral_bonus_payout,2026-06-10T07:22:50,card
pay_49a8dc8dabaa40,u_827e0d6a85,card_334a0ab8625843,472.3,referral_bonus_payout,2026-06-06T09:42:24,card
pay_5c85f2d7817848,u_d7824eedc8,card_1a60a42985fa42,79.8,referral_bonus_payout,2026-03-27T08:10:20,card
pay_08e81f6d90b74d,u_d849b8f84e,ijayabaral@okicici,419.28,referral_bonus_payout,2026-05-01T00:11:17,upi
pay_b6523d4e627946,u_5048d0cd49,nigamkrishna@paytm,190.34,referral_bonus_payout,2026-05-19T20:49:16,upi
pay_cb14e796710d46,u_3521f688b3,kranganathan@ybl,346.15,referral_bonus_payout,2026-05-22T04:56:53,upi
pay_b71382a92a1046,u_e1830d8026,nirjabath@ybl,226.08,referral_bonus_payout,2026-06-30T14:11:58,upi
pay_c2ed328dbbcf47,u_162bdbfa87,dhritiamble@paytm,186.2,referral_bonus_payout,2026-03-24T01:46:17,upi
pay_c823583b5bc340,u_8958e5aee8,prakashabeer@okhdfcbank,193.88,referral_bonus_payout,2026-05-28T17:03:30,upi
pay_9928897d20df40,u_080060e070,card_f83b9a5ed04048,287.01,referral_bonus_payout,2026-03-11T12:29:12,card
pay_d912f627efd644,u_46beaad873,vchana@okhdfcbank,159.22,referral_bonus_payout,2026-04-21T16:19:13,upi
pay_b7ff3347f2804a,u_9c5b5e3456,halderlekha@okhdfcbank,402.96,referral_bonus_payout,2026-06-01T14:32:23,upi
pay_c1519be65a7c41,u_68101e9f32,card_821fc52d2ab847,320.21,referral_bonus_payout,2026-05-08T21:52:29,card
pay_75cf8c21a6f344,u_6b7a983ffb,card_c786dee9493843,308.43,referral_bonus_payout,2026-07-22T22:53:58,card
pay_bea291071fb646,u_60bce0395f,card_bc43a3a540c64c,499.2,referral_bonus_payout,2026-07-25T12:45:28,card
pay_f4b2aa01a56c4e,u_3ed4a06066,card_f8c4c3cca56c4b,437.46,referral_bonus_payout,2026-05-24T17:09:47,card
pay_c3f665ff565c4a,u_679a63eca3,card_41420759945b4f,75.04,referral_bonus_payout,2026-04-30T08:36:34,card
pay_f03b3ab54b8740,u_22b450d534,kaulpooja@okhdfcbank,273.61,referral_bonus_payout,2026-05-24T11:53:10,upi
pay_cd0951db1c0940,u_36c2ff5882,card_c7f45a9f2d0d40,297.57,referral_bonus_payout,2026-06-19T05:20:51,card
pay_789242bfbe7946,u_1285d00032,daksha85@okhdfcbank,378.95,referral_bonus_payout,2026-05-29T02:49:03,upi
pay_5619032c6da74a,u_8b0fe37c95,veda17@okicici,196.12,referral_bonus_payout,2026-05-09T10:13:21,upi
pay_a25df1c9c22941,u_356d887085,otalwar@ybl,311.29,referral_bonus_payout,2026-06-17T12:24:00,upi
pay_069ce1d980204d,u_38dad862a3,card_8a2dc2677b9147,337.29,referral_bonus_payout,2026-04-08T10:18:11,card
pay_d8183286bd9a45,u_d2aff5d85f,hredhaan68@okhdfcbank,336.18,referral_bonus_payout,2026-03-31T11:17:08,upi
pay_e4ba565af63546,u_871f103572,card_ba41ddd6b4bf4d,171.0,referral_bonus_payout,2026-03-28T00:08:03,card
pay_7feec8018e564e,u_8c8c655d46,henrykakar@paytm,53.09,referral_bonus_payout,2026-06-13T00:28:19,upi
pay_b93d9880688f45,u_69d852497e,ekaraj47@paytm,369.56,referral_bonus_payout,2026-06-04T07:27:56,upi
pay_286c1629f2074f,u_4ee84d8881,urvi11@ybl,214.17,referral_bonus_payout,2026-06-12T12:49:52,upi
pay_4f2925ff422747,u_eed35173fd,card_7b77c9852d604f,301.65,referral_bonus_payout,2026-06-20T06:03:22,card
pay_010243e03a1d42,u_da7eba678b,oscar15@okhdfcbank,227.08,referral_bonus_payout,2026-03-20T10:35:23,upi
pay_1cc5f26805ec4d,u_76df11eeac,card_6d09739957034a,413.91,referral_bonus_payout,2026-04-18T06:01:47,card
pay_0612f13077cf41,u_f5cd9fe387,jmall@paytm,252.64,referral_bonus_payout,2026-06-15T22:53:17,upi
pay_81e04577215d49,u_cb215956d7,cherianhema@okhdfcbank,458.79,referral_bonus_payout,2026-07-14T10:21:26,upi
pay_ffc52d0e541041,u_469983e780,card_8018b234781145,317.06,referral_bonus_payout,2026-06-03T02:47:58,card
pay_145efe84d72b41,u_c37d4d3fee,card_cce865c353fb4a,332.64,referral_bonus_payout,2026-06-24T04:11:05,card
pay_45aeb344f8d843,u_a1fb85c39c,card_914e3158643649,164.29,referral_bonus_payout,2026-03-14T10:49:17,card
pay_bc411ae5bf2a40,u_a0388174f9,card_b7c6362eeda040,407.09,referral_bonus_payout,2026-07-12T18:11:07,card
pay_d0c9e8bb992144,u_d937bbcb71,card_8d49f7216eb948,93.28,referral_bonus_payout,2026-06-12T06:43:31,card
pay_fbc3ebdcc8a040,u_0259d5800a,card_5e97976a90c449,61.29,referral_bonus_payout,2026-05-05T22:32:52,card
pay_fc7b7f4b5c7a44,u_cb887a7f88,card_e4bd14e2738c4b,236.22,referral_bonus_payout,2026-04-03T04:04:47,card
pay_0ff1d84b2c2247,u_7102fc4866,knazareth@okhdfcbank,103.13,referral_bonus_payout,2026-06-23T18:46:16,upi
pay_42ed31b558a74a,u_95a5ab61e6,shivanipanchal@okhdfcbank,426.23,referral_bonus_payout,2026-05-16T21:42:07,upi
pay_8f05d08f2a0540,u_49dc066dfb,card_8e41af313a3b4a,106.58,referral_bonus_payout,2026-06-02T10:15:26,card
pay_645a9508f27641,u_c44adb1f1e,lvarkey@ybl,245.5,referral_bonus_payout,2026-06-09T17:05:47,upi
pay_8d72ea5d915b43,u_21cfa85267,card_ecd28bedcbc242,315.43,referral_bonus_payout,2026-05-16T04:17:59,card
pay_a9400491077249,u_244903e15c,card_34de1f91d12947,404.11,referral_bonus_payout,2026-05-19T21:29:32,card
pay_df8f4647f2db4b,u_53052d1cb0,card_1ca559d3301a49,218.87,referral_bonus_payout,2026-07-09T08:35:20,card
pay_cac612882d4b4a,u_1e762c1eea,card_8fbce551ef8149,286.96,referral_bonus_payout,2026-05-03T04:05:32,card
pay_6ea7c60d5ec84e,u_a299914237,card_b464d89b113145,354.1,referral_bonus_payout,2026-06-13T03:38:52,card
pay_1d9e0112b18540,u_57432c651c,loyalrayaan@okicici,199.33,referral_bonus_payout,2026-07-07T08:47:52,upi
pay_87241fbfac8441,u_9c1527e208,card_cdb40a01f4984b,272.79,referral_bonus_payout,2026-03-01T04:22:31,card
pay_0c423e2913fd41,u_34f5d5aa1c,zshenoy@okhdfcbank,213.9,referral_bonus_payout,2026-06-02T07:57:30,upi
pay_42f69e1552204b,u_03dfba1f7e,bbora@okicici,104.53,referral_bonus_payout,2026-05-18T19:07:10,upi
pay_e260262f09d84f,u_8cbbbf0bf2,nagyjyoti@okicici,493.03,referral_bonus_payout,2026-03-05T21:38:13,upi
pay_6477a616936a43,u_f560569c78,yochana29@paytm,112.97,referral_bonus_payout,2026-03-28T04:17:20,upi
pay_5453bb6564fc41,u_c372742e68,card_33615afa2b6f4f,237.21,referral_bonus_payout,2026-04-05T01:59:40,card
pay_003c93972a7746,u_6350c016bd,card_8483108d683b47,290.88,referral_bonus_payout,2026-06-07T18:48:12,card
pay_27129a6c683a48,u_7c8868cc10,ckalita@ybl,429.59,referral_bonus_payout,2026-04-15T22:40:42,upi
pay_83b3b4cdfbe04b,u_5d044c4ad1,card_14786b0e2d5345,320.8,referral_bonus_payout,2026-07-26T00:11:55,card
pay_5c58c1990d1843,u_04c66c6db7,card_304f0977845341,402.19,referral_bonus_payout,2026-03-27T09:32:16,card
pay_dd4ceee02e7042,u_e2cf7d0d93,hdoctor@okicici,187.35,referral_bonus_payout,2026-04-29T08:35:08,upi
pay_2ed7cdf69c2b4f,u_d1fc15e804,sanaya74@paytm,300.14,referral_bonus_payout,2026-04-14T14:49:11,upi
pay_4eb296cf70de40,u_70ee82bc80,card_b08273957c5d4e,389.71,referral_bonus_payout,2026-03-01T08:29:26,card
pay_890cb7651c0c46,u_6b794641e0,card_867220e7568d40,443.57,referral_bonus_payout,2026-06-01T18:22:46,card
pay_c3a81e24f7ef41,u_5c90caea35,ramantristan@okhdfcbank,325.11,referral_bonus_payout,2026-04-21T02:05:24,upi
pay_fabc95133a424c,u_29e1e0f366,warriorabeer@okicici,363.94,referral_bonus_payout,2026-04-16T10:53:38,upi
pay_7efa70889baf44,u_77a8b70804,card_7ce13d17d5ce47,142.23,referral_bonus_payout,2026-04-19T08:59:33,card
pay_82f21827e9de40,u_616e40032a,reyansh44@okhdfcbank,416.37,referral_bonus_payout,2026-06-27T22:42:29,upi
pay_2530771c9be34c,u_ed47801124,card_b85204a3fa2a4c,317.03,referral_bonus_payout,2026-04-24T15:11:04,card
pay_cbaa24610b464f,u_6cf6c4c672,chakrikaparekh@okhdfcbank,444.85,referral_bonus_payout,2026-03-28T21:36:23,upi
pay_5ef0a9aba5ab4b,u_ba6aa6a86a,harish80@ybl,71.61,referral_bonus_payout,2026-03-03T04:59:50,upi
pay_73b0ff21ffd945,u_9e80869c4e,card_62380ef0673c4d,75.93,referral_bonus_payout,2026-03-03T02:49:20,card
pay_846fdf2dc53f49,u_a4ec134840,reyansh43@okicici,390.48,referral_bonus_payout,2026-04-09T10:05:33,upi
pay_c60d629965ff43,u_2efbfdd5a7,saanvisami@okicici,416.4,referral_bonus_payout,2026-05-09T08:00:05,upi
pay_1389d5d0aead40,u_4993d74c4a,card_c4e3b49cfb984b,90.08,referral_bonus_payout,2026-04-21T23:47:56,card
pay_f442491e9d704a,u_e0b2aaf552,card_bae77055c0f648,254.55,referral_bonus_payout,2026-06-10T08:33:02,card
pay_bd39fb809a5c4f,u_a011a17095,card_a85a48ab4ef940,310.69,referral_bonus_payout,2026-05-31T10:56:40,card
pay_10d8901dd8a546,u_5681d766ee,card_c479cc3ef5944c,285.4,referral_bonus_payout,2026-04-28T06:39:05,card
pay_8e28d58fd75946,u_c1388051fd,card_d6226e6e070f47,299.5,referral_bonus_payout,2026-05-05T00:08:17,card
pay_ace9d86318f24a,u_f5fa10d48e,card_e40fa16874664f,249.33,referral_bonus_payout,2026-07-25T00:27:59,card
pay_df1b2a46bc1e4d,u_3fcdd6d152,aadhyawable@okhdfcbank,186.94,referral_bonus_payout,2026-03-24T06:32:50,upi
pay_ad2bb1d01ff24e,u_506a5e77ab,card_a7ba4ee41a2249,241.66,referral_bonus_payout,2026-05-16T14:13:44,card
pay_0cd6092cdc8d4a,u_028d53ff84,cdeshpande@paytm,136.85,referral_bonus_payout,2026-04-20T17:45:09,upi
pay_f2c9462ead0641,u_a4b6b5748a,dinyug@paytm,312.41,referral_bonus_payout,2026-06-21T12:38:15,upi
pay_d332547eef3d45,u_74050bc1b4,card_91df1c2e29084c,335.25,referral_bonus_payout,2026-07-24T15:33:31,card
pay_bdb0152d800346,u_93fef605e2,card_fb5a512c4e964f,211.21,referral_bonus_payout,2026-07-10T18:57:16,card
pay_829ce40f1c1f4f,u_203862113d,card_7ae2d4ecf5c146,375.52,referral_bonus_payout,2026-05-28T06:33:28,card
pay_03836c2f65bb4b,u_2030eb879d,agatetejas@paytm,84.52,referral_bonus_payout,2026-05-19T15:57:42,upi
pay_f508aabc251646,u_1dc901c5d0,card_49bb27e33f8c4a,68.82,referral_bonus_payout,2026-05-22T05:34:27,card
pay_aef1199b74b34f,u_666f86653a,nirjakonda@okhdfcbank,307.37,referral_bonus_payout,2026-07-07T21:58:39,upi
pay_cebabbf6d4ce4c,u_cabeb30496,card_4ca442342b934e,310.93,referral_bonus_payout,2026-05-24T14:05:50,card
pay_d5ccbd8211b843,u_e34e563faf,card_7125a7dad7d040,334.16,referral_bonus_payout,2026-04-27T23:52:01,card
pay_381c850ac9574b,u_7f1ec6e809,veerdutt@paytm,95.18,referral_bonus_payout,2026-03-27T00:02:50,upi
pay_997a5944a0aa4e,u_39788ae793,card_b01ed08018e541,166.6,referral_bonus_payout,2026-07-21T11:50:10,card
pay_3a5e3ca7570d44,u_ad45780499,card_6d61015e29d046,277.5,referral_bonus_payout,2026-05-18T11:58:20,card
pay_882c3c31cc214f,u_b95e0c1bb9,kamala23@paytm,326.36,referral_bonus_payout,2026-03-30T10:52:40,upi
pay_24b0f04e48b140,u_d8a329762f,lilapal@ybl,229.04,referral_bonus_payout,2026-04-22T09:55:49,upi
pay_d2b8834ea06845,u_7767cb1240,card_f5fa09bd6cf44b,454.85,referral_bonus_payout,2026-04-17T18:36:58,card
pay_78b6ffe89e5e44,u_da8fa66deb,vanshanigam@ybl,137.66,referral_bonus_payout,2026-07-18T04:16:51,upi
pay_d28bbef0ed1e45,u_3e0558abfb,wdoctor@okicici,350.07,referral_bonus_payout,2026-06-16T04:26:56,upi
pay_49ced68b4c1a49,u_499989f1ea,card_a2cf560fa8664d,384.21,referral_bonus_payout,2026-05-28T06:43:44,card
pay_81df63fd3aa344,u_2315bbb125,card_6ca09f7146514e,405.63,referral_bonus_payout,2026-04-15T13:24:27,card
pay_246afa9e77f74d,u_cbba7f49dc,urmimunshi@paytm,157.71,referral_bonus_payout,2026-06-10T06:38:10,upi
pay_9666e4ed0a1f4a,u_a44e2a579b,sluthra@okhdfcbank,303.22,referral_bonus_payout,2026-03-12T01:06:13,upi
pay_31407b36551244,u_90265aeab8,card_ff5cc55f0ef941,319.58,referral_bonus_payout,2026-05-05T03:19:05,card
pay_4d9725d8cd634e,u_d2dd2cf180,qvala@paytm,398.49,referral_bonus_payout,2026-03-22T20:42:42,upi
pay_487f48124cc149,u_e5f05baae5,card_96ae762fd3c343,307.25,referral_bonus_payout,2026-05-03T06:32:14,card
pay_4683cb22095d42,u_3d5be97118,hwarrior@okicici,262.03,referral_bonus_payout,2026-05-06T15:03:20,upi
pay_1d47c223ea5c42,u_9f13644448,card_53d5457a1c344d,399.16,referral_bonus_payout,2026-04-22T13:41:10,card
pay_58815e0df21549,u_54f048d72f,card_a1600c1aabbc41,275.74,referral_bonus_payout,2026-05-09T15:57:48,card
pay_05536fb2bd3743,u_5540b3fdc1,card_f5b95e95096145,156.74,referral_bonus_payout,2026-03-10T11:50:58,card
pay_0df71639f73442,u_5bb3633040,card_c7c2f0933b1f4a,261.98,referral_bonus_payout,2026-04-22T08:25:28,card
pay_2b242058d4eb4c,u_673a34fef4,card_157dd28238224a,303.43,referral_bonus_payout,2026-04-13T05:41:17,card
pay_7175bea0f35844,u_af7615584c,card_cab3c435bcbd4b,385.87,referral_bonus_payout,2026-05-25T01:14:27,card
pay_61d2a584f9e54c,u_d666b28a21,fdevan@paytm,410.97,referral_bonus_payout,2026-05-30T20:35:24,upi
pay_0db9adf7a70442,u_5ffa9d6bbd,card_abb3c751363849,57.43,referral_bonus_payout,2026-04-25T13:14:06,card
pay_98e7733c1ff046,u_5e7ab023b0,card_50a253febd9745,419.52,referral_bonus_payout,2026-03-23T21:13:01,card
pay_2dbd1c2041e243,u_c3b0071db3,card_cf36ef25587246,316.14,referral_bonus_payout,2026-04-27T08:37:22,card
pay_66432271081647,u_9cd3b108a1,lakshbadami@okhdfcbank,473.42,referral_bonus_payout,2026-06-20T15:55:47,upi
pay_12ad1316dd8649,u_9015403a53,knadig@ybl,353.57,referral_bonus_payout,2026-04-02T21:17:32,upi
pay_fc20616f753e42,u_1333269872,vganesan@okhdfcbank,237.49,referral_bonus_payout,2026-07-13T13:33:36,upi
pay_1c782a77510640,u_475ed0b949,warda66@paytm,186.37,referral_bonus_payout,2026-05-22T03:27:27,upi
pay_1cc42ee2cf4140,u_850a0d2207,thomasnarula@okicici,178.76,referral_bonus_payout,2026-04-10T08:18:26,upi
pay_d7d8b046bf184e,u_d0cd7fbd6b,prabhakarjanya@ybl,316.37,referral_bonus_payout,2026-04-08T15:10:16,upi
pay_e4728c185fd74b,u_632205018c,mitali28@paytm,133.03,referral_bonus_payout,2026-05-29T09:52:29,upi
pay_0db539661bd940,u_eee545e720,card_63e6ace1c9054e,97.39,referral_bonus_payout,2026-06-01T14:39:24,card
pay_d61ce68a0fb641,u_f6b5ffd515,card_f7266d08c21c40,217.52,referral_bonus_payout,2026-04-28T19:40:36,card
pay_8338251f8e4c49,u_11449daad2,card_c4ce1a74ec0d4f,378.1,referral_bonus_payout,2026-03-13T04:30:09,card
pay_b04a324d08644a,u_27a82a17ef,deoonkar@okicici,436.31,referral_bonus_payout,2026-04-09T09:55:04,upi
pay_44cdeba8273344,u_b7266a3115,garggeorge@ybl,106.96,referral_bonus_payout,2026-04-15T23:03:56,upi
pay_38ae3e16700f40,u_b11a9fd3e6,card_a8332621922440,118.14,referral_bonus_payout,2026-04-06T16:56:12,card
pay_9c47e08f2b7744,u_6ed9633027,card_f310ce6a1b584a,455.68,referral_bonus_payout,2026-07-12T19:35:17,card
pay_44cf76c218ab4e,u_418aca6ea2,card_a4762f08b36440,364.02,referral_bonus_payout,2026-04-22T05:38:03,card
pay_a51bf29592dc47,u_59143ece3b,card_35730df9f40c46,438.17,referral_bonus_payout,2026-06-30T23:06:32,card
pay_77c03aa6378d48,u_b03d4df6fa,duttpallavi@paytm,432.84,referral_bonus_payout,2026-07-22T16:04:41,upi
pay_01f2fc9b6fd948,u_97ee8a817e,card_61e864138d1343,492.09,referral_bonus_payout,2026-06-11T01:48:05,card
pay_086db19fbd4943,u_90ef07a44b,card_97faaa143de74f,267.11,referral_bonus_payout,2026-04-19T05:31:03,card
pay_8881d771d8a14b,u_1b90d98077,onkar66@okicici,258.58,referral_bonus_payout,2026-03-01T20:37:42,upi
pay_1b28e008f0b140,u_1849d3d143,card_e94d82f06a7a48,385.29,referral_bonus_payout,2026-04-05T20:50:19,card
pay_a6b794ba8d4b4e,u_5c8a429227,tdhar@okhdfcbank,151.71,referral_bonus_payout,2026-03-01T08:20:35,upi
pay_d1c9d96eb5dc4a,u_5872a85cd2,gabrielmagar@paytm,218.47,referral_bonus_payout,2026-05-12T17:25:00,upi
pay_7ad032948e3646,u_606010e2fa,card_a733577afaab49,79.68,referral_bonus_payout,2026-07-07T12:28:12,card
pay_1f3c748bdfb54b,u_0971a43022,magarvarenya@okicici,182.16,referral_bonus_payout,2026-07-17T22:05:23,upi
pay_e0602a5df6a041,u_f148938426,ghosedaniel@paytm,356.49,referral_bonus_payout,2026-03-21T08:22:22,upi
pay_d317ec806d8b44,u_770879cde7,card_bad8a105d9e84a,302.16,referral_bonus_payout,2026-04-03T09:52:57,card
pay_734080b66d214c,u_320f14ca95,card_d7ae88768b8e43,439.21,referral_bonus_payout,2026-06-26T05:30:17,card
pay_c62eedd0bdab4d,u_a021fd7aac,card_ecfc3e5c466945,247.72,referral_bonus_payout,2026-04-01T22:47:51,card
pay_5ed593bcaa3b4b,u_2097e76afe,card_a0e7182125f64d,296.04,referral_bonus_payout,2026-06-24T09:55:16,card
pay_cae31c5f838d45,u_6ffd5b2468,unadkarni@okicici,88.29,referral_bonus_payout,2026-05-07T11:06:30,upi
pay_d827600b9d894c,u_01687a7528,jeevika30@paytm,326.28,referral_bonus_payout,2026-04-24T13:41:00,upi
pay_042f3e66ba1547,u_95dff65b5a,card_537093ae7fce40,314.23,referral_bonus_payout,2026-05-14T09:52:41,card
pay_ea3b1ab955374e,u_de9d8fe46e,card_c60b91da53304d,281.74,referral_bonus_payout,2026-06-26T21:08:10,card
pay_f998a09fbc7941,u_2e936c3952,ydubey@okhdfcbank,278.55,referral_bonus_payout,2026-03-07T04:01:39,upi
pay_15706a918fe54d,u_6586d4dbe5,veda58@paytm,153.7,referral_bonus_payout,2026-07-19T19:52:58,upi
pay_9edefc6d23bb41,u_1a8303fe3e,card_f78171a703c14a,258.37,referral_bonus_payout,2026-03-03T20:57:32,card
pay_b4a5f535de6644,u_8a7d903f05,card_4eb8ce78de4c4e,424.83,referral_bonus_payout,2026-03-04T21:28:40,card
pay_0fcdba8fe97743,u_57f120b283,qasimchhabra@okicici,348.38,referral_bonus_payout,2026-05-02T15:17:53,upi
pay_9942947fe00a48,u_98df0dea4e,nilima23@okhdfcbank,199.49,referral_bonus_payout,2026-04-19T02:59:47,upi
pay_d780e9da7a7343,u_dbe2e78574,aashi97@okicici,454.83,referral_bonus_payout,2026-05-27T22:57:54,upi
pay_d22c24d1fd134d,u_bcef462261,card_b885b087a0554d,264.4,referral_bonus_payout,2026-05-01T13:53:11,card
pay_573c44246e7a49,u_5a67787f93,card_0646a474663f44,150.53,referral_bonus_payout,2026-04-08T07:26:02,card
pay_ce2000cec9a248,u_01589f8efa,tthaker@okhdfcbank,332.27,referral_bonus_payout,2026-06-17T23:15:24,upi
pay_cc227449d2344d,u_4ff3186927,card_23ece6d76aad44,223.12,referral_bonus_payout,2026-07-03T00:32:32,card
pay_78101a90c8e44e,u_feeee39bef,card_787b70ffcecd44,350.05,referral_bonus_payout,2026-07-27T23:29:33,card
pay_7310eb149fd943,u_79005c4e88,timothydora@paytm,287.69,referral_bonus_payout,2026-05-11T19:06:57,upi
pay_305480cc90f042,u_a0dde1ac01,bavaekantika@ybl,321.17,referral_bonus_payout,2026-06-24T22:44:34,upi
pay_42c5fa5cd92d45,u_e655aa3b45,card_e27842d4345f4a,120.81,referral_bonus_payout,2026-06-04T03:39:11,card
pay_5dd28f4a22ef42,u_fb7c7a2742,zayanrana@ybl,490.66,referral_bonus_payout,2026-04-23T07:24:17,upi
pay_95069284471d4d,u_f4354a736e,card_b592e514985449,58.88,referral_bonus_payout,2026-04-02T15:04:25,card
pay_5ebc4bf052c741,u_6ac2969e0e,card_31d3aca0146943,90.07,referral_bonus_payout,2026-05-17T11:22:05,card
pay_ad9fa81e8ff947,u_49743b0c65,tarakmall@okhdfcbank,437.48,referral_bonus_payout,2026-05-08T20:16:52,upi
pay_bf12f4be16234b,u_63c2450624,maxjani@ybl,173.08,referral_bonus_payout,2026-05-25T12:28:06,upi
pay_8157e45f81f14d,u_9268011f06,card_53f0eae40f8046,307.6,referral_bonus_payout,2026-03-26T10:14:02,card
pay_8aab5a054f8148,u_866ab4d75b,kvora@paytm,119.68,referral_bonus_payout,2026-05-21T17:00:34,upi
pay_ca71c424694745,u_14f50532ae,card_45653d9e1feb4c,263.83,referral_bonus_payout,2026-03-11T19:18:33,card
pay_9c0519f63a8948,u_e69461152f,fsidhu@okicici,447.51,referral_bonus_payout,2026-04-12T21:21:56,upi
pay_1f82a49a34e44d,u_100973f6a9,varshasheth@okhdfcbank,300.41,referral_bonus_payout,2026-05-24T19:30:03,upi
pay_456ec25f199a40,u_0cb6a1d744,card_1ed9d3dc168e4c,493.68,referral_bonus_payout,2026-06-03T01:01:52,card
pay_de1ae73623624c,u_46b61986fa,zansi04@okhdfcbank,497.45,referral_bonus_payout,2026-06-06T08:04:23,upi
pay_3cfc06d95a6f48,u_3af06acbab,card_ed02d76b73c941,471.75,referral_bonus_payout,2026-04-26T10:29:02,card
pay_300976081ddf43,u_388de7ab9a,abhimanyu77@ybl,404.58,referral_bonus_payout,2026-06-21T05:48:41,upi
pay_41ca612e2f0e49,u_8e56720409,card_999f69fe2c7f4d,283.66,referral_bonus_payout,2026-04-23T16:15:00,card
pay_4cfefafc953a43,u_ab4516fe33,trivenimadan@ybl,170.76,referral_bonus_payout,2026-05-04T21:08:42,upi
pay_720a351c4de74a,u_9d57dd87d5,fsastry@okhdfcbank,256.46,referral_bonus_payout,2026-06-25T02:22:28,upi
pay_14c270e062444f,u_e4bd298b60,card_6442f8f55b7843,341.91,referral_bonus_payout,2026-04-26T19:58:19,card
pay_65186c43ddf34f,u_5f6ebe1c88,card_8d44c6fbcd2541,205.65,referral_bonus_payout,2026-04-06T05:00:52,card
pay_78753a44659a47,u_6086f108e5,nathan76@paytm,407.51,referral_bonus_payout,2026-06-21T16:13:32,upi
pay_70b988091db744,u_2226ef325d,kumarridhi@okhdfcbank,176.37,referral_bonus_payout,2026-06-03T11:55:11,upi
pay_f4f83cf1d55f4e,u_862e0e101b,maya15@ybl,71.49,referral_bonus_payout,2026-03-06T16:20:25,upi
pay_ebd3b3e143ef4c,u_afd232cf61,card_2b56063853b14c,421.14,referral_bonus_payout,2026-06-17T09:10:31,card
pay_50436be0411b49,u_331285ec9f,unni98@okicici,410.13,referral_bonus_payout,2026-06-28T20:56:46,upi
pay_6530f04c390f4e,u_fb6878f93c,shahishaan@paytm,269.21,referral_bonus_payout,2026-06-29T13:16:01,upi
pay_2b764ece9d6c40,u_56748d0247,wardadeol@okicici,287.18,referral_bonus_payout,2026-06-09T12:13:05,upi
pay_f6e0af9d745245,u_b140d734be,card_0811db6a47dd43,275.61,referral_bonus_payout,2026-05-29T07:32:17,card
pay_ff24fcd95f2541,u_2ae1e71d17,card_96e6cf7ba08f49,217.4,referral_bonus_payout,2026-06-17T18:28:42,card
pay_06cd6b3692f94d,u_26dac04cd8,radha12@okicici,376.01,referral_bonus_payout,2026-07-08T13:47:04,upi
pay_fb4ae3231de84f,u_46c480bcc6,karan50@ybl,125.49,referral_bonus_payout,2026-03-01T19:25:12,upi
pay_21f95dac7da843,u_1ef79173ce,card_e08830d1228f46,341.5,referral_bonus_payout,2026-03-30T12:02:14,card
pay_3442d46432934a,u_f61026ff95,card_a3ede259bbb948,401.67,referral_bonus_payout,2026-05-01T16:33:12,card
pay_1b5f988b6ee548,u_364c0cd47b,oshere@okicici,257.76,referral_bonus_payout,2026-04-30T09:21:51,upi
pay_5a8c210f407d4e,u_616496ead8,waglehemang@ybl,184.35,referral_bonus_payout,2026-06-14T01:29:33,upi
pay_88c97957cab04b,u_329050f52b,jvig@okhdfcbank,403.4,referral_bonus_payout,2026-04-24T04:00:13,upi
pay_79e125299e934c,u_9797a86f6a,card_b5ea74dd85e74e,155.95,referral_bonus_payout,2026-05-11T05:35:02,card
pay_6822d92518b64b,u_0659102e17,qarin89@paytm,397.97,referral_bonus_payout,2026-04-23T12:01:06,upi
pay_9f70bfb1c08148,u_a978d5d1c9,card_21fd75684a204d,128.99,referral_bonus_payout,2026-07-21T05:00:01,card
pay_2b7f443397cc4d,u_cdf185b6b2,card_d6ca85c70c9c49,211.12,referral_bonus_payout,2026-04-15T15:57:02,card
pay_38406d28062545,u_8083442e89,card_97b53e613bfc49,226.57,referral_bonus_payout,2026-04-11T07:40:13,card
pay_312c7f2e18534e,u_f676b33b3b,card_ab033da140334c,286.52,referral_bonus_payout,2026-05-15T13:30:27,card
pay_7f1588a2b02d44,u_5e828c8317,shaurya79@ybl,61.06,referral_bonus_payout,2026-05-01T03:30:32,upi
pay_dbcf4f82cbf149,u_5db843aac9,card_4e629ac8621543,188.12,referral_bonus_payout,2026-05-31T01:02:21,card
pay_041fd36908f541,u_476a8ac1e4,card_53b1fc77e7bb42,220.56,referral_bonus_payout,2026-03-28T16:19:33,card
pay_92a27efe360b4f,u_751a155d25,card_5fbab2be739047,163.7,referral_bonus_payout,2026-06-08T22:47:42,card
pay_b993b27ca73540,u_65f18a92ea,shroffsimon@ybl,405.24,referral_bonus_payout,2026-03-03T17:19:16,upi
pay_71c4d9bcb21640,u_36e425ebce,santatharv@okhdfcbank,478.26,referral_bonus_payout,2026-05-14T18:45:37,upi
pay_3be3279d2aa349,u_0ab29e9900,card_51803218c98444,232.04,referral_bonus_payout,2026-06-27T20:23:54,card
pay_2b3a0b49a37340,u_13d9764f31,card_c9b286a434334a,416.74,referral_bonus_payout,2026-05-01T10:01:47,card
pay_c522588742454d,u_11d959a93b,tanmayiverma@okicici,342.58,referral_bonus_payout,2026-05-07T02:18:17,upi
pay_879b84eadf3347,u_20baf34fb9,meghashan@paytm,416.52,referral_bonus_payout,2026-06-03T10:58:44,upi
pay_8a55ef3d65ee46,u_fe4e94efaa,card_8d448ac0d6af40,492.8,referral_bonus_payout,2026-06-13T00:50:19,card
pay_8a4d22af2e4f4c,u_4f10902b53,card_939e2332e4e84d,143.39,referral_bonus_payout,2026-03-01T09:43:49,card
pay_37f0263c148848,u_3d0b06b3ff,omkaarprashad@ybl,224.26,referral_bonus_payout,2026-03-02T22:29:12,upi
pay_c4b2195182404b,u_dc217156dc,card_ade5a63f4d344e,60.97,referral_bonus_payout,2026-07-27T05:02:49,card
pay_880fe593d6cb44,u_3cb021327c,card_116511aadc574d,438.91,referral_bonus_payout,2026-06-29T11:23:59,card
pay_5edab2a1cc8340,u_83ed689ca5,card_728b7b23837e4d,319.72,referral_bonus_payout,2026-07-15T11:25:19,card
pay_ef5addee16da44,u_db76574365,card_bacd8d48f07d48,370.4,referral_bonus_payout,2026-07-27T05:14:24,card
pay_1321b2e86a3c43,u_308a13944d,fkashyap@ybl,287.92,referral_bonus_payout,2026-06-25T05:59:04,upi
pay_85d0b9b094434b,u_d016e218f1,balasubramaniansiya@okhdfcbank,396.34,referral_bonus_payout,2026-03-29T05:28:06,upi
pay_cb666d0474574d,u_ce48fc96f8,card_ae52e39edd4a4c,243.8,referral_bonus_payout,2026-04-09T02:08:13,card
pay_7b1dc71911f546,u_d423fbb470,avnishah@okicici,128.1,referral_bonus_payout,2026-03-31T01:13:45,upi
pay_e38ef69cc75842,u_da3ca6490e,balendrasharaf@paytm,445.63,referral_bonus_payout,2026-04-11T16:00:28,upi
pay_fd5ca98980ae4f,u_5f21bb0a99,card_319d54f9089c42,102.92,referral_bonus_payout,2026-04-23T11:24:34,card
pay_4674346085ef49,u_19c135ac77,card_ce2b07d2f5a741,146.22,referral_bonus_payout,2026-04-17T04:45:12,card
pay_921398b6697d40,u_c542f2be06,keeryadavi@ybl,200.81,referral_bonus_payout,2026-05-16T09:39:35,upi
pay_6ccc9ea2ed8d49,u_e9e247cdc3,kapadiasarthak@okicici,139.7,referral_bonus_payout,2026-05-24T13:58:57,upi
pay_52d3c811046549,u_d79dc08ea1,zinal35@okicici,76.29,referral_bonus_payout,2026-07-25T03:32:16,upi
pay_41679cc57c7f44,u_9c1f9f8217,card_a682db66793b4e,236.49,referral_bonus_payout,2026-05-01T21:18:30,card
pay_15423d4d05654f,u_d7f88f4d86,card_f3389cf8cf4649,345.99,referral_bonus_payout,2026-04-11T21:57:31,card
pay_e32f159a3cfc41,u_0f7bf589a4,eshanabath@okhdfcbank,496.29,referral_bonus_payout,2026-06-13T22:35:13,upi
pay_e47a60ac4e474e,u_2a73f204b8,card_d8bae583d5da4d,408.17,referral_bonus_payout,2026-06-30T12:42:16,card
pay_28974d9df60e4c,u_9cc01bf5c6,ira22@okicici,472.13,referral_bonus_payout,2026-03-26T01:02:49,upi
pay_e5f85bc003ca43,u_4703baf36c,rajxalak@okicici,51.24,referral_bonus_payout,2026-04-28T09:09:13,upi
pay_b71e57d295104b,u_f2566e0ad0,card_cf4d349d699c45,271.24,referral_bonus_payout,2026-05-09T09:58:23,card
pay_c8ed7671af4645,u_fd4dbf1471,card_541ea032c29445,301.07,referral_bonus_payout,2026-03-25T20:04:48,card
pay_3bbf65f89c2742,u_856aeb9216,rben@okhdfcbank,71.15,referral_bonus_payout,2026-05-23T02:32:48,upi
pay_a33c78f9d7dc40,u_a60070f142,card_8d98d5eaba2e4c,208.16,referral_bonus_payout,2026-07-06T06:27:28,card
pay_b4ae2ba4b6164e,u_5daa80fd64,ahluwaliabalveer@okicici,497.6,referral_bonus_payout,2026-03-06T06:01:32,upi
pay_84fbc23a35424e,u_b70a6b24ce,vansha60@paytm,379.6,referral_bonus_payout,2026-07-02T00:59:45,upi
pay_d479b558dca641,u_694bad3a6e,card_b736647a56014a,172.49,referral_bonus_payout,2026-06-30T20:19:01,card
pay_dbfbbdfde92245,u_af70e672cd,sbhalla@okicici,121.09,referral_bonus_payout,2026-05-21T05:37:05,upi
pay_797c537f81d24a,u_fb97cd795c,card_0f000b72f7184f,416.63,referral_bonus_payout,2026-07-06T04:31:15,card
pay_64b1a559136f49,u_d2e2857677,card_57fa4bebb4554f,193.52,referral_bonus_payout,2026-03-19T01:55:37,card
pay_83e25469f9d746,u_8dd4892fe1,card_3b9353f14c4349,177.57,referral_bonus_payout,2026-07-18T17:30:22,card
pay_8376ba85f6dd4f,u_88298abbe0,geetika40@ybl,459.61,referral_bonus_payout,2026-04-05T08:54:26,upi
pay_0a95ee43f5d04a,u_940e0fcafd,card_56835f7d5f6347,348.54,referral_bonus_payout,2026-06-14T22:58:29,card
pay_01e1694a630540,u_7da8a2eb4c,card_4ee8a3ed138748,315.22,referral_bonus_payout,2026-03-29T05:25:56,card
pay_9e0d777f14064f,u_283f4da421,gulativincent@okicici,355.89,referral_bonus_payout,2026-04-29T01:30:45,upi
pay_cd6f3eccb59e4e,u_e278e170be,card_2da0a5bb301f4f,377.39,referral_bonus_payout,2026-06-15T03:27:20,card
pay_d03c7f6dfc0d4e,u_c2db94a45c,vigaarush@okicici,244.03,referral_bonus_payout,2026-07-02T19:58:53,upi
pay_eb771ff3ca164e,u_b05f503904,card_bc80decf84ba4d,422.34,referral_bonus_payout,2026-04-01T14:06:16,card
pay_208a6759acd046,u_8e72dabfce,card_437724eccb994f,261.12,referral_bonus_payout,2026-06-04T11:29:36,card
pay_08e7ef2ca08146,u_0cc96819be,card_6487acfe646e42,196.39,referral_bonus_payout,2026-07-04T06:59:01,card
pay_542502c0f19848,u_37e9b81173,veer80@okhdfcbank,255.45,referral_bonus_payout,2026-05-07T12:03:46,upi
pay_04038c432fa945,u_8532db8a07,card_fb7464f26f774f,85.79,referral_bonus_payout,2026-05-05T01:42:54,card
pay_2835ce7b2ab344,u_e0d95d9109,card_6c69fb8b45d344,284.83,referral_bonus_payout,2026-07-05T19:20:11,card
pay_26e6bb4662a041,u_0657122f82,chadbalendra@okicici,273.88,referral_bonus_payout,2026-03-01T23:04:18,upi
pay_d150fdc388e448,u_6c44f235d6,onagi@okhdfcbank,257.9,referral_bonus_payout,2026-03-12T07:42:49,upi
pay_247a37b027ab4d,u_6cdae352dc,card_cdb1ac3e68e348,473.04,referral_bonus_payout,2026-05-18T05:47:56,card
pay_0be24059b5a047,u_83cafc5a48,card_a710aecf9ffc4f,101.76,referral_bonus_payout,2026-04-16T16:47:28,card
pay_cc49c707676c49,u_89a2f1b366,card_e638c595b6c340,205.93,referral_bonus_payout,2026-03-24T21:04:01,card
pay_496aa9e25c514f,u_98a847aa9f,biswasmahika@ybl,481.13,referral_bonus_payout,2026-05-07T23:02:38,upi
pay_a867536029a849,u_4318a6aa58,xrajan@okhdfcbank,84.45,referral_bonus_payout,2026-03-09T23:34:18,upi
pay_d32a6495ab7543,u_3294bc3479,card_1b1dff101b0c4c,404.65,referral_bonus_payout,2026-05-14T10:38:41,card
pay_0ad43c81d5c142,u_92c24fa530,card_6b72f738f71844,270.0,referral_bonus_payout,2026-06-26T03:54:04,card
pay_e897a24fb50d4e,u_c0014b06ed,card_92edf5f14c514c,246.33,referral_bonus_payout,2026-05-26T17:57:55,card
pay_3dcb58f8f0374a,u_1095ec9cbb,card_53f41750b3dc49,411.03,referral_bonus_payout,2026-05-06T04:48:57,card
pay_72cca6cafd4741,u_e10ad11086,pbaria@okhdfcbank,418.03,referral_bonus_payout,2026-03-16T15:45:51,upi
pay_ce2609656f9040,u_9179d6bd8e,card_188644652a2741,472.45,referral_bonus_payout,2026-06-21T18:07:03,card
pay_e70f1b1dcc4a40,u_1766782b03,karanthakur@ybl,452.75,referral_bonus_payout,2026-05-13T21:09:16,upi
pay_cba9720d599940,u_6bc3def640,card_237918a6637941,141.61,referral_bonus_payout,2026-04-28T21:17:03,card
pay_bf681273c92b47,u_46d88ae1c6,card_3138cde3352b4f,274.45,referral_bonus_payout,2026-04-18T11:33:39,card
pay_975ac79f6ff94b,u_7165fd9b7d,card_2bd51180a1544a,104.7,referral_bonus_payout,2026-06-18T14:48:52,card
pay_7be7185694264b,u_085dc3c279,harinakshikulkarni@paytm,378.54,referral_bonus_payout,2026-07-02T13:18:42,upi
pay_b19d6c35624947,u_02d87418e0,karnaveen@okhdfcbank,165.03,referral_bonus_payout,2026-07-09T05:54:42,upi
pay_bd65669364984d,u_860c48baaf,aryazachariah@ybl,204.68,referral_bonus_payout,2026-03-05T13:17:48,upi
pay_38d9401c22b348,u_df78f4b1d5,card_f64cfe2b3e7748,296.0,referral_bonus_payout,2026-06-28T13:46:51,card
pay_3959031fa3eb45,u_d9681dcb5b,urmicherian@okhdfcbank,121.25,referral_bonus_payout,2026-04-29T21:12:50,upi
pay_238ff2b2bd5b4a,u_36242d6c3a,kalabora@okicici,139.25,referral_bonus_payout,2026-07-14T21:20:27,upi
pay_b4489b02493046,u_99cdf597c2,card_b79a6fa833984b,347.69,referral_bonus_payout,2026-04-24T00:59:54,card
pay_d9f6c603b50848,u_1cbc112d34,card_73b5838deef946,80.8,referral_bonus_payout,2026-03-25T15:02:56,card
pay_714faf5642dd47,u_91681cd4ea,card_6eb5104560394f,408.95,referral_bonus_payout,2026-04-25T19:23:59,card
pay_9b7c2c2cc40647,u_ba9fab8595,viswanathannitara@okhdfcbank,124.47,referral_bonus_payout,2026-05-17T01:36:06,upi
pay_fb6495195c1946,u_ce2c6f8c9f,card_905d3aa99e2d4c,148.92,referral_bonus_payout,2026-05-18T21:14:41,card
pay_f3a4f2f74a384a,u_b9440d12f5,utkarsh08@ybl,352.12,referral_bonus_payout,2026-07-10T23:52:32,upi
pay_e8e71840c18f42,u_111dcc3ce7,tkari@okicici,115.92,referral_bonus_payout,2026-05-28T12:38:10,upi
pay_384d1a29562140,u_f15d863029,narangyashvi@paytm,71.69,referral_bonus_payout,2026-06-16T03:27:03,upi
pay_af9259c8fe824e,u_2d7f17531f,card_7022dfdde62144,342.85,referral_bonus_payout,2026-05-14T12:36:09,card
pay_f564e1c769a44f,u_2422316a09,card_ec42c109ce2c4e,174.78,referral_bonus_payout,2026-03-26T00:26:34,card
pay_f0f024662ace46,u_c0f20d2996,card_a7e1681bd8a74b,405.36,referral_bonus_payout,2026-06-24T14:52:02,card
pay_c56860f153e042,u_528e89d14e,card_8765f535e7ce43,359.56,referral_bonus_payout,2026-07-09T19:09:59,card
pay_e19148f6ceba4c,u_77b977e51a,card_b3f84e5f724c4b,128.91,referral_bonus_payout,2026-05-24T05:00:00,card
pay_5406d88082b440,u_1a9545ed22,pranavvarghese@paytm,167.96,referral_bonus_payout,2026-04-12T12:15:28,upi
pay_8561b89040684d,u_6d63c67db4,ishwar28@paytm,436.37,referral_bonus_payout,2026-07-26T20:24:16,upi
pay_2d0c6b5b118b4e,u_622275a28c,card_e354e21887b347,395.31,referral_bonus_payout,2026-07-06T08:50:04,card
pay_0c17c3daba6643,u_184e0f8a29,groverikbal@okhdfcbank,371.25,referral_bonus_payout,2026-04-12T11:02:59,upi
pay_ce9be6a8c26f46,u_9f917b71ee,card_47a1b3a233bb41,348.67,referral_bonus_payout,2026-04-14T06:40:46,card
pay_950bb9f5605341,u_1a976a9262,card_59c1b4c5b31f44,428.88,referral_bonus_payout,2026-07-20T19:29:52,card
pay_68be7b446b9644,u_4bef32e0ba,warhi87@okhdfcbank,107.23,referral_bonus_payout,2026-05-04T16:59:41,upi
pay_43472ab9558842,u_1fe24dd184,gaurang50@paytm,180.78,referral_bonus_payout,2026-07-24T21:40:33,upi
pay_9c95a63876fd49,u_1016f24c5c,earya@ybl,397.2,referral_bonus_payout,2026-06-08T06:16:55,upi
pay_6f230e90486043,u_10390053c7,card_49be5115adf347,236.22,referral_bonus_payout,2026-04-21T09:41:56,card
pay_d271d95843cb44,u_b0317682ed,nattzehaan@paytm,210.71,referral_bonus_payout,2026-05-10T17:46:05,upi
pay_102b771adc5548,u_f34b13faf0,veda98@okicici,219.81,referral_bonus_payout,2026-05-03T07:52:59,upi
pay_b476a1a1a1c54e,u_1da2462309,card_bdcbf4a2e8c248,417.08,referral_bonus_payout,2026-07-11T00:59:35,card
pay_032ddcacd78641,u_7d688f43e3,card_37724923a3b845,405.11,referral_bonus_payout,2026-04-25T19:36:24,card
pay_82d9b58cabf645,u_ea50b44dbc,wben@okicici,376.92,referral_bonus_payout,2026-03-25T07:26:19,upi
pay_2c1b8a4ca6d54e,u_647c677e56,card_362af2d48ff143,157.23,referral_bonus_payout,2026-07-20T11:58:17,card
pay_f98946287e3841,u_b247e5b9ee,gautampatil@okhdfcbank,445.03,referral_bonus_payout,2026-03-16T00:41:03,upi
pay_862ee4e5da3f4d,u_f8ce7df0c0,rameshkritika@paytm,100.39,referral_bonus_payout,2026-04-11T14:48:01,upi
pay_76fbf9278eeb4b,u_f6e7e26224,card_27db6c5e695644,362.35,referral_bonus_payout,2026-03-10T05:54:13,card
pay_e23a4cd6317e45,u_fae1c444a3,priyadoshi@okicici,304.82,referral_bonus_payout,2026-05-27T19:27:56,upi
pay_4e1866316d0f46,u_b79ca8c6d5,card_b224df921c8e44,214.47,referral_bonus_payout,2026-06-20T10:15:44,card
pay_82b650cd85e549,u_e813f6ad50,sandalyash@ybl,427.72,referral_bonus_payout,2026-04-24T07:07:20,upi
pay_1092c34ac1134f,u_3189b5a409,card_ba559e6d3d9945,299.15,referral_bonus_payout,2026-07-16T09:10:59,card
pay_251db7a8fc514a,u_9550c257ac,goyalbhavya@ybl,214.16,referral_bonus_payout,2026-04-08T23:29:12,upi
pay_08bf7e0d1dd047,u_5b61df4ccb,ugoswami@okhdfcbank,198.49,referral_bonus_payout,2026-03-28T11:44:42,upi
pay_ff99d95b331d44,u_19417b7953,card_6b0dfe657eee4f,453.31,referral_bonus_payout,2026-04-02T14:11:56,card
pay_761da8c2980147,u_4126f0d75f,omyabose@okicici,224.59,referral_bonus_payout,2026-03-15T11:06:44,upi
pay_d64d08c180be4a,u_396919f6a9,vasatikapalla@paytm,252.54,referral_bonus_payout,2026-05-16T22:57:26,upi
pay_a8a71a15f9b345,u_295191ea29,card_43b5cfba16ae42,110.28,referral_bonus_payout,2026-03-14T08:54:43,card
pay_775282f776b547,u_fe38737fdb,sai21@paytm,342.33,referral_bonus_payout,2026-03-25T10:49:11,upi
pay_739dd752f79544,u_a974c9470e,card_4caa59c8a7be49,412.69,referral_bonus_payout,2026-06-05T16:18:02,card
pay_75979863654245,u_3f06e3f708,card_304f6293803a44,143.65,referral_bonus_payout,2026-03-20T14:03:20,card
pay_3edfbe2994274a,u_4f37c6a728,nisha75@okicici,310.18,referral_bonus_payout,2026-07-18T00:58:06,upi
pay_0758db85ac1148,u_7b5d4c1d8f,card_aa849085f9094c,469.37,referral_bonus_payout,2026-03-10T20:47:26,card
pay_78bd29dae3d44e,u_6f1d8a086f,card_a4054db5983944,230.3,referral_bonus_payout,2026-07-06T06:46:15,card
pay_bfe1fb0e8a464c,u_58056e22cb,bhatnagarbalvan@paytm,266.46,referral_bonus_payout,2026-04-29T08:08:29,upi
pay_b3cabeaf000a4f,u_34497b2352,rayaanyadav@okhdfcbank,390.44,referral_bonus_payout,2026-04-11T00:15:45,upi
pay_6366dd428d7b4c,u_ac064ba122,mallfrado@paytm,438.32,referral_bonus_payout,2026-03-26T18:30:18,upi
pay_483fad131ced4f,u_c95a4e93bc,madhavishankar@okicici,339.09,referral_bonus_payout,2026-03-27T05:57:12,upi
pay_0219fa2b6dad4f,u_ecfd885b29,card_52fba0fcde0046,112.46,referral_bonus_payout,2026-06-07T01:37:49,card
pay_a479880e9c5243,u_fa7e136ce1,card_523b30dae0d343,253.66,referral_bonus_payout,2026-05-18T13:30:29,card
pay_488f5e3d37f24b,u_831e877e77,somsimon@okhdfcbank,110.89,referral_bonus_payout,2026-06-10T15:07:18,upi
pay_077a12b0190141,u_7821a68c59,card_1aca39995fd444,72.75,referral_bonus_payout,2026-03-19T12:33:09,card
pay_d871d3273c204c,u_022e2696d9,asandhu@okicici,355.35,referral_bonus_payout,2026-07-06T20:00:30,upi
pay_56ed8deea1d349,u_55a788007f,csaini@ybl,73.31,referral_bonus_payout,2026-03-21T15:02:12,upi
pay_1d3ea3f4af6b4a,u_7bb055cf9d,card_56f6bee217ba4b,488.47,referral_bonus_payout,2026-06-11T15:41:55,card
pay_b670be054a0947,u_740fccf9f5,card_9e9a88d67e0744,239.32,referral_bonus_payout,2026-03-31T11:36:20,card
pay_3c99f59868c745,u_6297dd2878,card_1cf61108136b4e,347.35,referral_bonus_payout,2026-06-19T18:15:37,card
pay_f56853b255a649,u_4137b464a4,card_a4e34f5fba6342,189.7,referral_bonus_payout,2026-07-14T10:45:39,card
pay_e395ded0f11f4d,u_f3dd10de9e,card_e6c78ea627ff4c,473.87,referral_bonus_payout,2026-03-18T11:36:46,card
pay_c2e2d4f1a6774c,u_517fe38cd4,sanghvikrishna@okicici,247.34,referral_bonus_payout,2026-04-09T13:01:31,upi
pay_b609784399d34b,u_1eb80a34ca,yborah@paytm,283.81,referral_bonus_payout,2026-06-10T00:15:08,upi
pay_2a89bcd36f4545,u_e12d8bd0ed,usunder@ybl,234.41,referral_bonus_payout,2026-05-24T02:07:55,upi
pay_c104db501f4c48,u_0af03b8588,card_f8203b3639c449,140.26,referral_bonus_payout,2026-04-21T22:54:14,card
pay_d2de828f511347,u_f466e0f23c,card_8ca82f96cb7e40,313.93,referral_bonus_payout,2026-07-15T17:52:24,card
pay_bfd20c4625214e,u_71aa149a76,card_bd5e5087e52e4c,410.07,referral_bonus_payout,2026-03-16T17:32:13,card
pay_ca469a87f12a46,u_d844fb9976,card_6294bd6df6954d,250.38,referral_bonus_payout,2026-04-23T18:27:16,card
pay_30f580e333f94a,u_2c58075be5,akshay55@ybl,489.22,referral_bonus_payout,2026-03-10T10:52:13,upi
pay_aca9997b694e42,u_ef4458e239,card_e0f672f96be349,462.04,referral_bonus_payout,2026-06-01T04:11:11,card
pay_2ce496f3baab4b,u_83fc5b5271,card_ea0a9ba09bf74f,140.85,referral_bonus_payout,2026-03-31T04:33:55,card
pay_64ad8707e9474e,u_2caaf650e9,ghoseayaan@okicici,385.08,referral_bonus_payout,2026-06-29T20:27:13,upi
pay_189efcada6f64d,u_b1ebd7cd21,card_1ad5e7b55c7c44,486.36,referral_bonus_payout,2026-05-31T04:47:07,card
pay_61a865a765244f,u_ea706362be,hemanimajumdar@paytm,456.84,referral_bonus_payout,2026-05-26T01:07:23,upi
pay_840a773139d24f,u_8e09115442,wraghavan@okhdfcbank,452.54,referral_bonus_payout,2026-07-14T05:10:14,upi
pay_f2d1be3cdd3349,u_51f14170f6,buchraagini@okhdfcbank,105.71,referral_bonus_payout,2026-03-29T14:55:10,upi
pay_436ce7605fe646,u_ef09b679ab,behlurishilla@paytm,196.83,referral_bonus_payout,2026-06-26T08:09:50,upi
pay_fe6f2efec0ca41,u_1a9b9dc4d7,abeerbansal@okicici,361.01,referral_bonus_payout,2026-04-08T12:33:45,upi
pay_e1fee17a023543,u_90ff8585c7,jdoshi@okicici,50.04,referral_bonus_payout,2026-04-15T08:28:43,upi
pay_bc089c9902ec4e,u_bcb5deaf44,card_fc7059b8da1d44,411.62,referral_bonus_payout,2026-03-01T04:03:30,card
pay_df2e6851ebd04f,u_4cd55ccd89,card_97fedb8f30ab42,169.78,referral_bonus_payout,2026-03-20T02:18:52,card
pay_4ec75336ed9844,u_f0c706d65c,kamdaraarav@paytm,272.95,referral_bonus_payout,2026-05-07T09:06:50,upi
pay_d1a27274c5b042,u_65d8c8b11a,mangalsaanvi@paytm,443.12,referral_bonus_payout,2026-05-12T19:22:58,upi
pay_80cb6a7617ec4e,u_29c0532a9d,card_a8f90f6ab2b040,243.87,referral_bonus_payout,2026-07-17T10:47:58,card
pay_a13e79afbf724e,u_e921e92f93,card_72169c456f4d43,199.67,referral_bonus_payout,2026-07-26T10:28:24,card
pay_83212b30fec449,u_e4a3a377ab,amol51@ybl,340.44,referral_bonus_payout,2026-05-25T05:00:41,upi
pay_c90a035a8d6044,u_20d23f2dcb,abains@paytm,420.14,referral_bonus_payout,2026-05-10T05:45:50,upi
pay_bb9f0d588a2a48,u_48342a65b2,patrick15@ybl,229.13,referral_bonus_payout,2026-05-24T20:51:37,upi
pay_8753be52eb9c4e,u_2a8d93f7cb,tripathidavid@okicici,180.11,referral_bonus_payout,2026-05-27T11:09:58,upi
pay_3aeaab7473d84c,u_c165cea2d6,qnaik@ybl,246.11,referral_bonus_payout,2026-07-08T14:12:32,upi
pay_f17bf1d5d9e745,u_00e37a37cf,klalla@paytm,232.4,referral_bonus_payout,2026-06-18T02:43:34,upi
pay_1a6202b352f149,u_f530b5a836,anita07@okhdfcbank,394.31,referral_bonus_payout,2026-04-03T05:36:08,upi
pay_450961c958e246,u_2771c8b24f,card_47f3999dbbd541,236.36,referral_bonus_payout,2026-06-04T10:11:04,card
pay_14edb18c819049,u_05ade7b1af,hkar@okicici,229.88,referral_bonus_payout,2026-03-15T23:20:03,upi
pay_89918fe1aa7943,u_9a35f0975b,card_805449556fd84e,146.43,referral_bonus_payout,2026-05-04T06:54:47,card
pay_79fa728bab7746,u_a0c33be56c,card_2f2be0b9f5fc4f,135.17,referral_bonus_payout,2026-04-28T20:20:12,card
pay_930f15536bfa4f,u_105309af59,card_6ee44588978a4f,51.2,referral_bonus_payout,2026-07-08T05:01:37,card
pay_da468ba105c64c,u_661b61a2c9,chandaniganesan@okicici,394.88,referral_bonus_payout,2026-05-30T19:04:46,upi
pay_f175bc8a022840,u_88531d835d,card_f1c9df4ac2cd4d,261.73,referral_bonus_payout,2026-06-24T07:58:16,card
pay_1ee53fc739f745,u_7139aa1ff3,munigirik@okhdfcbank,280.76,referral_bonus_payout,2026-04-03T18:54:41,upi
pay_b66a33072d924f,u_df14c20f03,card_db3bf23340c14d,480.08,referral_bonus_payout,2026-07-15T16:50:37,card
pay_7a734954934c4a,u_b172163357,card_931b86e18d8c47,86.02,referral_bonus_payout,2026-07-01T16:47:49,card
pay_7540f36673bc49,u_634bff7f33,atisharma@okicici,187.59,referral_bonus_payout,2026-07-06T23:58:41,upi
pay_80586cb1c57d41,u_6656b42524,qbehl@ybl,457.29,referral_bonus_payout,2026-07-15T15:08:57,upi
pay_e8584c45a52e43,u_93c0e96e9b,card_ca6dc72df45f41,67.36,referral_bonus_payout,2026-05-19T02:58:32,card
pay_038337461db24c,u_68b8975561,ykarnik@okicici,329.04,referral_bonus_payout,2026-06-13T09:45:04,upi
pay_5525f52f5d8345,u_e2ed7e5fe8,swaminathansai@ybl,341.78,referral_bonus_payout,2026-05-28T18:02:12,upi
pay_5aacbea1fad34c,u_535d739de2,card_40e98f2548af4a,93.42,referral_bonus_payout,2026-06-22T20:52:47,card
pay_81461688ad0747,u_b4896adfcb,card_dbeb1acfa9e14e,276.38,referral_bonus_payout,2026-04-09T00:02:17,card
pay_731ac66fe25047,u_7cc88bf686,giriknarang@paytm,441.3,referral_bonus_payout,2026-05-29T14:59:30,upi
pay_2e157aa203b34c,u_e2fc66b008,card_06b977082e2b45,210.0,referral_bonus_payout,2026-03-29T05:30:23,card
pay_7043ad2f9eab4a,u_ddd5eefc72,card_cd4e34a03dd344,253.05,referral_bonus_payout,2026-04-30T01:28:56,card
pay_10e99d40690341,u_af2df9c0d6,card_0bdacdd1848242,197.34,referral_bonus_payout,2026-03-05T20:09:16,card
pay_8501c7e2dfe94c,u_2fb5216086,anirudhmore@okhdfcbank,390.34,referral_bonus_payout,2026-06-04T12:07:08,upi
pay_7443ac8cb9f84a,u_60abe4e5f5,balhemang@okhdfcbank,402.65,referral_bonus_payout,2026-03-15T23:58:47,upi
pay_f8ab7b8b27ce43,u_0c9006edb0,card_36fedb048d704e,233.25,referral_bonus_payout,2026-05-07T04:36:46,card
pay_c7d83f7aa7c140,u_9f4840b755,jpandit@paytm,483.28,referral_bonus_payout,2026-04-07T20:43:26,upi
pay_8daf9299b8e544,u_3a22b5a7d6,rachitmani@paytm,300.16,referral_bonus_payout,2026-04-07T16:48:59,upi
pay_82d2d004443d46,u_c02b00b928,card_1090b1850a264f,310.77,referral_bonus_payout,2026-04-02T05:12:14,card
pay_9c5045b9f4ae4d,u_6eab5088fc,advik07@ybl,252.49,referral_bonus_payout,2026-04-23T16:57:54,upi
pay_2e5230f1169a4e,u_f5f883d3a4,card_102200854ae748,407.48,referral_bonus_payout,2026-03-13T01:46:37,card
pay_5bd2f2139e0e40,u_c6d492fa43,card_d8605a39ceb944,313.53,referral_bonus_payout,2026-04-01T06:20:56,card
pay_9e3d234587ec45,u_c326f913c7,card_987975f717234d,101.58,referral_bonus_payout,2026-06-21T17:12:11,card
pay_5628f62393ad43,u_8891e32e42,card_23589e0a397545,414.1,referral_bonus_payout,2026-06-20T09:23:28,card
pay_bba706c401a04b,u_ed87133465,card_f07ecb7e124b43,383.51,referral_bonus_payout,2026-04-02T07:57:57,card
pay_65c374d78bf842,u_a66b96d6da,borayatan@ybl,265.35,referral_bonus_payout,2026-05-13T22:22:41,upi
pay_2daf4cd483da40,u_10189adb73,tejas87@okhdfcbank,275.92,referral_bonus_payout,2026-03-14T09:04:33,upi
pay_99f82c967a644b,u_b4619111b1,card_f0ae2aafb8274e,290.99,referral_bonus_payout,2026-04-17T02:34:44,card
pay_ecb4b21e644a40,u_e51bd7d897,bimalagala@ybl,90.15,referral_bonus_payout,2026-05-04T17:35:44,upi
pay_1a9f545412c147,u_747648861b,card_7141461d5d404e,458.34,referral_bonus_payout,2026-06-26T08:46:51,card
pay_c5311602c5d043,u_380bb7f086,card_d11dfbf2ad7e47,440.37,referral_bonus_payout,2026-07-05T03:09:32,card
pay_6a00691dc56c45,u_db2dbf000b,card_f00604b2e4b540,411.85,referral_bonus_payout,2026-06-27T12:31:00,card
pay_e8a1823448e048,u_881c11ce3b,oprabhakar@okhdfcbank,415.77,referral_bonus_payout,2026-04-16T05:21:35,upi
pay_90d3393befba40,u_a66c03f875,poojaganesan@paytm,358.64,referral_bonus_payout,2026-03-31T04:16:57,upi
pay_3b1fbd9f9c7644,u_60f07197a3,card_e7bf1ec554f34b,340.19,referral_bonus_payout,2026-04-03T11:41:58,card
pay_58de8de2571f49,u_804fbead7a,kmital@ybl,280.6,referral_bonus_payout,2026-04-26T23:06:35,upi
pay_e8710fdab81a46,u_daccc1e7f9,card_a93a5e55084e4f,100.7,referral_bonus_payout,2026-07-13T23:58:21,card
pay_1c6039a3e7c245,u_292ba3336a,kalitaharini@okicici,458.66,referral_bonus_payout,2026-03-05T19:35:00,upi
pay_2ba96a7e4d0f42,u_920f858bfd,baradrohan@paytm,114.67,referral_bonus_payout,2026-05-25T20:48:27,upi
pay_38c496549ed641,u_c6678f27bb,wbarad@okhdfcbank,286.47,referral_bonus_payout,2026-03-02T13:04:22,upi
pay_01ada4d37c2a48,u_dd68eebd05,card_d1b2ba28fb5e4c,476.3,referral_bonus_payout,2026-05-27T08:29:13,card
pay_bf8a11d2b87f45,u_6e8c462719,bachittar44@okhdfcbank,286.51,referral_bonus_payout,2026-05-19T22:47:19,upi
pay_03d88296cc2742,u_e955e32bac,mandaarna@paytm,142.9,referral_bonus_payout,2026-07-09T04:14:47,upi
pay_e33fc46de4de4b,u_29f2c2b035,prasadnoah@paytm,104.19,referral_bonus_payout,2026-07-06T18:04:13,upi
pay_3ccd68dbea3e49,u_7df27f5d18,card_76061426727648,216.48,referral_bonus_payout,2026-05-01T08:52:14,card
pay_5b70e78f0ae049,u_133eb48f73,chasmum09@okhdfcbank,306.52,referral_bonus_payout,2026-05-14T20:51:50,upi
pay_47edf94478a241,u_1a9a586ee4,card_952b064580db43,156.31,referral_bonus_payout,2026-05-30T03:01:36,card
pay_2d97fdf14ce444,u_6f20c2d0c1,mandbalveer@paytm,373.98,referral_bonus_payout,2026-03-22T11:01:50,upi
pay_f40344d08d1045,u_68fa663152,qabilkala@ybl,231.51,referral_bonus_payout,2026-05-10T08:36:07,upi
pay_e0d2a34334b947,u_84a678f7c8,mchakraborty@okhdfcbank,444.08,referral_bonus_payout,2026-04-02T21:45:55,upi
pay_2e5c73058e5c43,u_4ebff2dc1b,aashi91@okhdfcbank,146.87,referral_bonus_payout,2026-05-26T03:12:14,upi
pay_1f175f82136642,u_e2e17655d5,abeersibal@paytm,491.71,referral_bonus_payout,2026-07-09T01:37:17,upi
pay_672b941a7b8b47,u_c97cc91cb3,xguha@okhdfcbank,412.93,referral_bonus_payout,2026-05-19T07:07:41,upi
pay_9ee6ea23ef744a,u_7f7e79704b,card_537353d897b945,58.91,referral_bonus_payout,2026-05-03T21:36:11,card
pay_30ed6539442548,u_d1311c4c5f,ikbalnanda@ybl,344.68,referral_bonus_payout,2026-03-31T03:17:48,upi
pay_7cc4be644b8348,u_c46372b164,sinhaharita@paytm,127.77,referral_bonus_payout,2026-05-25T17:34:59,upi
pay_964ebd5fa2dc4a,u_0452f95c8f,card_aa3d233ea3c348,141.81,referral_bonus_payout,2026-06-16T05:18:22,card
pay_cb269bb6f0794c,u_da81b33865,madhav99@ybl,410.88,referral_bonus_payout,2026-07-14T16:57:58,upi
pay_b8817a753d3a4f,u_d13c7a62d4,chaitanyakrishna@paytm,218.48,referral_bonus_payout,2026-03-05T15:49:03,upi
pay_6fc47719bcb64d,u_7f9cae0018,card_d4a56921ec0142,484.21,referral_bonus_payout,2026-04-17T13:50:14,card
pay_1d1f7be2288e4d,u_1d96e4e19d,lajita49@okicici,92.71,referral_bonus_payout,2026-04-21T03:46:12,upi
pay_56e46706a2cb4c,u_7e53f95438,card_52233ede9d9442,453.97,referral_bonus_payout,2026-04-26T07:07:11,card
pay_5804ee6704a045,u_1fd4339266,charita53@okicici,110.13,referral_bonus_payout,2026-06-23T07:57:49,upi
pay_496d8e33b85447,u_176f04c1a8,ati18@paytm,281.62,referral_bonus_payout,2026-05-11T19:17:30,upi
pay_86916eff942549,u_cfe6a657d0,tkohli@okicici,276.95,referral_bonus_payout,2026-04-15T00:38:37,upi
pay_4ef29936614342,u_f5f4e4e0f7,charles43@ybl,173.6,referral_bonus_payout,2026-04-09T20:06:46,upi
pay_26c28d03e09246,u_1a36cc8776,tandonfalguni@okicici,219.03,referral_bonus_payout,2026-06-22T19:11:40,upi
pay_2eb966f69c334b,u_fc03398d91,henryarora@okicici,273.63,referral_bonus_payout,2026-05-25T04:01:19,upi
pay_abd2d74b585c4d,u_99e7e76616,hemangini62@paytm,463.2,referral_bonus_payout,2026-05-21T11:00:45,upi
pay_92e192d6e01f4b,u_d4a32b20f0,card_8c89bd51301748,143.17,referral_bonus_payout,2026-03-16T10:52:57,card
pay_97a1aee5b0bf41,u_a3c5b2a9e3,lparekh@paytm,231.71,referral_bonus_payout,2026-04-05T09:06:12,upi
pay_29bd7c754ff447,u_7a9944c4ee,card_b92c852d34524b,124.52,referral_bonus_payout,2026-04-20T09:46:05,card
pay_058953cd77bc48,u_4ccd383d47,card_3521dc74e7634f,365.73,referral_bonus_payout,2026-07-20T21:17:10,card
pay_30d736eb42fc4f,u_ae7e7b6678,deytriya@paytm,233.84,referral_bonus_payout,2026-07-20T01:34:03,upi
pay_bccd5770f49a48,u_5a875d5cd1,pallavi67@ybl,272.6,referral_bonus_payout,2026-03-11T02:05:29,upi
pay_1d88185bb34246,u_b896f32312,card_27fec38d7c4a42,299.76,referral_bonus_payout,2026-03-17T06:35:21,card
pay_126c632712a04e,u_13b0106a29,card_48bc312a16ce4f,142.27,referral_bonus_payout,2026-04-16T07:11:47,card
pay_48c094898dc94f,u_16aaa43f25,card_1ec96d17bac44c,118.04,referral_bonus_payout,2026-07-01T19:22:47,card
pay_bffd40b80e1a40,u_fa66920291,card_03a87f76a75c4a,131.86,referral_bonus_payout,2026-04-20T15:43:48,card
pay_b2c7b0eb70c941,u_2c36eb5d69,hnarain@paytm,350.62,referral_bonus_payout,2026-04-24T05:39:07,upi
pay_024433715d3046,u_6dc34aec6c,card_1c850ac0885b4a,260.99,referral_bonus_payout,2026-04-24T07:03:59,card
pay_90170c1232fc47,u_b01852ef5e,card_07f0c1f2fe4c4a,332.7,referral_bonus_payout,2026-06-25T16:26:25,card
pay_8e2c0e7b6d734a,u_4acb452b7e,card_eb71de57eadf44,334.23,referral_bonus_payout,2026-05-03T18:52:56,card
pay_641584e0c52249,u_73328c6075,card_37bf6ab854474c,56.15,referral_bonus_payout,2026-05-04T15:47:28,card
pay_9c203e527b304a,u_892d8b7965,mitradavid@okicici,470.19,referral_bonus_payout,2026-03-29T12:47:33,upi
pay_4526f649290b46,u_fe4a809a1a,obava@paytm,495.03,referral_bonus_payout,2026-03-03T20:45:24,upi
pay_48ffa45d518f42,u_b91a5d63ae,ekalinga22@okhdfcbank,97.62,referral_bonus_payout,2026-04-19T10:54:35,upi
pay_fae986be773540,u_155dc78107,aissac@okhdfcbank,137.54,referral_bonus_payout,2026-07-01T09:53:11,upi
pay_b23555358b354b,u_5fb9183274,card_b2185652ccc34b,123.54,referral_bonus_payout,2026-04-11T07:46:30,card
pay_c270e0882b7b47,u_baa5d56529,goyalrachita@okicici,449.53,referral_bonus_payout,2026-06-14T00:39:42,upi
pay_18e3c0400d7246,u_d8f09a4208,gunbirsom@okhdfcbank,441.31,referral_bonus_payout,2026-05-16T23:15:55,upi
pay_2d1c49f1a9e74b,u_ad411d9a60,psekhon@okicici,59.54,referral_bonus_payout,2026-06-19T21:23:00,upi
pay_4eff5a437fca47,u_f52ccfbdea,card_ceb61b95a50b44,388.93,referral_bonus_payout,2026-05-04T14:13:52,card
pay_10895ca3e45541,u_3808701d5e,card_9c4dc00f8a364c,382.57,referral_bonus_payout,2026-04-26T08:36:27,card
pay_f0a03055b1b640,u_de37ef7362,shravyakrishnan@paytm,337.79,referral_bonus_payout,2026-03-14T23:23:33,upi
pay_1e8b34c0164a46,u_9a0fa166ae,card_9a7cc60e334d4f,138.74,referral_bonus_payout,2026-07-08T12:13:25,card
pay_3c48169e6bd64a,u_b991f99e09,upasna63@okicici,104.66,referral_bonus_payout,2026-03-16T12:10:42,upi
pay_4b3f6a4b5acf42,u_52367beb02,card_0f4f876a8aca49,394.49,referral_bonus_payout,2026-06-12T18:28:47,card
pay_6d0fdc7eaf854e,u_7640647fa7,cmanda@ybl,262.18,referral_bonus_payout,2026-03-08T19:01:47,upi
pay_7e6a28ab3f334b,u_c869b9765a,card_c87c1b436b5545,330.23,referral_bonus_payout,2026-04-13T00:47:28,card
pay_641e72c9f31544,u_5267fb7c57,card_78d1a6db76c34e,242.07,referral_bonus_payout,2026-06-17T10:50:02,card
pay_1b3e73e8d0b44a,u_d15bd46dca,card_6816aeeed3dd4c,315.83,referral_bonus_payout,2026-06-22T17:56:02,card
pay_adce2991e7fd4f,u_2261d1d77e,sbhatti@ybl,440.24,referral_bonus_payout,2026-03-02T12:51:54,upi
pay_573d283b3b6f40,u_3ba56369f7,card_3dbadee5062b42,327.12,referral_bonus_payout,2026-05-23T15:09:58,card
pay_03d1feebead144,u_d64ed0969b,harinaksh@ybl,100.97,referral_bonus_payout,2026-03-21T10:35:42,upi
pay_10540402eeb342,u_1721810fd5,bhattacharyyachampak@okicici,430.56,referral_bonus_payout,2026-04-08T03:13:43,upi
pay_6e419029de6744,u_8572fa6f83,karpeanirudh@paytm,359.5,referral_bonus_payout,2026-05-19T20:42:53,upi
pay_4416cae4be5d46,u_72e905143e,vsami@okhdfcbank,471.31,referral_bonus_payout,2026-03-06T17:24:03,upi
pay_f21fde7e46ff41,u_35436d9041,mannanvamakshi@ybl,134.49,referral_bonus_payout,2026-06-02T16:14:30,upi
pay_11bf7d8d142d4b,u_d8d96ac898,maneharsh@paytm,223.82,referral_bonus_payout,2026-06-05T11:15:25,upi
pay_0d26c92440494e,u_3bf79a2182,khora@okhdfcbank,362.51,referral_bonus_payout,2026-07-13T04:07:41,upi
pay_267e41aa4eea42,u_54430be5d9,hredhaanpatil@paytm,166.05,referral_bonus_payout,2026-07-21T07:28:24,upi
pay_2142fad0893940,u_222a922ec3,upadmanabhan@okhdfcbank,482.32,referral_bonus_payout,2026-04-08T04:55:35,upi
pay_705d9c30485b47,u_ac52658567,card_aa2adc32979a4c,488.96,referral_bonus_payout,2026-05-18T13:59:16,card
pay_cf67b2ef5e264e,u_4b95096938,onkaryadav@paytm,457.23,referral_bonus_payout,2026-07-03T10:03:47,upi
pay_16b4a632fb0f4e,u_00e640ee4e,card_94f6c4c6fc6941,212.51,referral_bonus_payout,2026-04-18T10:22:28,card
pay_e458cac0bd0a43,u_275a68900a,card_57762ad5ad074f,72.94,referral_bonus_payout,2026-03-09T05:33:20,card
pay_2cd9a3c826e84d,u_cc2f85ce09,card_3937372a17764b,137.29,referral_bonus_payout,2026-05-27T21:59:10,card
pay_a32a773f6d524c,u_e227537705,maanas91@ybl,80.47,referral_bonus_payout,2026-03-14T23:10:07,upi
pay_434a060173934f,u_9f804d1267,card_9cd08d6a45fa4b,404.6,referral_bonus_payout,2026-04-06T17:01:18,card
pay_a6d05cdabfef49,u_e78d7a0eb6,card_b4752eb211ad42,190.77,referral_bonus_payout,2026-07-09T02:53:59,card
pay_f8584d6441014e,u_978b182975,kalaarin@paytm,311.11,referral_bonus_payout,2026-04-03T20:03:33,upi
pay_494e6170587f41,u_ae1a1f5db7,baghyawatimallick@paytm,266.26,referral_bonus_payout,2026-05-12T02:03:26,upi
pay_bd87e16b93374a,u_89bb12275a,ladli99@paytm,481.02,referral_bonus_payout,2026-05-14T02:36:29,upi
pay_39a50e7a3e224b,u_79472b0a93,card_41261ccf411b45,167.27,referral_bonus_payout,2026-03-23T00:16:23,card
pay_5c004c0a308943,u_dbf6d6771b,omishani@okhdfcbank,411.96,referral_bonus_payout,2026-05-08T12:17:29,upi
pay_dba9d55b2b8a48,u_24076bb519,card_f6dfc67d4d9246,470.66,referral_bonus_payout,2026-07-08T19:50:24,card
pay_b56226c0b3464a,u_71ebde2359,card_b1a26a6c30e94e,449.12,referral_bonus_payout,2026-03-28T14:03:16,card
pay_3e115dd36e4c4c,u_fe681cedc7,card_c5b09964f29a4a,427.63,referral_bonus_payout,2026-05-09T23:11:39,card
pay_22fe6e80414b48,u_7d986962f7,card_444b905dc25742,407.54,referral_bonus_payout,2026-06-03T14:40:27,card
pay_8035fc829a1c45,u_ea53f4a58f,labannath@okicici,107.77,referral_bonus_payout,2026-06-04T14:51:20,upi
pay_58fae33e21fb49,u_47cfb40833,charbina@paytm,327.74,referral_bonus_payout,2026-03-01T11:10:50,upi
pay_fba58047ee7b40,u_c2006562d0,card_074becae67344a,122.18,referral_bonus_payout,2026-04-07T16:07:32,card
pay_ae6d1d78a16e4a,u_e0726133b7,shahjackson@okhdfcbank,342.9,referral_bonus_payout,2026-04-06T06:30:32,upi
pay_1fd6dfe1cae84f,u_1207cd35db,ybehl@paytm,294.14,referral_bonus_payout,2026-06-14T17:45:43,upi
pay_83a2bcd0fa9441,u_3b2bb22362,card_044f5a531ff64d,111.94,referral_bonus_payout,2026-04-19T15:39:33,card
pay_ccf1b038bdb949,u_d24bde2095,labankale@ybl,481.33,referral_bonus_payout,2026-07-22T17:41:26,upi
pay_5ba22f747d134f,u_30f7f97279,card_7299b53705de48,386.71,referral_bonus_payout,2026-06-19T19:54:09,card
pay_f9bc0058a5764e,u_4c987c747c,card_af50cea6f7c844,106.12,referral_bonus_payout,2026-04-12T14:40:45,card
pay_260542d1377d4f,u_0c04e4c106,card_ea3ea06abb3b49,257.6,referral_bonus_payout,2026-04-18T05:59:26,card
pay_10389aa9dec94d,u_24ba3c8d92,card_bcfacb6738fa48,417.1,referral_bonus_payout,2026-04-10T01:56:48,card
pay_fee15092fbbb45,u_ce131cdf97,card_0b070a708b3f4b,289.67,referral_bonus_payout,2026-06-25T17:27:34,card
pay_8b2a4ac554dc4e,u_ac670e6b97,card_e42a6a9d7ea840,137.08,referral_bonus_payout,2026-04-30T11:04:43,card
pay_44ceabca7f014b,u_6735b2129c,card_68d75551492b41,218.61,referral_bonus_payout,2026-03-28T13:01:20,card
pay_f831e9459e6343,u_3c8de221ab,card_3ce18c4d2e1749,358.04,referral_bonus_payout,2026-05-12T23:37:54,card
pay_4b39ef10150343,u_75fc343e6d,thakerwazir@okhdfcbank,285.28,referral_bonus_payout,2026-07-23T15:43:52,upi
pay_d41b702915014d,u_648458111f,card_cd048c7407df4e,417.4,referral_bonus_payout,2026-04-10T23:16:47,card
pay_1e3940dfe7ac45,u_8be41ab6e4,harsh72@okhdfcbank,269.1,referral_bonus_payout,2026-07-19T17:24:41,upi
pay_610a65e9831241,u_fe88345007,card_cfe1e9ad42a347,403.69,referral_bonus_payout,2026-04-09T00:52:00,card
pay_92b83701486543,u_85aa1878af,galadalaja@okicici,50.21,referral_bonus_payout,2026-03-28T11:20:01,upi
pay_8c148a285fea45,u_47886d000c,jray@okhdfcbank,469.57,referral_bonus_payout,2026-07-01T01:50:22,upi
pay_5e3a6114b8034f,u_bf7ff55f0a,advaymalhotra@okhdfcbank,179.62,referral_bonus_payout,2026-06-18T04:52:20,upi
pay_39c4534fdf4b4a,u_5eec9bc995,bhattivivaan@okicici,134.12,referral_bonus_payout,2026-05-21T23:43:47,upi
pay_9ce8ead1b6ae44,u_03f6ba98be,card_ffef557312574d,52.77,referral_bonus_payout,2026-07-25T13:15:22,card
pay_85183ea2ae8840,u_1aa82aa9bf,card_e75c2afa5c0045,116.89,referral_bonus_payout,2026-06-04T02:31:23,card
pay_a9f5b58b3f4a42,u_4ba57b90eb,naveen27@paytm,478.83,referral_bonus_payout,2026-04-11T21:08:54,upi
pay_855dd70dd57c4a,u_38cd5978dc,jagdishboase@okicici,145.32,referral_bonus_payout,2026-03-19T05:04:39,upi
pay_955fa501cdfd46,u_c87d94aa0c,card_1d6697e20cac41,187.77,referral_bonus_payout,2026-07-13T07:19:36,card
pay_8d810441119445,u_569fd64b52,card_f43aabb271f346,361.98,referral_bonus_payout,2026-07-01T13:14:40,card
pay_bcb8d600087445,u_4ffd159830,rmohanty@okhdfcbank,214.01,referral_bonus_payout,2026-04-01T22:46:37,upi
pay_d4cd16310c0845,u_479b01984f,saumyagrewal@ybl,464.99,referral_bonus_payout,2026-07-23T09:06:33,upi
pay_ddcb54097fd844,u_558931f067,jagdish65@ybl,211.6,referral_bonus_payout,2026-04-27T14:48:30,upi
pay_dd8af33ebb324e,u_e052f250ca,pluthra@paytm,239.09,referral_bonus_payout,2026-03-18T18:20:03,upi
pay_5a6ecbc7163c4c,u_3ba06b3ce6,card_3033bf64663943,175.91,referral_bonus_payout,2026-03-20T21:28:10,card
pay_5ab5dddb94264b,u_0cdfab1368,card_28e6ee39db2148,133.83,referral_bonus_payout,2026-06-12T11:00:49,card
pay_dbe0fbae6e634c,u_7a8065fff2,harrison61@ybl,77.72,referral_bonus_payout,2026-07-23T03:21:58,upi
pay_39ae218d7a7142,u_35f6e275ed,lukeluthra@okhdfcbank,190.97,referral_bonus_payout,2026-05-02T07:18:38,upi
pay_77721e021e6a49,u_941045cdee,dmammen@okicici,133.34,referral_bonus_payout,2026-05-21T04:59:42,upi
pay_69a55d735c5247,u_c5efd53a09,pandyaishanvi@paytm,423.59,referral_bonus_payout,2026-07-17T00:44:51,upi
pay_f32df8a916e74c,u_6132601a1a,card_86f1bd94b7ab4d,50.13,referral_bonus_payout,2026-03-27T05:32:54,card
pay_a928bdbdf3244d,u_f9b9cfed9c,zarna16@okicici,426.02,referral_bonus_payout,2026-06-16T10:01:57,upi
pay_c25a248c09f749,u_4d17e6ac2e,gagandatta@okhdfcbank,247.4,referral_bonus_payout,2026-07-21T16:09:14,upi
pay_9fe3602daf7840,u_cd5ca6927e,card_4eac48368bef43,103.65,referral_bonus_payout,2026-03-18T10:51:15,card
pay_27c1a56f0f2142,u_00eea4d3c2,hverma@ybl,160.25,referral_bonus_payout,2026-03-01T12:51:41,upi
pay_0dd24e68123c43,u_40005b6f5f,ngara@ybl,69.12,referral_bonus_payout,2026-05-12T23:19:00,upi
pay_967bdac4477344,u_51f55d5a34,sakshambora@paytm,73.43,referral_bonus_payout,2026-04-25T15:04:00,upi
pay_bb92cb0f75654e,u_65c8eda79c,card_24fc362feffd43,296.16,referral_bonus_payout,2026-04-22T08:13:41,card
pay_cb0b519aeff644,u_fe187bc6dc,lakshkrish@paytm,475.54,referral_bonus_payout,2026-06-16T01:50:30,upi
pay_7960bdf2ab044b,u_20a490de33,sanearin@paytm,416.76,referral_bonus_payout,2026-07-23T17:52:21,upi
pay_a3a5c824a7a543,u_3e5fd3dc32,kashyapijaya@okicici,412.32,referral_bonus_payout,2026-07-02T16:28:42,upi
pay_f9009b1d840141,u_de5215c9dd,nakshkaur@ybl,298.93,referral_bonus_payout,2026-07-13T08:04:16,upi
pay_a1a7293de5c34d,u_e3d88e1094,card_46f09448f7524b,291.41,referral_bonus_payout,2026-04-25T01:51:36,card
pay_7e312f4969c142,u_68ea34905a,card_2558a816f75543,260.6,referral_bonus_payout,2026-04-13T02:34:06,card
pay_a3f9292fdd7f44,u_869db230ac,ojasnaik@ybl,359.19,referral_bonus_payout,2026-07-03T01:23:42,upi
pay_6704ad1a22d14b,u_2fd3b62212,card_a16c723a04ba48,304.87,referral_bonus_payout,2026-04-07T08:04:52,card
pay_92f1057d1a0c4b,u_d1fe0cc4f6,ojas89@okicici,457.18,referral_bonus_payout,2026-06-08T07:57:40,upi
pay_7e1e3efa29944c,u_4d67712d2e,majumdarnaveen@okhdfcbank,434.18,referral_bonus_payout,2026-03-02T09:25:00,upi
pay_f121ed380c5840,u_1e7b17daef,card_f829087b951b4f,267.6,referral_bonus_payout,2026-07-03T05:14:15,card
pay_ad06dc57b6fa42,u_ad75561b2f,card_e8b0cdb42e8048,171.16,referral_bonus_payout,2026-03-17T05:07:00,card
pay_fdc247eab1e34b,u_7dfe59e14a,maxmutti@paytm,159.11,referral_bonus_payout,2026-05-31T17:48:14,upi
pay_324384592da84c,u_cd7c73f645,jeremiah11@ybl,113.26,referral_bonus_payout,2026-07-22T04:05:22,upi
pay_8e1ad4eb2af640,u_48e9007026,card_8477c590f4994a,306.33,referral_bonus_payout,2026-03-25T08:37:23,card
pay_31e22e4899b844,u_3cde6869de,jeet92@okicici,113.24,referral_bonus_payout,2026-06-01T12:01:52,upi
pay_60310b2920174e,u_17ec7f8af9,card_383b3769386c45,69.55,referral_bonus_payout,2026-07-10T08:41:07,card
pay_20ad2b69ef7b47,u_eb33f87a3f,kabir82@okhdfcbank,441.54,referral_bonus_payout,2026-03-09T22:33:48,upi
pay_5921a46c920247,u_caa3257ac7,baghyawati20@okhdfcbank,408.45,referral_bonus_payout,2026-03-21T03:45:39,upi
pay_da5912fd60ba47,u_e11f62cae0,card_66638d4c0dc54d,99.21,referral_bonus_payout,2026-04-28T18:32:07,card
pay_88bff819936d45,u_8656a17c64,card_cc7c2d3f62ce40,67.88,referral_bonus_payout,2026-06-26T04:53:53,card
pay_8c4d0f1b1aa64b,u_bb842739a6,ekaraj49@paytm,444.46,referral_bonus_payout,2026-04-27T03:56:13,upi
pay_39bd4dda5f9643,u_a3985ad3e1,card_4d2f0df6e4fd42,151.47,referral_bonus_payout,2026-05-18T16:27:12,card
pay_c98d49dd993743,u_bb0c57bcae,card_365d8b62fd1b42,441.55,referral_bonus_payout,2026-06-10T19:08:24,card
pay_2f5d0cb782ff43,u_6846fb3449,fgupta@paytm,446.35,referral_bonus_payout,2026-05-11T17:20:18,upi
pay_3b119edfc13149,u_6715bd25f8,card_1e08133483844c,242.92,referral_bonus_payout,2026-06-19T10:24:41,card
pay_d4b868eb003c49,u_490efe2290,card_294bc0af765e4b,52.35,referral_bonus_payout,2026-03-07T06:24:01,card
pay_b895dad1d35648,u_7411555802,card_cd931970c77740,384.0,referral_bonus_payout,2026-04-09T09:15:52,card
pay_587b5e9348a243,u_1df1cd6cb7,brinda99@paytm,150.13,referral_bonus_payout,2026-07-17T09:58:29,upi
pay_77275de5116b44,u_e9cb0fc70b,muniomkaar@ybl,195.45,referral_bonus_payout,2026-03-28T12:32:43,upi
pay_367eb9b72a184e,u_36d536d090,card_51fe858225c249,445.98,referral_bonus_payout,2026-03-28T10:42:35,card
pay_a7ba3c59c4c94f,u_e4613d0b39,urishillamani@ybl,275.57,referral_bonus_payout,2026-06-07T21:06:54,upi
pay_b6351344df7642,u_d186ddf7ef,aarnapanchal@paytm,240.33,referral_bonus_payout,2026-03-31T19:03:32,upi
pay_5f244f6b364b43,u_b8fce4855c,card_c791b2cbd6d44b,458.54,referral_bonus_payout,2026-03-03T20:31:08,card
pay_a3d612bae97e45,u_a53340175e,card_6baf4d96e92347,78.62,referral_bonus_payout,2026-05-14T10:50:21,card
pay_dc1438b7984b42,u_f2042ee445,card_bf9e7c36254b42,476.26,referral_bonus_payout,2026-07-08T03:58:21,card
pay_b7abf6d7b7314a,u_d1d8843910,card_00349ede093148,100.7,referral_bonus_payout,2026-04-07T16:26:49,card
pay_312893d01b9a43,u_75f04495cf,duavaishnavi@okhdfcbank,477.39,referral_bonus_payout,2026-05-22T21:45:10,upi
pay_07fd735ea82a46,u_d3c7afffad,card_520336b118cb4f,133.51,referral_bonus_payout,2026-06-16T18:29:05,card
pay_bcf1b88c688b40,u_4b79637404,card_bf0632d69f0340,231.93,referral_bonus_payout,2026-07-27T17:55:15,card
pay_3723fadb070944,u_ef23178de9,card_3d1e961489a34f,479.94,referral_bonus_payout,2026-04-26T22:55:49,card
pay_d4afc05d1c7a41,u_4866df9279,card_a9fff9d47ee643,264.39,referral_bonus_payout,2026-05-26T12:08:27,card
pay_21c1a4a403de49,u_8db122270b,gdevan@ybl,484.25,referral_bonus_payout,2026-03-28T16:58:22,upi
pay_0a6434d2557043,u_b6b2ff3279,hsama@paytm,361.99,referral_bonus_payout,2026-04-04T22:54:37,upi
pay_b6967c6b721e48,u_e33b76f639,william58@ybl,211.78,referral_bonus_payout,2026-06-06T11:23:57,upi
pay_65fb95e30e924f,u_93e3822408,khannanachiket@ybl,218.83,referral_bonus_payout,2026-04-23T00:58:56,upi
pay_f72ffe7ed2584d,u_0aed0e3e62,balacaleb@ybl,134.68,referral_bonus_payout,2026-07-26T01:11:41,upi
pay_b45302c5eefa4b,u_9b92717cac,idhawan@paytm,102.93,referral_bonus_payout,2026-05-21T14:41:16,upi
pay_94d6e1cc445345,u_1ba2027bf7,vrishti80@okicici,460.67,referral_bonus_payout,2026-07-08T11:54:45,upi
pay_759f66c74c2c4c,u_5cd43fd664,amol87@ybl,169.61,referral_bonus_payout,2026-04-11T15:30:41,upi
pay_3ee33063682a44,u_290f8be93f,card_231047a1bf6048,449.65,referral_bonus_payout,2026-07-08T07:32:51,card
pay_a3c60d7909f945,u_2735948c15,card_12eb4a77b50e41,93.42,referral_bonus_payout,2026-03-29T00:03:17,card
pay_4cede433359542,u_9db78f5099,card_7d690d3ab5c343,169.4,referral_bonus_payout,2026-04-15T10:46:14,card
pay_081d1da43a2f4c,u_19a1761714,card_dbcaf2cd43fd43,94.47,referral_bonus_payout,2026-04-26T16:48:57,card
pay_42aa42642bf44b,u_ae6deba0e6,card_45c255233a8e4a,285.44,referral_bonus_payout,2026-03-01T14:08:06,card
pay_a20eaf6d9d2c42,u_3f641fc1d3,card_3e61c374c87a41,393.14,referral_bonus_payout,2026-04-24T09:54:35,card
pay_a8ae3bf1bb4646,u_3f5d63b531,pparmer@okhdfcbank,175.57,referral_bonus_payout,2026-07-20T00:21:18,upi
pay_68275424dac34e,u_04245940cf,card_f66a88be587948,386.9,referral_bonus_payout,2026-06-09T10:35:58,card
pay_abfc6a516d8349,u_e2aee4b3e9,ekalingabhasin@okicici,486.72,referral_bonus_payout,2026-06-26T16:06:49,upi
pay_54e02ddd75ca4f,u_a15722cdc2,chaitanya46@paytm,312.72,referral_bonus_payout,2026-07-01T14:31:23,upi
pay_4a6fb955cb1447,u_70cc047666,sarrafwarjas@okicici,354.58,referral_bonus_payout,2026-05-02T19:03:13,upi
pay_7cbe4ee3362642,u_03e0c3b7f9,card_bb5482941d3640,142.91,referral_bonus_payout,2026-05-03T00:51:27,card
pay_5a099065af3444,u_ba3cc83dad,lakshit42@okhdfcbank,494.73,referral_bonus_payout,2026-06-23T15:18:49,upi
pay_1041305aa24446,u_8a1d3fc6fb,card_10e8e5b7c58e49,432.01,referral_bonus_payout,2026-03-28T15:42:55,card
pay_c8ab04560faa4e,u_30c1255328,srinivasansai@okicici,94.57,referral_bonus_payout,2026-04-10T14:29:20,upi
pay_90b6bec36d7847,u_138b1c7b6a,vasanaviswanathan@ybl,424.51,referral_bonus_payout,2026-05-29T09:24:16,upi
pay_58ed330a78344f,u_d569f36ecf,mbhattacharyya@paytm,386.4,referral_bonus_payout,2026-03-23T17:05:05,upi
pay_252b095d60a546,u_2a9cc3703d,card_7eff478df40a46,79.56,referral_bonus_payout,2026-04-03T11:42:54,card
pay_e5150c5e158a48,u_1dce2da48e,card_5895d6c287e340,476.91,referral_bonus_payout,2026-04-04T15:09:54,card
pay_7e0390903f594f,u_e6907cfc87,card_e6c77e05ced84f,284.33,referral_bonus_payout,2026-04-23T10:54:12,card
pay_b6d58bd7f07f48,u_77db7823bf,card_8dae45cef2be41,429.08,referral_bonus_payout,2026-07-24T09:53:12,card
pay_4270510d26374b,u_4a8c7bd038,card_16f22535ebaa44,230.53,referral_bonus_payout,2026-03-25T14:39:35,card
pay_b695ab0bd00e40,u_afc54984b0,card_88635a6d438b4a,128.5,referral_bonus_payout,2026-05-28T04:09:04,card
pay_0e69f664946c45,u_e7a4888709,card_ede026916b9a4c,243.7,referral_bonus_payout,2026-03-30T02:12:39,card
pay_1dd7f120ccc44f,u_353ea4582d,card_4b284c9a575b48,261.56,referral_bonus_payout,2026-04-03T00:41:36,card
pay_8fd7657fe39e4c,u_9df9fe7ec4,ivarughese@okhdfcbank,439.61,referral_bonus_payout,2026-05-15T02:32:48,upi
pay_7815a345e03d43,u_25401d6076,card_a32930e88c1a4f,222.72,referral_bonus_payout,2026-07-11T19:54:58,card
pay_c74d2c58d7c94d,u_699ad15030,rnarang@okicici,198.47,referral_bonus_payout,2026-05-05T01:44:01,upi
pay_284dbce7af0044,u_718135f59c,card_4235d23c3de24c,381.39,referral_bonus_payout,2026-04-03T05:46:03,card
pay_0ae3046ff72543,u_fb02993f90,ryan82@okhdfcbank,64.85,referral_bonus_payout,2026-04-20T01:04:23,upi
pay_44be58221fd244,u_c5e79019c6,card_9dee20d63ef34b,207.05,referral_bonus_payout,2026-07-20T19:31:30,card
pay_017308f4a8bb40,u_e027f3d6ac,dnayar@paytm,351.51,referral_bonus_payout,2026-05-31T15:53:13,upi
pay_32fbe1c3e01443,u_83e9b1dc3b,samar87@okicici,204.34,referral_bonus_payout,2026-04-13T05:52:30,upi
pay_4de4cc7ed24648,u_afd2790a03,bhasinomisha@paytm,386.53,referral_bonus_payout,2026-06-02T10:05:45,upi
pay_d079b8a983514f,u_a49c1f618f,card_2fb5d6fa8c0749,129.33,referral_bonus_payout,2026-03-22T22:45:07,card
pay_7290a9cbbf1440,u_795c791b08,ishanibasu@okicici,471.99,referral_bonus_payout,2026-07-14T16:58:02,upi
pay_a4591de1539949,u_924069b6ba,card_e3a7ed496d454c,437.38,referral_bonus_payout,2026-04-19T18:02:08,card
pay_e4a83e7ecf0040,u_cb94320294,card_b6e7ee7ff8074d,86.17,referral_bonus_payout,2026-07-02T07:13:22,card
pay_33046b2c81c04f,u_8623ea9bee,tbaral@ybl,290.23,referral_bonus_payout,2026-04-18T01:48:01,upi
pay_be22593085b542,u_9a8109acbe,card_f24fddb0d34b4c,438.55,referral_bonus_payout,2026-07-09T06:55:10,card
pay_ac7bdb6cda1845,u_b18c55b7a3,nikitabalasubramanian@paytm,80.59,referral_bonus_payout,2026-06-15T21:22:49,upi
pay_3946209d62ca4d,u_9ac20a4e35,oommennimrat@paytm,191.61,referral_bonus_payout,2026-03-03T21:43:07,upi
pay_0e41613294fd44,u_a958070608,card_cf96b737401e4f,191.05,referral_bonus_payout,2026-06-17T02:15:57,card
pay_3e7b90e9a0a14a,u_f18d39c091,card_36ccff72b9dc4c,265.22,referral_bonus_payout,2026-05-18T05:01:06,card
pay_36fd4535ba8845,u_149d616c85,card_cdbb14e58e694d,343.24,referral_bonus_payout,2026-03-18T02:04:36,card
pay_3981c7ed814448,u_ebee80a162,card_11b18308755c49,285.05,referral_bonus_payout,2026-03-02T07:23:58,card
pay_8d76731b277d4e,u_267feb8700,fagrawal@paytm,193.34,referral_bonus_payout,2026-05-25T18:45:25,upi
pay_eb08c03126114d,u_e44ec6fa2d,jmadan@okhdfcbank,306.55,referral_bonus_payout,2026-03-11T10:56:08,upi
pay_967dc371172243,u_ae2ff51101,card_5488de8f1b4041,281.44,referral_bonus_payout,2026-05-31T06:00:49,card
pay_9a7b20bf1fe848,u_26a5339454,yochanabhardwaj@ybl,340.05,referral_bonus_payout,2026-06-30T17:27:51,upi
pay_4a7462cf57f745,u_baedbe8796,card_f44fae53f19447,170.95,referral_bonus_payout,2026-06-20T00:11:52,card
pay_c1c19fad6bb54e,u_707cb015f5,card_4c2dff4535a146,313.38,referral_bonus_payout,2026-03-14T03:13:41,card
pay_b14b7e36650345,u_4a9e1115ab,osant@paytm,301.83,referral_bonus_payout,2026-05-30T18:24:51,upi
pay_f67ad0c70a8b44,u_ffdf0c059f,card_bf7630b5f1a149,250.67,referral_bonus_payout,2026-05-22T13:17:40,card
pay_0bb6be6a67e14f,u_da46746c59,bhandaribhavini@paytm,173.14,referral_bonus_payout,2026-04-20T04:31:34,upi
pay_22502bbd6d474b,u_3500c40a86,card_eb8620d078874b,228.65,referral_bonus_payout,2026-04-04T06:15:44,card
pay_655d100d2d784c,u_e92de84935,card_5a8197f098854e,252.7,referral_bonus_payout,2026-07-25T19:40:18,card
pay_1c5b1607eb5b42,u_3c0a04e58b,card_97153509a07c47,257.79,referral_bonus_payout,2026-03-14T13:07:48,card
pay_f7e0ef213bc246,u_57dcaa2814,balasubramanianyasti@paytm,379.0,referral_bonus_payout,2026-04-25T12:45:07,upi
pay_9e620306fb7d49,u_d4ecb5a856,sainieta@ybl,289.99,referral_bonus_payout,2026-05-22T14:56:09,upi
pay_a74ba6e967314a,u_1cadf240c9,card_708aa5fe2d054a,474.73,referral_bonus_payout,2026-03-01T08:42:44,card
pay_bd354282dc1245,u_fb8aab7566,vaishnavi76@paytm,208.03,referral_bonus_payout,2026-06-05T08:33:23,upi
pay_7aafd91fbbf048,u_0e92e38c1c,card_7195a64b37f144,55.46,referral_bonus_payout,2026-06-18T20:56:36,card
pay_829c7732960d4b,u_a9e2c0c812,stoor@okhdfcbank,286.54,referral_bonus_payout,2026-03-25T10:55:50,upi
pay_ce165fb3b3a948,u_327efcc210,card_906a4d0f1a0244,486.53,referral_bonus_payout,2026-04-05T04:17:54,card
pay_632cec14d4ce4e,u_704b729719,ojas10@okicici,347.9,referral_bonus_payout,2026-06-03T14:05:04,upi
pay_851e8adcfb4f47,u_a85454b81f,darpankohli@okhdfcbank,340.01,referral_bonus_payout,2026-07-18T18:56:26,upi
pay_82b73d4dd89141,u_ae56bd3c33,kantbaljiwan@paytm,446.23,referral_bonus_payout,2026-04-09T04:45:19,upi
pay_6c17fffbdbc149,u_134307300e,card_59b2033c773b47,464.57,referral_bonus_payout,2026-05-28T08:22:18,card
pay_95e28185e65841,u_b438ffe14f,gaurav09@ybl,494.98,referral_bonus_payout,2026-07-13T08:04:13,upi
pay_28ae6c45d0824c,u_8aeb82afd0,nicholassandhu@paytm,307.13,referral_bonus_payout,2026-04-15T13:48:44,upi
pay_751fafaf91874f,u_a2071a83c5,natarajanyamini@okhdfcbank,257.4,referral_bonus_payout,2026-07-06T07:42:11,upi
pay_d405c3fe1e654a,u_f050fc29b4,kalpitoak@okhdfcbank,461.35,referral_bonus_payout,2026-07-27T21:19:02,upi
pay_5eed013be27e49,u_62a314fbf9,card_1e9a93ebc27643,109.54,referral_bonus_payout,2026-07-07T14:03:58,card
pay_d66793a38fa840,u_037d57c3e4,card_71760dc9149446,275.99,referral_bonus_payout,2026-03-03T22:03:15,card
pay_e5fe2949c35a46,u_4a21b79ada,card_45df76ab6cad41,115.51,referral_bonus_payout,2026-04-21T22:16:36,card
pay_348d8caec6a54c,u_28bc3cdd2e,kumergautam@paytm,292.76,referral_bonus_payout,2026-04-13T08:58:45,upi
pay_b602b518dea447,u_4612dd354f,zashilbassi@ybl,416.69,referral_bonus_payout,2026-04-12T10:51:02,upi
pay_93f2507aabbe4b,u_f9d9b09c10,xlanka@okicici,260.39,referral_bonus_payout,2026-04-24T14:59:24,upi
pay_46db530b7a0b40,u_b7e007e52f,fraja@paytm,133.62,referral_bonus_payout,2026-04-02T09:10:54,upi
pay_afda7a928b0a41,u_74cd5f25bb,card_3a9608a1e87447,448.74,referral_bonus_payout,2026-05-22T05:13:03,card
pay_e92c3b4e57c14d,u_d9341604c2,chakradevkalita@okhdfcbank,323.54,referral_bonus_payout,2026-07-04T11:30:15,upi
pay_cb558324238343,u_fb4cfdb5a9,dastanmayi@ybl,88.13,referral_bonus_payout,2026-03-10T12:39:45,upi
pay_f8f68af71d0149,u_86f759fb40,gourrohan@okicici,428.58,referral_bonus_payout,2026-03-25T09:06:14,upi
pay_44026336e1fc48,u_839e2cfe57,card_177bd5e62b6c47,291.02,referral_bonus_payout,2026-03-16T14:57:30,card
pay_fc295098ca7147,u_d908a50d1a,card_a76124d9274942,406.21,referral_bonus_payout,2026-07-11T20:48:59,card
pay_7b3ea4c26f6c4e,u_ddf7e1f814,chanayug@ybl,83.84,referral_bonus_payout,2026-05-13T03:47:34,upi
pay_33c254e500904c,u_e5c56189e5,card_1d01744eac6143,461.17,referral_bonus_payout,2026-03-13T23:19:04,card
pay_55f93f16cb6840,u_8b47583d6b,yoshita23@okhdfcbank,123.2,referral_bonus_payout,2026-06-04T13:45:15,upi
pay_8ad49f0446444c,u_1e3889d87c,bhavikazachariah@paytm,432.46,referral_bonus_payout,2026-04-08T07:53:55,upi
pay_fc9a8d85844c45,u_5991da2e72,card_8ca706af145f44,418.7,referral_bonus_payout,2026-05-03T02:31:09,card
pay_dfd68c2fff654b,u_9db533773a,card_6c6294abf5b941,446.26,referral_bonus_payout,2026-05-13T04:11:37,card
pay_3ba1650cc3f748,u_dd22a892bb,cratti@okhdfcbank,487.4,referral_bonus_payout,2026-05-10T04:04:23,upi
pay_892635a108854a,u_a6b108e9d9,card_ec0a854a3c7b43,77.02,referral_bonus_payout,2026-05-13T00:35:29,card
pay_d89f1b6156e54a,u_810e85e4e0,card_3858e4fb3acc4e,134.04,referral_bonus_payout,2026-05-09T20:16:39,card
pay_d847ad904dc249,u_02b821772d,card_70fc6c4e428747,487.09,referral_bonus_payout,2026-04-19T19:58:30,card
pay_e0502c04c8854d,u_df780373bc,card_093b046effc346,356.37,referral_bonus_payout,2026-04-18T21:02:53,card
pay_7f33572e025240,u_9c34f168a8,bhatunni@okhdfcbank,128.95,referral_bonus_payout,2026-07-25T22:21:40,upi
pay_db280bdd37aa4f,u_b13f4cbdeb,ochanda@paytm,93.45,referral_bonus_payout,2026-03-24T04:38:43,upi
pay_6b29f2affd6a49,u_b7a173c719,mganesan@ybl,248.32,referral_bonus_payout,2026-05-30T07:37:06,upi
pay_338cd5c233b146,u_56d215422d,card_84097f08577d4e,426.19,referral_bonus_payout,2026-05-25T06:29:47,card
pay_db47b301d5cc47,u_8fe6d728e6,card_8d05f51c7bc84e,496.01,referral_bonus_payout,2026-03-26T05:16:36,card
pay_38000b329dbb4b,u_4a5a866324,yashawinisaini@paytm,262.33,referral_bonus_payout,2026-06-29T11:34:36,upi
pay_db41c019cd9246,u_df3fda8df7,card_e07a1ce14d334b,219.17,referral_bonus_payout,2026-03-17T09:31:31,card
pay_34a2769d3c0046,u_ccd9a38746,card_54e9820533734e,149.77,referral_bonus_payout,2026-07-24T11:39:19,card
pay_b903e3b85c2542,u_06e6706cc9,card_4413eda6dffc4c,248.84,referral_bonus_payout,2026-04-04T03:08:35,card
pay_c6ef69d927e14f,u_490eeb1026,edutt@paytm,124.2,referral_bonus_payout,2026-04-27T17:49:38,upi
pay_7423f8bf21e849,u_c207fe47ff,card_8c5c2712a38440,221.75,referral_bonus_payout,2026-03-08T16:01:35,card
pay_ec161300462544,u_53cfc7e6b7,card_6d2d776d8f6248,447.86,referral_bonus_payout,2026-07-02T10:45:36,card
pay_e05fe74f4d7947,u_6eec316d28,chameli78@okhdfcbank,216.39,referral_bonus_payout,2026-05-25T03:49:59,upi
pay_d7e1c8edd9bd47,u_1340344697,diyasen@okicici,382.15,referral_bonus_payout,2026-04-04T20:57:20,upi
pay_35c81025fc3247,u_866b741cf7,card_785fd9479c1641,465.01,referral_bonus_payout,2026-06-09T13:27:44,card
pay_c1804f4cd4ab40,u_df8778fec0,card_05e41b1644c749,416.62,referral_bonus_payout,2026-03-23T02:19:10,card
pay_d1baef64cf4748,u_a52cd072cd,tarabarad@ybl,368.0,referral_bonus_payout,2026-04-04T08:48:06,upi
pay_70ffab05d74049,u_a7e0fabf6e,lakshit15@okhdfcbank,310.58,referral_bonus_payout,2026-04-25T08:52:38,upi
pay_92ae9b9e6a8f47,u_62681e17f8,rbrahmbhatt@okhdfcbank,405.47,referral_bonus_payout,2026-06-20T08:08:26,upi
pay_23905b0fed274a,u_5150fef5b6,meghanasuresh@ybl,472.74,referral_bonus_payout,2026-04-19T01:15:05,upi
pay_28b4c80aba204e,u_6191e11bc7,rakshasachar@okhdfcbank,427.71,referral_bonus_payout,2026-07-22T00:55:19,upi
pay_6ec2ca81d7be4f,u_e4549e21fa,card_ecc58ad9944e42,376.42,referral_bonus_payout,2026-03-10T10:35:05,card
pay_97bfdfb5345c49,u_d77fc19732,card_f8c3451542b34f,203.64,referral_bonus_payout,2026-07-11T23:56:38,card
pay_8bbee6faf16e4f,u_4e7f978616,bkanda@okhdfcbank,283.04,referral_bonus_payout,2026-05-30T05:55:54,upi
pay_7563a7a744d14d,u_8e830972bc,card_c8b780d6d1dc43,200.7,referral_bonus_payout,2026-06-19T15:43:50,card
pay_cabce0ac827b40,u_171add5641,card_7cb7542d99194f,409.77,referral_bonus_payout,2026-05-20T08:35:19,card
pay_1270f397c90a44,u_c846a611ab,gopalmichael@okhdfcbank,374.8,referral_bonus_payout,2026-04-27T00:48:27,upi
pay_f7a78e652e9147,u_294cca4059,card_e9c430c8160f49,70.85,referral_bonus_payout,2026-06-29T04:21:14,card
pay_1427bfbf3ec34b,u_b2dbb2368f,card_f9dcd3b5c1c245,415.17,referral_bonus_payout,2026-06-17T17:20:46,card
pay_c1288f57e20b41,u_6b6acabede,card_44bd56649c034a,453.45,referral_bonus_payout,2026-03-23T09:56:48,card
pay_8eaa24c624d044,u_eba72b08ed,card_ae414ccc896c4f,334.88,referral_bonus_payout,2026-07-13T15:29:49,card
pay_a49c816819524c,u_30778c8752,inath@paytm,314.87,referral_bonus_payout,2026-03-23T15:28:24,upi
pay_257e9f9730bf48,u_320bf0c8c7,card_ce020e68cdaf4c,271.75,referral_bonus_payout,2026-07-02T23:07:56,card
pay_5c4bd24a398f47,u_62765cecda,bvig@okhdfcbank,182.29,referral_bonus_payout,2026-03-17T01:39:36,upi
pay_aa9a503e730b4f,u_16465edb24,veerswaminathan@ybl,379.44,referral_bonus_payout,2026-06-01T01:06:27,upi
pay_959ac429d08843,u_b9a7b93863,chakradev51@okicici,435.35,referral_bonus_payout,2026-03-17T00:23:53,upi
pay_6023cbe7a20247,u_5c847c8752,card_1feb317708604d,256.36,referral_bonus_payout,2026-05-24T11:50:56,card
pay_3248f582846c4c,u_e292d7eb3f,card_5f63899fd1934c,231.25,referral_bonus_payout,2026-04-24T20:56:34,card
pay_6d982d5f3a9e4b,u_3a30185aea,card_d778fa604a8448,134.49,referral_bonus_payout,2026-04-20T18:42:49,card
pay_9911c29f594b41,u_94ab06889c,card_064b3f10a90347,413.82,referral_bonus_payout,2026-05-25T11:18:43,card
pay_6415ea41501b42,u_103374af35,card_f960e3ecfd6144,192.43,referral_bonus_payout,2026-05-02T06:05:58,card
pay_dee60ed6c4e147,u_1f67258157,vamakshi11@okicici,141.05,referral_bonus_payout,2026-06-16T10:12:27,upi
pay_d1769896fd1d43,u_64205797cb,card_03785f5ab5c045,268.65,referral_bonus_payout,2026-06-26T00:21:42,card
pay_6d9fb920e2d448,u_3c0c65e8ff,card_8c8ac76752fe4c,193.2,referral_bonus_payout,2026-03-13T23:58:32,card
pay_59fcd67b7bbc45,u_98e0754653,bhanumatiloyal@paytm,307.06,referral_bonus_payout,2026-05-08T02:57:43,upi
pay_94279098fb424f,u_f29bbc77c1,pranitdeol@okhdfcbank,211.8,referral_bonus_payout,2026-03-20T13:22:07,upi
pay_3e7638f145e343,u_506c41c28f,card_1e90cbcb33a447,312.86,referral_bonus_payout,2026-04-01T07:37:28,card
pay_a95d1c5e90ed43,u_edb564efe9,ugour@paytm,138.78,referral_bonus_payout,2026-04-13T23:04:31,upi
pay_b04ee67b2dcc45,u_2c4f7ecf8d,card_927ca13258d847,263.83,referral_bonus_payout,2026-03-26T12:45:53,card
pay_e7420ccf18bc40,u_9b5f57a03d,hgala@okhdfcbank,370.75,referral_bonus_payout,2026-07-04T10:19:28,upi
pay_9f6b5262449f46,u_75e11266b8,card_2d828c0d83d34f,321.4,referral_bonus_payout,2026-07-27T09:09:43,card
pay_a37c4164b1764b,u_1559539f09,janani20@okicici,438.23,referral_bonus_payout,2026-03-11T18:45:44,upi
pay_f27f3a5eb4114b,u_0099069d51,card_b1ebc0dd858c4a,140.04,referral_bonus_payout,2026-05-01T19:32:30,card
pay_5e6d336c58514a,u_9b2ad6da36,card_2095ac7c3f2b40,95.6,referral_bonus_payout,2026-03-05T11:10:55,card
pay_825732acd2694a,u_4c1d6fa876,bajwajeevika@okicici,254.0,referral_bonus_payout,2026-06-18T18:35:57,upi
pay_c8b6a465966743,u_669197db6a,andrewmerchant@okhdfcbank,417.01,referral_bonus_payout,2026-04-13T17:54:33,upi
pay_772c6ce0149749,u_3825b48faa,card_4aafc24696de42,464.56,referral_bonus_payout,2026-04-02T01:32:37,card
pay_4864099d919048,u_84946d70dc,card_6071892ad28246,84.43,referral_bonus_payout,2026-07-21T19:51:16,card
pay_46bbc4babf4d42,u_0c887b4928,card_830f373548a240,365.39,referral_bonus_payout,2026-05-21T08:32:44,card
pay_f38e9dd1b06448,u_5800bef723,card_b403507521704c,263.07,referral_bonus_payout,2026-04-19T20:49:49,card
pay_6a46299fa58148,u_c011d7a8cf,lpillay@ybl,108.38,referral_bonus_payout,2026-06-07T01:51:30,upi
pay_5c4495408afa42,u_9453b471a4,agastya29@okhdfcbank,261.03,referral_bonus_payout,2026-07-25T10:55:54,upi
pay_77478212857546,u_846e668fd1,card_d5c39c7518bd4f,147.37,referral_bonus_payout,2026-04-27T08:19:32,card
pay_35a1b1aee7244b,u_7e31e22a44,card_543a62ee605844,50.39,referral_bonus_payout,2026-03-26T23:30:35,card
pay_20011e33667440,u_9cf28eaae3,yogividhi@okhdfcbank,343.14,referral_bonus_payout,2026-07-04T19:41:38,upi
pay_53a5bbfe65c94d,u_fd1f3cb7bc,onveerchauhan@okicici,492.48,referral_bonus_payout,2026-03-19T18:53:05,upi
pay_4ce8284e2d194e,u_8fb4ac48f1,ikshita91@ybl,61.08,referral_bonus_payout,2026-05-08T01:52:25,upi
pay_f3e4b7d0962d47,u_5332cf6f96,card_c25646a9527947,328.61,referral_bonus_payout,2026-05-18T19:47:25,card
pay_bcfea64539f740,u_ed72415e29,card_639aa7219d564d,463.81,referral_bonus_payout,2026-03-08T23:51:53,card
pay_a2e8e248330047,u_6e240efb47,masterbhavani@okicici,310.1,referral_bonus_payout,2026-05-25T03:18:45,upi
pay_e91b8045450349,u_fbe5d52b4d,card_1c8f070cf31548,85.43,referral_bonus_payout,2026-06-08T12:56:25,card
pay_fe4073bb93bf48,u_c617620279,card_069e5b05ac3f4a,439.54,referral_bonus_payout,2026-04-03T05:29:24,card
pay_92612c67c5eb41,u_055dde8cc4,card_a1802fa3caac4c,238.81,referral_bonus_payout,2026-05-22T03:29:46,card
pay_00837dcdf35341,u_ba4b7ff1d9,lghose@okhdfcbank,256.94,referral_bonus_payout,2026-04-02T07:06:26,upi
pay_805fe576849944,u_a7c1725346,card_3b6b7a84ed2448,220.35,referral_bonus_payout,2026-03-13T10:36:50,card
pay_1ac65e9576304f,u_0698fb45e5,card_4e5a78fec4344d,98.59,referral_bonus_payout,2026-05-02T02:32:00,card
pay_8c78d078b8db4c,u_71472957c5,card_42be9653fff443,446.53,referral_bonus_payout,2026-04-30T22:16:26,card
pay_02a25ed82c6a40,u_b15b1a1445,card_e6d0cb9c284342,405.26,referral_bonus_payout,2026-03-24T08:08:44,card
pay_7e72c8205c0849,u_1fdf206cd2,ajaggi@okicici,102.76,referral_bonus_payout,2026-06-11T05:55:09,upi
pay_9c36bf3d6c9a4b,u_fe81fc2309,card_5224d158498145,55.59,referral_bonus_payout,2026-04-27T21:13:58,card
pay_fb3e5adbdae444,u_9988d78a7a,nathekavir@ybl,72.42,referral_bonus_payout,2026-03-13T23:43:15,upi
pay_a8be0913d7854e,u_9b06973223,card_ec7f7ca3943c4e,188.91,referral_bonus_payout,2026-05-03T22:37:16,card
pay_73b69ab0678542,u_33e2160b5c,card_1bf1d12a760c4d,150.24,referral_bonus_payout,2026-07-22T03:38:39,card
pay_cfa3339ee30b42,u_98c9b4289d,card_7bc401dab5b540,304.4,referral_bonus_payout,2026-03-12T23:18:14,card
pay_6719b6098dd54a,u_43a4923651,card_5883b672f0b346,191.66,referral_bonus_payout,2026-04-30T05:56:51,card
pay_4c340b52c69f4c,u_e20a04e02b,card_2074db78f3604c,249.44,referral_bonus_payout,2026-07-27T23:21:34,card
pay_80386481948647,u_f5c1fd1cd0,card_443f2e06342942,186.92,referral_bonus_payout,2026-07-20T03:34:05,card
pay_20d0381ac44847,u_c8339ae954,fthakur@okicici,313.86,referral_bonus_payout,2026-03-15T08:31:57,upi
pay_6d47e239dec244,u_d288876a94,card_765a01dc7d7f40,227.69,referral_bonus_payout,2026-07-17T16:11:41,card
pay_358c636f3e5543,u_36d78d1e34,card_d904e3d73e9148,403.76,referral_bonus_payout,2026-03-10T22:51:43,card
pay_ad09f838ae394b,u_9016dc2a51,pandeyaditya@okicici,70.38,referral_bonus_payout,2026-06-20T11:55:52,upi
pay_38fce1909c8c41,u_ff78909f6b,rajisha@paytm,202.0,referral_bonus_payout,2026-03-30T21:44:38,upi
pay_332ee906733646,u_40e4c464fb,card_8f654a1ce2d348,395.15,referral_bonus_payout,2026-03-05T16:53:25,card
pay_09d6ba40e3d947,u_635e3ae789,card_8bf25a62c2c34f,57.14,referral_bonus_payout,2026-03-09T15:21:13,card
pay_6cc80a7b178748,u_073da939db,rishikapoor@okicici,89.87,referral_bonus_payout,2026-04-05T18:38:46,upi
pay_51acb43f9f7b4b,u_e4b73eb224,card_2f635278e8374c,453.61,referral_bonus_payout,2026-03-22T02:52:28,card
pay_eebf3dae7ebc4e,u_626aa98b58,card_71c5ad1f143e44,295.04,referral_bonus_payout,2026-04-01T04:15:02,card
pay_aaf79cbfccb342,u_4c2e5a8ca4,tchahal@okhdfcbank,491.35,referral_bonus_payout,2026-03-24T16:59:03,upi
pay_b2a4b6a600734f,u_82e294d2b1,card_9bfb75b2af214e,328.66,referral_bonus_payout,2026-06-11T00:12:50,card
pay_86e70a9201f24d,u_a984807d8a,parsazehaan@okicici,454.34,referral_bonus_payout,2026-07-21T00:58:32,upi
pay_29122fbe375a42,u_dca8fb3387,card_b5a6112e23a94b,148.6,referral_bonus_payout,2026-03-03T15:54:43,card
pay_2992a0027c7f4b,u_73be271169,isaacmukherjee@okhdfcbank,346.29,referral_bonus_payout,2026-07-26T20:29:58,upi
pay_d0c8b41c0ac04e,u_bb7a18895e,zcheema@paytm,425.87,referral_bonus_payout,2026-05-24T11:51:28,upi
pay_35011117d16844,u_9bfae587f6,card_e6d52991cc4941,351.61,referral_bonus_payout,2026-07-20T16:58:01,card
pay_c4dd3ff624c048,u_3adeb8b58f,nandini79@okhdfcbank,170.85,referral_bonus_payout,2026-05-11T00:33:03,upi
pay_992d12f197e046,u_a9fcfed652,card_dfeed35c62b444,351.5,referral_bonus_payout,2026-07-11T08:12:17,card
pay_b6e1b456d0524c,u_2e8cf7e6bb,bthaker@ybl,356.82,referral_bonus_payout,2026-03-11T06:04:35,upi
pay_c96d6849cfb147,u_813fc5f18e,card_54d3fa0941ff44,163.92,referral_bonus_payout,2026-06-27T02:02:44,card
pay_abf57159d6fa40,u_445b42c734,card_c0024829033946,306.57,referral_bonus_payout,2026-04-24T03:25:22,card
pay_13747477e5664f,u_6dc840ca71,kalatejas@okicici,135.93,referral_bonus_payout,2026-04-28T02:11:43,upi
pay_0d8c90c3d61a47,u_e65e429c87,dayitaprasad@paytm,451.42,referral_bonus_payout,2026-07-22T09:19:06,upi
pay_089c770a67cb41,u_6e7a2b7b60,card_deb0a61cd14340,453.24,referral_bonus_payout,2026-06-10T12:06:26,card
pay_f4d5d44ee1884a,u_817e8b5f70,card_223c2136a11143,97.27,referral_bonus_payout,2026-06-06T16:22:57,card
pay_42ef7f733cb944,u_9394510434,varenyadugal@okicici,272.25,referral_bonus_payout,2026-05-23T08:56:01,upi
pay_9bf1e79c9b4443,u_9250eab150,card_8ac7d519b55c4d,379.92,referral_bonus_payout,2026-04-11T21:49:17,card
pay_b38d6deb8ca44e,u_6d15c4395e,card_5613dfa9d5f543,108.38,referral_bonus_payout,2026-05-12T18:41:56,card
pay_f748cfa153cc4f,u_8846595543,qabil08@paytm,250.27,referral_bonus_payout,2026-06-12T11:32:05,upi
pay_5d2c7b135ab743,u_e6ff28c803,edwininaya@okhdfcbank,139.65,referral_bonus_payout,2026-03-13T19:35:53,upi
pay_fff8c951ef874f,u_32b283937b,mrandhawa@okhdfcbank,146.09,referral_bonus_payout,2026-05-26T06:57:10,upi
pay_bc5d8f8c39594f,u_be4b2f0bee,sandalomkaar@ybl,439.05,referral_bonus_payout,2026-05-12T02:57:06,upi
pay_1712ff62f83a4a,u_7d404398ae,osarma@ybl,447.9,referral_bonus_payout,2026-03-09T16:56:24,upi
pay_9477bb57e94942,u_c4ce3930dd,hsachdeva@okicici,99.22,referral_bonus_payout,2026-07-10T17:42:56,upi
pay_c9548dc2f28443,u_70e039e951,kdyal@paytm,242.59,referral_bonus_payout,2026-07-25T18:50:11,upi
pay_f0ceff1de3bc40,u_5af192c3f7,card_8099f35f92eb43,306.38,referral_bonus_payout,2026-05-08T09:01:47,card
pay_00e61852390546,u_df15094f53,card_97184320d4764e,120.97,referral_bonus_payout,2026-04-03T00:22:35,card
pay_f6c17857df0245,u_a7360fe6c9,card_6b9a818519c24d,461.55,referral_bonus_payout,2026-03-20T03:37:05,card
pay_5b153a66d60e44,u_e42dc3d18c,card_8ac504b54bfe42,418.36,referral_bonus_payout,2026-03-28T23:14:19,card
pay_3a5cbf64c7224d,u_0040957b02,card_84d67271dac440,472.72,referral_bonus_payout,2026-04-08T22:43:46,card
pay_87d6b6d3c8514b,u_a7234f8caa,card_f108dcbe130c4b,478.9,referral_bonus_payout,2026-06-01T22:11:51,card
pay_63d06b7a1d5f4b,u_e4f053986e,card_0309dcf6fa2e41,57.2,referral_bonus_payout,2026-07-07T01:55:16,card
pay_3c2ec503d6364c,u_46df30cd78,hchoudhury@okhdfcbank,137.97,referral_bonus_payout,2026-07-26T15:50:10,upi
pay_1f1b8c651d0e4a,u_74c63d5f94,card_16c295c2d8d34f,413.98,referral_bonus_payout,2026-05-27T10:59:21,card
pay_02d68b8bf8b842,u_d7e5b438f3,card_5bd58878b11243,189.6,referral_bonus_payout,2026-07-08T01:11:28,card
pay_8dae008fe32244,u_91de16b140,card_b2707d9c364f4f,246.9,referral_bonus_payout,2026-06-30T09:38:41,card
pay_99e4e32ca3894a,u_2bb52e664c,card_212e7517eedd4d,104.62,referral_bonus_payout,2026-03-25T21:29:44,card
pay_6c8687c7dba94f,u_25d8be48b2,sunderubika@okhdfcbank,391.01,referral_bonus_payout,2026-03-16T16:16:20,upi
pay_6c26d4ad348043,u_9eb24849e0,card_eb6ac83b751049,282.21,referral_bonus_payout,2026-03-03T02:58:55,card
pay_b3492657f48140,u_f250659d5b,card_5ed653682e214c,199.25,referral_bonus_payout,2026-06-26T17:58:35,card
pay_9fd1b1e0b3a147,u_267460c48c,vthakkar@okicici,499.68,referral_bonus_payout,2026-07-01T14:24:22,upi
pay_f2021d03480e40,u_152b0fc2db,card_153561d02a5943,475.42,referral_bonus_payout,2026-04-12T08:54:21,card
pay_b1270115110e49,u_1ddb7af862,aayushsaini@okhdfcbank,412.01,referral_bonus_payout,2026-03-14T21:51:21,upi
pay_d0df0b50fafb43,u_92cb8b0e3d,wagrawal@okhdfcbank,262.64,referral_bonus_payout,2026-07-27T19:13:01,upi
pay_51a107da383148,u_522557ec2e,mohini88@ybl,284.05,referral_bonus_payout,2026-05-31T18:32:18,upi
pay_a3ea3d3a5a394e,u_47e026e4bd,yarya@okhdfcbank,339.88,referral_bonus_payout,2026-04-17T09:52:28,upi
pay_b8e89482ce8f49,u_4edfe05c69,sibalarunima@okhdfcbank,262.31,referral_bonus_payout,2026-06-07T21:05:48,upi
pay_0691716f567d43,u_09f9721913,card_4d7914b008b749,143.67,referral_bonus_payout,2026-04-17T14:22:31,card
pay_0c039351f3f84b,u_fc0cd03400,lekhabanerjee@paytm,337.91,referral_bonus_payout,2026-04-03T07:25:49,upi
pay_1468e33f32d74d,u_ac272231b7,card_fdcea7efa7954e,448.87,referral_bonus_payout,2026-06-24T10:03:28,card
pay_2fceb13cf41b49,u_ad6c2baef5,chakradevmanda@okicici,167.38,referral_bonus_payout,2026-05-16T09:16:57,upi
pay_3be54e24030a4e,u_2e86600483,card_28311be6a6974f,72.84,referral_bonus_payout,2026-04-02T14:57:42,card
pay_183141e371ec4d,u_2a052fa995,card_7d3f3624767b40,358.84,referral_bonus_payout,2026-06-02T10:24:51,card
pay_8495c0fc44744c,u_6160d5d539,pavani87@okicici,291.27,referral_bonus_payout,2026-04-03T13:13:52,upi
pay_8cf8533f8b0e46,u_fd7572b4c0,card_2a2cfaf7a58e47,468.0,referral_bonus_payout,2026-07-20T06:49:33,card
pay_5e6b48902e2e40,u_89c75fb3ac,card_f92941d5bad649,210.34,referral_bonus_payout,2026-04-25T04:11:20,card
pay_1f05c04befa74d,u_e23c567603,nmandal@paytm,251.7,referral_bonus_payout,2026-07-02T02:29:47,upi
pay_a043e4e502234f,u_791ec83a74,card_8708b6df57b444,325.29,referral_bonus_payout,2026-06-15T03:35:35,card
pay_ff572b3b2af040,u_31f550cd03,qmand@paytm,452.94,referral_bonus_payout,2026-04-25T15:01:19,upi
pay_c991d34c96a840,u_b93304fb48,janyavora@okhdfcbank,270.84,referral_bonus_payout,2026-04-08T09:24:46,upi
pay_c76ed6dcd9b747,u_9a51e74f1f,card_6273c37fe4e14d,56.37,referral_bonus_payout,2026-07-24T23:42:40,card
pay_2dcf0a55525146,u_5dff944916,card_adab4aedcbda4c,461.91,referral_bonus_payout,2026-03-27T20:42:49,card
pay_95336b2b29e747,u_2dfd13b826,manderaadi@okicici,253.1,referral_bonus_payout,2026-06-10T14:34:52,upi
pay_7c48b7f989b448,u_5dd440b7a0,card_0d5764803e484a,124.8,referral_bonus_payout,2026-05-04T04:16:37,card
pay_470deb2f12794a,u_13b309353d,jraj@paytm,108.15,referral_bonus_payout,2026-05-14T01:46:16,upi
pay_804d6ef07df248,u_70dcb0f827,mahalhenry@paytm,118.5,referral_bonus_payout,2026-03-08T08:28:24,upi
pay_df0b27553abb45,u_e1f91574d2,ekalinga76@okhdfcbank,355.0,referral_bonus_payout,2026-05-27T13:35:59,upi
pay_b6287c7f06fa4f,u_cc427655a5,gardefrado@ybl,497.28,referral_bonus_payout,2026-07-04T06:39:44,upi
pay_1100ff587e7d45,u_4abed91643,leela35@okicici,431.89,referral_bonus_payout,2026-05-19T08:57:50,upi
pay_73e38b2ba0b846,u_149ae42749,sarachatterjee@okicici,164.9,referral_bonus_payout,2026-06-07T01:45:21,upi
pay_a2102696acaf4a,u_5bac758e93,omodi@okhdfcbank,128.04,referral_bonus_payout,2026-05-30T07:55:33,upi
pay_4b938c232edb43,u_92bc94ba8c,gangulybakhshi@paytm,207.45,referral_bonus_payout,2026-04-15T09:40:38,upi
pay_e47636ca379f4b,u_dab3040768,ykhosla@ybl,433.07,referral_bonus_payout,2026-04-07T01:36:27,upi
pay_520007a0a4964e,u_b878b2b10f,galarohan@paytm,406.76,referral_bonus_payout,2026-06-08T23:16:52,upi
pay_06259e223d7a43,u_f8892a6f3e,card_9672ac1ac3b945,142.02,referral_bonus_payout,2026-05-20T13:11:45,card
pay_a87e84cffc6242,u_ebc5ef6cd3,varenya40@paytm,481.52,referral_bonus_payout,2026-03-26T19:45:07,upi
pay_41acbf8f19a441,u_0dcda9a395,card_5741bbb089b845,150.63,referral_bonus_payout,2026-04-14T02:50:33,card
pay_d0f68828e0834c,u_055ecf3cf6,card_831879bc6c5f45,361.6,referral_bonus_payout,2026-06-05T07:59:30,card
pay_65303e159aa448,u_4e053ee57c,card_8bc033200bd440,238.96,referral_bonus_payout,2026-03-16T16:42:34,card
pay_48a837e2b3aa48,u_9e308cccde,urmibora@paytm,54.98,referral_bonus_payout,2026-06-08T10:04:52,upi
pay_83552429a2be48,u_8e7dae425b,card_714b5ac179414f,157.46,referral_bonus_payout,2026-03-20T23:01:06,card
pay_e1f5ad42232d4c,u_9b90349f0e,card_63090d96f08b42,155.98,referral_bonus_payout,2026-06-06T03:14:00,card
pay_0d1ed813f6d048,u_fc5ba6df07,card_8974d1dfe41e43,477.82,referral_bonus_payout,2026-03-25T14:24:13,card
pay_2b953f50dbd149,u_1b9a17e796,card_82504238e20244,317.02,referral_bonus_payout,2026-03-04T14:45:10,card
pay_6ac28abf6f0b4b,u_681474859b,card_f9326470c3e94f,442.57,referral_bonus_payout,2026-03-01T02:46:28,card
pay_9f99627aa5a04f,u_3565a9638d,card_2d7018e9d7344c,395.23,referral_bonus_payout,2026-03-04T07:48:46,card
pay_7d52df46d4db44,u_ee78eb88e3,card_d4191d05a29e45,412.25,referral_bonus_payout,2026-06-09T15:11:01,card
pay_b08fff9089594a,u_160eb58d69,card_7d2d263f233a49,106.87,referral_bonus_payout,2026-05-26T20:59:18,card
pay_028ea6a6eb7041,u_3235851b35,nathtamanna@ybl,144.15,referral_bonus_payout,2026-06-04T21:16:12,upi
pay_07aca2564df34e,u_b6f67afe15,card_bb72cacb6e7e45,403.76,referral_bonus_payout,2026-04-18T11:45:17,card
pay_715000f939444d,u_d467838431,reddyharshil@okicici,331.18,referral_bonus_payout,2026-06-07T17:11:24,upi
pay_ba44ce1f89c747,u_d1e5927f4c,card_d334c510bcc345,356.68,referral_bonus_payout,2026-06-07T15:12:04,card
pay_2adc6973722c48,u_7fee1e8d65,charyagnesh@paytm,393.28,referral_bonus_payout,2026-06-06T19:19:03,upi
pay_d0a3aa4be6be48,u_39726b8815,card_340c96a1070d45,337.05,referral_bonus_payout,2026-06-15T03:58:54,card
pay_a39f9c4493fa42,u_2f3dd14191,isha52@okicici,302.0,referral_bonus_payout,2026-03-19T14:11:05,upi
pay_e94c78069d3a48,u_9dcb2b6576,card_de4694bcae4d4a,484.6,referral_bonus_payout,2026-06-19T17:41:23,card
pay_2f1961331b434b,u_888afa56f0,hayermegha@ybl,293.69,referral_bonus_payout,2026-04-23T11:09:19,upi
pay_371516f618de4d,u_fc7d593ad8,card_f4afc1a25d4747,112.95,referral_bonus_payout,2026-07-06T13:02:45,card
pay_5945703515fb4e,u_e445da9867,jsamra@ybl,350.56,referral_bonus_payout,2026-07-09T02:04:53,upi
pay_73807031c49e4b,u_8c3f77d681,gghosh@okicici,440.68,referral_bonus_payout,2026-06-07T00:45:10,upi
pay_62c89de5083c47,u_5f059e7150,sandalzilmil@paytm,319.42,referral_bonus_payout,2026-07-05T05:05:53,upi
pay_214645963c0e4d,u_87a629ccb4,card_0f487f1d109146,257.95,referral_bonus_payout,2026-07-12T00:11:23,card
pay_c0d56e6ebd3548,u_2b464d2215,sastrychatura@okicici,280.41,referral_bonus_payout,2026-06-01T10:58:24,upi
pay_37fdfc56d0054c,u_dbef390d83,hardikmani@ybl,142.73,referral_bonus_payout,2026-04-11T15:21:00,upi
pay_dd7eccb5865148,u_05d033b7dc,card_b4e84d228fb840,81.2,referral_bonus_payout,2026-06-27T18:38:01,card
pay_2c9d52f082fe41,u_4faf809f6f,card_2486bd1854d843,346.0,referral_bonus_payout,2026-04-10T02:27:08,card
pay_9b7f61b377af4e,u_b7c0f38e79,card_85db97a6634d45,358.02,referral_bonus_payout,2026-03-12T15:38:28,card
pay_89f9190325564f,u_c74ed7d217,chaudharianirudh@paytm,105.14,referral_bonus_payout,2026-04-06T00:53:13,upi
pay_0e29fdd6caa846,u_db7d79675d,card_ca2e8da3589e4e,421.67,referral_bonus_payout,2026-04-10T09:42:10,card
pay_58cb9ed0eae14e,u_187a6235cb,card_2dc133c4f6224b,342.2,referral_bonus_payout,2026-05-03T05:14:10,card
pay_6c3874403cd341,u_d922201c1f,gautamsama@okhdfcbank,209.04,referral_bonus_payout,2026-03-13T20:39:44,upi
pay_efe5d84ca7d44e,u_b579216309,card_fec009bc6e574d,176.15,referral_bonus_payout,2026-05-19T11:52:12,card
pay_cdc4b87e69ef45,u_a8125529ff,card_23028fd97e604a,229.38,referral_bonus_payout,2026-06-03T00:09:00,card
pay_e9f593178b1946,u_db6de1eb99,card_d78cdb119e3644,138.96,referral_bonus_payout,2026-06-30T03:14:46,card
pay_f999dc91603b46,u_52dba8f786,card_a6bee856f80949,306.67,referral_bonus_payout,2026-05-15T11:42:09,card
pay_90095d86da2b42,u_7842208d5b,card_ef6df79539054b,269.76,referral_bonus_payout,2026-04-26T07:25:15,card
pay_1220b0876dcd45,u_981ef2969c,card_d1cf0351327943,62.04,referral_bonus_payout,2026-06-25T09:33:57,card
pay_817dc07097a042,u_ae37598baa,card_ef55a934148e47,413.07,referral_bonus_payout,2026-06-08T22:07:36,card
pay_913624eab3d94c,u_aa1cfa89fd,sprasad@paytm,358.38,referral_bonus_payout,2026-04-12T23:12:41,upi
pay_5267925a26af45,u_75840a8835,card_79b566ae73d741,135.51,referral_bonus_payout,2026-07-12T10:30:59,card
pay_5d0251b0351642,u_25f34ed0b8,card_86a733eeaf994a,193.09,referral_bonus_payout,2026-07-13T01:40:00,card
pay_641d93c21b7a42,u_d6139860d1,krishna95@ybl,344.6,referral_bonus_payout,2026-07-05T10:08:02,upi
pay_065f4c9edbf64d,u_20a40579eb,lkale@okicici,378.41,referral_bonus_payout,2026-05-01T08:43:12,upi
pay_257ea2ab946346,u_8f7d908aa1,card_7fc022051e9b44,128.13,referral_bonus_payout,2026-07-22T05:50:25,card
pay_1149a7d5a2d743,u_7aa71f586a,card_016b048709864b,97.26,referral_bonus_payout,2026-03-15T18:37:30,card
pay_2853963f3b9648,u_739a68572a,card_99cf7484b7ac41,340.09,referral_bonus_payout,2026-06-06T10:05:56,card
pay_725b0e2e6b8e4a,u_f6970c0780,harrison19@paytm,298.27,referral_bonus_payout,2026-04-26T12:47:55,upi
pay_a1c37a4cb05d44,u_247450b5f9,wazirvenkatesh@ybl,79.51,referral_bonus_payout,2026-03-06T15:48:50,upi
pay_40d6ac5f721045,u_c65cebd0cf,card_9e1562e026f54c,488.14,referral_bonus_payout,2026-05-14T11:25:20,card
pay_1cc118ac7e2844,u_224682b94c,harshil30@paytm,400.6,referral_bonus_payout,2026-05-24T22:55:40,upi
pay_f254854433a840,u_39f3d3cc12,yagneshsaini@ybl,108.43,referral_bonus_payout,2026-06-21T15:34:15,upi
pay_a7cff8a5d21a46,u_4896f1c74b,lminhas@ybl,330.18,referral_bonus_payout,2026-03-26T15:45:32,upi
pay_86eff5d3d88846,u_545626f0e4,wkarnik@paytm,170.39,referral_bonus_payout,2026-07-16T22:34:12,upi
pay_8348f37f5e4c4e,u_67664e1337,jatin46@ybl,163.67,referral_bonus_payout,2026-04-01T07:20:17,upi
pay_610d7ad7af5648,u_cde86a73c4,jyotichoudhry@okhdfcbank,264.4,referral_bonus_payout,2026-06-16T07:12:30,upi
pay_f44060c9e86545,u_06e2aa1a92,jeevikakurian@ybl,414.15,referral_bonus_payout,2026-05-19T08:21:15,upi
pay_b729980ddb7642,u_5387cd83be,vedhikasehgal@paytm,145.88,referral_bonus_payout,2026-07-09T07:35:41,upi
pay_4670db657c864c,u_86c20c3b26,card_16628f1aa58541,449.54,referral_bonus_payout,2026-04-19T11:00:29,card
pay_38339eaadafa4e,u_38b0967c75,card_a85f49aa84944e,327.41,referral_bonus_payout,2026-07-03T06:49:55,card
pay_6677a3777d6e45,u_83156a5209,card_3fc1df0cd43448,347.15,referral_bonus_payout,2026-06-22T18:54:53,card
pay_9760512bc04841,u_5135fd6daf,card_5cd40c441b1042,350.81,referral_bonus_payout,2026-04-17T12:23:43,card
pay_ed758182290041,u_64099ccc84,card_e76ccbe13ed846,303.12,referral_bonus_payout,2026-04-25T22:36:48,card
pay_f31cb3b155384b,u_f96b6f4654,igole@okicici,330.12,referral_bonus_payout,2026-06-30T04:31:35,upi
pay_a3121993f89340,u_231e142d16,card_fb12bb77101745,357.75,referral_bonus_payout,2026-06-26T11:34:43,card
pay_3acf44b47c0342,u_ba3e8a6225,buchbhanumati@okhdfcbank,465.95,referral_bonus_payout,2026-07-05T21:07:48,upi
pay_9eece5e83d5149,u_2f5cd17439,card_98e2cc4e26184e,478.35,referral_bonus_payout,2026-03-15T09:06:18,card
pay_fee910e49c754a,u_24cab66661,card_0c36ead359f34e,207.99,referral_bonus_payout,2026-05-01T12:20:43,card
pay_6d1e9ba5d4ab47,u_0ce83eb87c,ngoswami@okhdfcbank,331.45,referral_bonus_payout,2026-06-08T00:56:26,upi
pay_a1980ff6f5654a,u_5bcbe52de1,card_ca640db3801342,131.06,referral_bonus_payout,2026-07-09T20:45:42,card
pay_027f11a6fe3e4a,u_487bfd9ca4,card_c0bc28cee8874b,201.5,referral_bonus_payout,2026-03-17T08:11:55,card
pay_71d4734299ae41,u_4b57ded8c5,zmanda@okicici,394.76,referral_bonus_payout,2026-06-04T07:42:59,upi
pay_2a99eec49ff449,u_d4694e38b4,vyanjanasem@okicici,132.58,referral_bonus_payout,2026-06-19T19:28:06,upi
pay_8dab499937664f,u_5c039ecf3e,card_cc0ba05bd93749,301.08,referral_bonus_payout,2026-04-19T23:06:59,card
pay_14de24097bd340,u_a99e6fa74a,card_2229acc2a58641,100.95,referral_bonus_payout,2026-04-05T10:04:02,card
pay_ca983cb2be3d43,u_2047315eb2,card_7bcca3905cd447,211.51,referral_bonus_payout,2026-07-02T00:18:23,card
pay_8cee12b8e82f48,u_0d80881745,paueta@paytm,185.29,referral_bonus_payout,2026-05-30T10:34:41,upi
pay_f2e871f979f847,u_f236891355,lohitguha@ybl,193.13,referral_bonus_payout,2026-05-04T10:54:51,upi
pay_7ed4edc13e924f,u_37b4ec96c6,petersubramanian@okhdfcbank,263.84,referral_bonus_payout,2026-04-12T06:52:18,upi
pay_4464553b2beb44,u_65b6036624,rehaanvyas@okicici,58.91,referral_bonus_payout,2026-06-21T21:04:56,upi
pay_1f56697a5f454f,u_e480a06350,nachiket45@okicici,114.97,referral_bonus_payout,2026-03-07T09:18:43,upi
pay_923aaa98a69942,u_6ca34d30fb,card_545e6e6ab83743,296.28,referral_bonus_payout,2026-05-18T01:38:27,card
pay_83c81575dcda4a,u_b6313524c8,vasudhachaudhuri@ybl,102.8,referral_bonus_payout,2026-05-12T06:42:57,upi
pay_c63a29ba42c441,u_e046a7a983,card_f63ece4886b54a,53.82,referral_bonus_payout,2026-05-01T05:24:24,card
pay_e4d3d3ffbfcd46,u_035d12600c,card_f93166fd058f41,358.56,referral_bonus_payout,2026-03-04T08:13:51,card
pay_fa0ab28e1db747,u_89944085b6,card_8f6d5bc5120a45,130.29,referral_bonus_payout,2026-04-29T15:16:21,card
pay_8da309b579b846,u_d59aaaba22,onkar59@paytm,372.59,referral_bonus_payout,2026-05-11T15:02:40,upi
pay_faa50bfc01aa45,u_6b3477ea5b,card_bb6f0454b39c42,245.36,referral_bonus_payout,2026-03-23T10:39:55,card
pay_a6fe2a2aadc244,u_315df99ce4,card_ba10ad5b9d1947,459.63,referral_bonus_payout,2026-05-17T08:35:02,card
pay_c9bf819502804d,u_c43c129e34,card_d8608b9b168c48,379.35,referral_bonus_payout,2026-05-30T00:04:51,card
pay_40ac4571993141,u_f56e694410,nadkarnichristopher@paytm,294.22,referral_bonus_payout,2026-04-05T07:59:54,upi
pay_ad6e443a617f4d,u_e24306bbe8,card_0e96ac4aa8af41,306.57,referral_bonus_payout,2026-06-21T17:11:31,card
pay_0674b31ed84b42,u_9212978952,card_b419497c1a6241,146.06,referral_bonus_payout,2026-03-14T23:18:35,card
pay_c9bdc63f9f934e,u_36231ddc4d,card_cbd51d89b6864d,488.29,referral_bonus_payout,2026-04-20T21:05:33,card
pay_46cb412547d74a,u_acf7644e65,card_87df9d749a5048,157.83,referral_bonus_payout,2026-07-03T19:04:12,card
pay_94896f972a9c4b,u_9cf0390c7e,card_4aafc03a5ed845,165.97,referral_bonus_payout,2026-05-17T16:49:10,card
pay_b4dcc98d266c45,u_b53cba2a85,varsha13@ybl,414.38,referral_bonus_payout,2026-05-24T19:37:50,upi
pay_390b6b10a56d47,u_808999bdea,dugargirik@ybl,99.07,referral_bonus_payout,2026-06-23T15:06:21,upi
pay_8decebda8f9448,u_59cb4fa6f0,bobalzilmil@ybl,183.44,referral_bonus_payout,2026-06-14T08:52:10,upi
pay_f468f4e19b6b48,u_09b7a89c94,darpan59@ybl,350.44,referral_bonus_payout,2026-04-21T15:06:07,upi
pay_8fdcf357543e4d,u_603419b5af,mitalisingh@paytm,487.77,referral_bonus_payout,2026-06-17T02:55:43,upi
pay_e380fd108bfb4c,u_b498a4f07a,zayyanbalakrishnan@okicici,497.82,referral_bonus_payout,2026-03-22T15:50:56,upi
pay_53e223498a4c44,u_82d3495974,card_b95292b0bea845,312.79,referral_bonus_payout,2026-07-21T23:05:09,card
pay_b249321c404041,u_291f921ab3,xvenkataraman@paytm,233.82,referral_bonus_payout,2026-06-22T16:08:39,upi
pay_4f39ed68c5db4d,u_67434a26ca,kondaupma@okicici,227.68,referral_bonus_payout,2026-05-04T18:24:12,upi
pay_a427e47c7e764b,u_b8c0b4ac24,fradoganguly@okhdfcbank,218.82,referral_bonus_payout,2026-06-16T23:25:15,upi
pay_e8c1fcc87ee947,u_bb0075a67b,bhatnagaradvik@okicici,372.62,referral_bonus_payout,2026-06-17T16:58:42,upi
pay_3d16307b377c45,u_0b8091aab8,card_c080c4e3580941,434.86,referral_bonus_payout,2026-06-04T04:07:25,card
pay_8789c5755cd542,u_b8fd0565fb,balakrishnangauri@ybl,80.21,referral_bonus_payout,2026-05-01T01:10:16,upi
pay_6edd407f75a14a,u_a521a230e9,card_f696cc23bcf541,298.82,referral_bonus_payout,2026-05-10T01:01:30,card
pay_9dc4faff0eb847,u_25c5f14ae3,keyadeshpande@ybl,332.66,referral_bonus_payout,2026-05-28T12:45:12,upi
pay_3c02cc86959347,u_6bd0f1561b,senguptagarima@okhdfcbank,193.87,referral_bonus_payout,2026-07-19T10:34:27,upi
pay_f7699b21521847,u_ce607fd8bd,card_ee34bfc3e77e4b,443.06,referral_bonus_payout,2026-04-08T11:10:25,card
pay_9d8dfb4d641e4b,u_bf61ba4258,card_b5c82c5b3a0544,177.58,referral_bonus_payout,2026-05-19T20:14:01,card
pay_2848c56315ba46,u_7bde710ba6,banikdivya@paytm,443.26,referral_bonus_payout,2026-05-11T23:37:22,upi
pay_637b3017096c48,u_3a10d54050,card_0e35ebdd1f8b42,356.2,referral_bonus_payout,2026-04-14T17:48:17,card
pay_3a3ccda5cd854e,u_ee6c5670df,naurora@ybl,196.31,referral_bonus_payout,2026-05-09T04:01:23,upi
pay_a0489f5c6d444d,u_a131676d3b,card_d79d66c487674e,338.18,referral_bonus_payout,2026-05-19T17:05:00,card
pay_f38aaa5c333a41,u_990c994b19,yashodharapillay@paytm,193.94,referral_bonus_payout,2026-07-19T12:04:08,upi
pay_6f7a2bb2e38648,u_566f2cddc8,card_315e6fadc39240,213.58,referral_bonus_payout,2026-03-01T17:34:25,card
pay_d46ab62e5c0747,u_cbc9b0060f,card_4c200bbc15d84f,352.03,referral_bonus_payout,2026-06-28T15:48:30,card
pay_1c0bdf280e074b,u_5bea03ef45,jagatvaidya@okicici,96.49,referral_bonus_payout,2026-04-06T05:18:35,upi
pay_78a4d4b65abd49,u_5530b5b34f,rishiamble@okhdfcbank,124.58,referral_bonus_payout,2026-06-13T08:06:31,upi
pay_03edcbac8b7142,u_5406566889,card_c6b75fafb1b44c,69.25,referral_bonus_payout,2026-03-31T01:57:04,card
pay_ab5865b88f424c,u_6f9bdb230b,brinda61@paytm,201.54,referral_bonus_payout,2026-04-18T14:26:20,upi
pay_708a6e1623684b,u_a3df62546f,eshanakale@ybl,139.48,referral_bonus_payout,2026-05-23T13:47:18,upi
pay_09b4ea2600b741,u_ca4a42226f,card_e8cfc60a2d184e,148.51,referral_bonus_payout,2026-07-02T15:42:38,card
pay_c18bacb97e114e,u_6530642b82,vwarrior@ybl,209.65,referral_bonus_payout,2026-04-25T08:55:55,upi
pay_759861921d5344,u_50aac8a781,card_736fe325303e49,468.84,referral_bonus_payout,2026-07-04T20:04:11,card
pay_9ec5a5c6b97b4d,u_ac05b8ba66,card_0bb2ea4e63024d,383.46,referral_bonus_payout,2026-07-06T20:00:09,card
pay_a6c1d1e838a34d,u_abd8f76afc,jaisehgal@ybl,481.56,referral_bonus_payout,2026-05-28T15:18:17,upi
pay_5590e8a5c45441,u_e254058733,ocomar@paytm,133.98,referral_bonus_payout,2026-07-08T02:07:16,upi
pay_cf78443b37e34f,u_530e031c68,card_31e3b7fb2e4944,114.1,referral_bonus_payout,2026-06-25T13:13:10,card
pay_3ae725e3b54a47,u_114bb1f4d1,kjani@paytm,307.75,referral_bonus_payout,2026-03-01T19:49:27,upi
pay_067513a7625f4f,u_6e864c6220,card_57ad8771ee6d47,206.64,referral_bonus_payout,2026-06-05T13:02:12,card
pay_85ca7fe1ec5a45,u_d7fc23b044,hemalmahal@okicici,461.01,referral_bonus_payout,2026-03-17T05:41:44,upi
pay_7fc457c8fc1f44,u_2f7e97814a,rkarnik@okhdfcbank,305.31,referral_bonus_payout,2026-03-17T21:45:02,upi
pay_8247cd881d634e,u_a0b69d5c66,card_141af6b3af3647,155.38,referral_bonus_payout,2026-05-03T02:25:39,card
pay_71f48534f7c94d,u_100073237a,card_1e59db199f9944,401.9,referral_bonus_payout,2026-04-11T09:52:13,card
pay_6e506eb397534e,u_72fbd1639e,ghari@okhdfcbank,149.46,referral_bonus_payout,2026-05-23T20:59:44,upi
pay_ba539544690746,u_cad4c662f3,deshpandechandani@ybl,229.6,referral_bonus_payout,2026-06-26T13:47:25,upi
pay_e975bd07e6f245,u_8717c894b4,mrege@okhdfcbank,408.33,referral_bonus_payout,2026-05-24T04:21:56,upi
pay_8e58ae3269004e,u_add0c57882,hemangini82@okicici,357.12,referral_bonus_payout,2026-03-19T03:49:27,upi
pay_d8316e538c8f49,u_8656331011,vasatika16@okicici,231.54,referral_bonus_payout,2026-05-15T23:15:13,upi
pay_bba4a6286d5342,u_57b5b4b6bf,praneel29@okicici,346.57,referral_bonus_payout,2026-03-03T10:45:43,upi
pay_84dcf6874aa74d,u_8a023f258f,advaithsandal@okicici,370.16,referral_bonus_payout,2026-04-17T22:50:25,upi
pay_80e96188fa324c,u_a73b65c405,urishillagrover@okicici,90.99,referral_bonus_payout,2026-03-14T14:45:05,upi
pay_a7f4e035efcd44,u_7369eb5ea3,card_653504afad0e40,137.38,referral_bonus_payout,2026-05-08T01:29:48,card
pay_0ffd63b2737844,u_eaa1416f20,rajeshri53@okhdfcbank,306.76,referral_bonus_payout,2026-05-09T08:18:21,upi
pay_7d5ee5bc046648,u_9d7cb81a44,card_16b9f446f7e54d,337.92,referral_bonus_payout,2026-06-28T22:33:06,card
pay_3c7aa0cf02904f,u_ff2b684dc7,card_3d1175efeea346,412.24,referral_bonus_payout,2026-03-12T02:02:34,card
pay_c91d7906e3e346,u_cebfd5a381,card_7ad6027ba59740,300.77,referral_bonus_payout,2026-04-02T11:59:37,card
pay_fb7a492f0bb246,u_0b7b748cba,card_36393259fc614f,107.3,referral_bonus_payout,2026-03-14T10:55:11,card
pay_147985e1bca748,u_1d3e172b93,card_5d3a4eed5d5641,449.74,referral_bonus_payout,2026-04-06T13:12:32,card
pay_2c64a6a2910c4f,u_1a61fd947d,card_b27a7459cb5b47,450.74,referral_bonus_payout,2026-05-05T02:43:11,card
pay_c2cd6e5e7af045,u_8e511c0e3f,wsant@paytm,149.9,referral_bonus_payout,2026-07-10T14:16:23,upi
pay_4af79e021b364c,u_1ede4a9aed,hchana@okhdfcbank,352.48,referral_bonus_payout,2026-03-11T09:24:58,upi
pay_942b8b134c8746,u_3660b25f53,suhanibahl@ybl,480.16,referral_bonus_payout,2026-05-05T22:09:58,upi
pay_7b79a5f927d94d,u_cc446452b0,card_097977c1b07948,109.54,referral_bonus_payout,2026-05-08T20:52:29,card
pay_e0d448b1f31142,u_d6318b2d85,card_bb64e686d2c149,129.29,referral_bonus_payout,2026-05-07T08:28:13,card
pay_72f563bfbf6341,u_b9fff3a966,card_8d6923769e0b48,382.53,referral_bonus_payout,2026-06-15T19:55:44,card
pay_c2ac6cdf46c84d,u_479aa31cb1,harish24@paytm,282.01,referral_bonus_payout,2026-03-25T17:17:42,upi
pay_e7ed9d6326a045,u_abe81262c4,card_c9964e3e712b48,248.39,referral_bonus_payout,2026-06-29T12:37:53,card
pay_4773158dd8b241,u_2db031eb55,card_160789cf4a5547,227.04,referral_bonus_payout,2026-04-01T11:12:07,card
pay_481446923cc14c,u_022f4fd471,card_e40295ae5f0440,122.86,referral_bonus_payout,2026-05-04T07:16:20,card
pay_2485a78b835d48,u_cabaecd176,card_91a0e1fce2224d,459.68,referral_bonus_payout,2026-03-22T19:16:05,card
pay_3bdcda08ee9e4f,u_a8f7fab4e9,fariqchander@okhdfcbank,148.5,referral_bonus_payout,2026-04-16T10:39:49,upi
pay_b81bbbb5da8a41,u_e9d3a5e40e,card_73d0e4eb34e045,319.89,referral_bonus_payout,2026-05-13T20:21:39,card
pay_354157cbfaca41,u_3ff17b7611,card_8ac46be538f940,464.56,referral_bonus_payout,2026-03-24T09:59:48,card
pay_580f4eb7ce0a44,u_293b11dcca,gbalakrishnan@okhdfcbank,447.48,referral_bonus_payout,2026-07-01T13:47:35,upi
pay_b915d877c14047,u_f17cd07261,xbabu@ybl,143.61,referral_bonus_payout,2026-05-25T19:56:33,upi
pay_0680f7feee0e46,u_00ca3ebee5,oscar43@okhdfcbank,360.13,referral_bonus_payout,2026-07-24T00:36:41,upi
pay_5664198a8a5c4b,u_028e6ad777,djani@okhdfcbank,132.89,referral_bonus_payout,2026-05-17T03:17:20,upi
pay_8ba1f926898443,u_fc391306d5,card_ebd568c578b64d,335.22,referral_bonus_payout,2026-06-23T09:43:33,card
pay_eb2d6ab0629640,u_e310b8af34,wkala@paytm,483.22,referral_bonus_payout,2026-07-08T21:32:48,upi
pay_5fe53814f33a41,u_2cf1877c1b,eiyer@ybl,260.31,referral_bonus_payout,2026-03-16T15:09:11,upi
pay_1d00d7c9d3414e,u_df21ed7c1f,nathan77@okicici,286.7,referral_bonus_payout,2026-04-01T04:10:11,upi
pay_5c5b6531b8524d,u_648a95a048,card_52b0de5a564041,126.95,referral_bonus_payout,2026-04-13T22:54:03,card
pay_969e517a608442,u_f0a32183a1,card_0e244facb9634c,450.04,referral_bonus_payout,2026-04-22T22:56:51,card
pay_87e1e51b723344,u_c107de46e8,card_adec68c3c99440,204.45,referral_bonus_payout,2026-05-26T15:44:59,card
pay_6ece3f2b3b2042,u_aed151560f,card_b645b0e6a27944,404.15,referral_bonus_payout,2026-04-16T20:06:20,card
pay_859075f447ae43,u_862525f251,harinakshi99@okhdfcbank,231.9,referral_bonus_payout,2026-05-11T23:44:21,upi
pay_05a66050263046,u_285198da5d,abhimanyuagate@okicici,431.03,referral_bonus_payout,2026-06-06T20:26:01,upi
pay_14102890ca0244,u_ca3b1052a7,maya35@paytm,328.63,referral_bonus_payout,2026-06-16T18:15:18,upi
pay_de8f1b77ece044,u_74ef7dceb4,card_7c37de071e8549,460.78,referral_bonus_payout,2026-07-18T01:16:23,card
pay_bdb1d0d9f3ad4a,u_887312732a,card_2bce3fabe92e41,357.47,referral_bonus_payout,2026-04-22T15:22:45,card
pay_51ad7122e85241,u_963d125698,card_de106944ee354b,493.65,referral_bonus_payout,2026-05-11T05:20:16,card
pay_7112a3dbd9ce4e,u_e20b384d25,gangashenoy@paytm,146.29,referral_bonus_payout,2026-04-17T19:36:20,upi
pay_8a006869556546,u_f63a4e6b2c,card_108956e6c7004d,172.98,referral_bonus_payout,2026-05-16T04:42:24,card
pay_92edd302ec4945,u_75cf8903f4,pavani49@ybl,315.82,referral_bonus_payout,2026-04-21T00:06:15,upi
pay_ef06ed1a563d4d,u_16e7568f68,card_ae93f3492ddc42,196.33,referral_bonus_payout,2026-04-17T23:09:16,card
pay_f7fd8732cfc64f,u_6fd0394c63,xbhat@paytm,248.62,referral_bonus_payout,2026-03-04T06:00:56,upi
pay_a10b26ffeb2c41,u_7821aa90ce,card_d8cfeddddf2545,161.76,referral_bonus_payout,2026-03-08T07:49:03,card
pay_8b317a71fb7e42,u_f06ef99513,jdhar@okhdfcbank,84.64,referral_bonus_payout,2026-03-10T09:16:01,upi
pay_ecad42b23aeb42,u_3cb36f9b8f,card_13c4944adb0f4a,224.59,referral_bonus_payout,2026-05-19T23:14:11,card
pay_3431f56d2b164e,u_6634fdcd6d,azaanissac@ybl,70.95,referral_bonus_payout,2026-05-25T12:28:08,upi
pay_1309493e60624d,u_20741c40d3,bishakha28@paytm,116.3,referral_bonus_payout,2026-06-27T23:08:21,upi
pay_9e30674d7f304f,u_7862e6e1c4,card_20cd950ca5b34a,145.98,referral_bonus_payout,2026-04-30T01:45:04,card
pay_9c7151d46be246,u_5c1482d370,dwagle@ybl,270.16,referral_bonus_payout,2026-06-07T03:29:03,upi
pay_03a43986c33947,u_35c59ccc2c,card_7873999d40814b,164.11,referral_bonus_payout,2026-05-24T09:08:01,card
pay_ff26bb6edd9643,u_86ef767c95,zpandya@okhdfcbank,454.69,referral_bonus_payout,2026-07-14T15:14:24,upi
pay_1fb324995f954e,u_e114d13eed,rishimand@ybl,334.56,referral_bonus_payout,2026-06-29T21:16:00,upi
pay_df6beed18ad642,u_2b4e84e59c,card_f1fa826abc9e42,149.94,referral_bonus_payout,2026-05-31T02:36:56,card
pay_6c5cda6312ab4c,u_db25e07bc9,ahluwalianandini@ybl,336.17,referral_bonus_payout,2026-03-18T22:08:07,upi
pay_cca38e20ed644d,u_d0b9e9e0ec,card_489a6abb8aad4d,65.99,referral_bonus_payout,2026-07-14T05:20:33,card
pay_89659255fe984b,u_f2b6a76777,unniamble@ybl,378.6,referral_bonus_payout,2026-06-03T04:34:57,upi
pay_98a3b2c28ee146,u_8b94d59953,card_50506efae3864c,344.19,referral_bonus_payout,2026-06-09T21:18:50,card
pay_57673673982346,u_81bb1eb577,cbali@okhdfcbank,303.14,referral_bonus_payout,2026-04-19T15:12:20,upi
pay_9814efe32e974d,u_236c32390a,raoadya@okhdfcbank,212.8,referral_bonus_payout,2026-07-27T03:09:19,upi
pay_c883079803434c,u_80e165ca6a,watika64@ybl,398.29,referral_bonus_payout,2026-06-07T10:10:21,upi
pay_997382f2a01a46,u_ccd8f3d2f6,pratyushtaneja@okhdfcbank,287.48,referral_bonus_payout,2026-07-16T16:17:30,upi
pay_830df6b60c9643,u_d09bbee527,bailgayathri@okhdfcbank,83.54,referral_bonus_payout,2026-07-13T22:05:57,upi
pay_e6471e07bd3e49,u_e0a0dcb883,card_58a0867bba6e47,376.76,referral_bonus_payout,2026-04-03T08:01:01,card
pay_bbad4c727b0649,u_eb99cae192,zmital@okhdfcbank,391.4,referral_bonus_payout,2026-04-28T14:28:46,upi
pay_0a9184f3199249,u_3bfd66f72f,card_1e5b74e9278946,239.32,referral_bonus_payout,2026-03-01T20:17:32,card
pay_eec43aced94d43,u_e974351fd0,uchana@okhdfcbank,166.6,referral_bonus_payout,2026-06-25T04:42:48,upi
pay_4e52865669fa4d,u_da02b4ef9d,praneelganesh@paytm,233.38,referral_bonus_payout,2026-06-06T09:41:10,upi
pay_ba3de2ac0e2f4c,u_b816b21594,nitara06@ybl,139.74,referral_bonus_payout,2026-03-02T23:59:16,upi
pay_789ab22e8c8f4a,u_d877c57d6f,kannanupkaar@ybl,161.99,referral_bonus_payout,2026-05-11T21:36:24,upi
pay_6a25102162ca41,u_cf5c2ba330,triyaiyer@okhdfcbank,290.78,referral_bonus_payout,2026-03-10T15:40:57,upi
pay_b269f86de0b24a,u_b7a2a5082e,chanchalguha@okicici,322.45,referral_bonus_payout,2026-07-21T07:43:56,upi
pay_9496fd5201d447,u_91c5a82649,card_b69b28bc6e2e49,430.89,referral_bonus_payout,2026-07-23T09:33:01,card
pay_e6c8936b593443,u_875c615f91,card_72836058682642,274.81,referral_bonus_payout,2026-06-28T13:59:41,card
pay_859090da45cd4e,u_27e21dd4e0,card_448bd493f41b45,139.36,referral_bonus_payout,2026-06-28T18:51:44,card
pay_a545acaab89c49,u_26ac1aa6b7,card_5b44b04741b14b,60.61,referral_bonus_payout,2026-07-27T03:25:46,card
pay_e7a1907ff30f49,u_f079d2b03c,jmadan@ybl,256.82,referral_bonus_payout,2026-03-21T14:27:13,upi
pay_e78d027395584a,u_0cb4e62c29,wnadkarni@okicici,254.47,referral_bonus_payout,2026-06-14T05:54:14,upi
pay_2eac2bfad0464f,u_67a6cb6677,card_68c7faf88ead48,316.92,referral_bonus_payout,2026-06-14T10:59:03,card
pay_f585118e84d74b,u_20326273c7,card_78afdbcf267541,127.22,referral_bonus_payout,2026-05-19T13:49:10,card
pay_d352f26b873e4e,u_13529a9da5,anikasubramaniam@paytm,218.82,referral_bonus_payout,2026-03-25T04:16:05,upi
pay_82313473adbe41,u_67fecb59af,card_2c43d13765b14e,50.14,referral_bonus_payout,2026-03-18T06:26:42,card
pay_bbf7d77892be46,u_f44d8d334c,benjamin58@ybl,84.36,referral_bonus_payout,2026-06-22T18:19:38,upi
pay_c7b4d92fa2ee45,u_7ba89219a8,niteshpandey@okicici,441.13,referral_bonus_payout,2026-04-25T18:16:35,upi
pay_4dc101d92b9449,u_4a53383be7,card_e5c2f82db8c746,106.86,referral_bonus_payout,2026-06-16T18:28:27,card
pay_d953e0f303a244,u_966046579c,card_8d0564d54a994b,379.09,referral_bonus_payout,2026-06-19T04:57:51,card
pay_fa1d914a310641,u_3317e7d6a4,sagargirik@okhdfcbank,354.6,referral_bonus_payout,2026-05-07T19:50:25,upi
pay_6ce2a7904f404d,u_6e398d8ba3,gaurika88@okicici,415.9,referral_bonus_payout,2026-07-21T09:07:19,upi
pay_3ac857a1cac845,u_758d9397c6,jbasak@okicici,269.83,referral_bonus_payout,2026-03-07T22:31:37,upi
pay_9f646aa38b7348,u_afb7ada2fc,rbarad@okicici,448.49,referral_bonus_payout,2026-05-03T00:42:23,upi
pay_47a784a6158b4a,u_6c46605353,zayyan47@okhdfcbank,446.54,referral_bonus_payout,2026-04-29T02:36:45,upi
pay_9e2816d7b56944,u_6affd38cf5,card_8a5990c23d694c,75.86,referral_bonus_payout,2026-07-26T01:06:54,card
pay_e5ee19ef173a47,u_248af43987,yatan60@okicici,142.76,referral_bonus_payout,2026-06-20T08:02:13,upi
pay_74435fe628ec4f,u_b5c6ec1a50,card_ec8dd62d72734f,254.73,referral_bonus_payout,2026-05-27T22:26:21,card
pay_28f0855c7cea4a,u_76f5a10f56,card_ea24c1dbceca41,224.51,referral_bonus_payout,2026-05-31T22:30:40,card
pay_f043db75199d46,u_a3c31f96aa,card_4be336c08cb245,162.81,referral_bonus_payout,2026-03-24T12:10:43,card
pay_b4394899bf3943,u_511136bceb,chandani61@okhdfcbank,92.06,referral_bonus_payout,2026-03-15T20:38:47,upi
pay_7c0266c1f6864c,u_6afe74ec90,hariturvi@paytm,488.92,referral_bonus_payout,2026-04-28T17:07:48,upi
pay_f943384fcc6c42,u_8b3f460fa1,card_45b26c0433e743,315.58,referral_bonus_payout,2026-07-18T09:53:46,card
pay_5c6f6075a2a641,u_a5c2f21709,card_fb31dd2e8c8e4a,199.16,referral_bonus_payout,2026-06-02T05:34:07,card
pay_5936beb5a9934a,u_87e19fab2f,rayneel@okicici,288.06,referral_bonus_payout,2026-03-16T10:33:31,upi
pay_dbae1bf50b4e48,u_8a26080827,card_2ba2d122042c40,470.87,referral_bonus_payout,2026-06-30T02:46:14,card
pay_7b5819208fbd43,u_a2c98448ed,card_009b7f1e29f347,384.76,referral_bonus_payout,2026-07-23T16:51:45,card
pay_6b76f376513e4a,u_5051994128,card_3816922c8ee340,77.32,referral_bonus_payout,2026-07-08T07:26:21,card
pay_2e706727d38345,u_bef203209a,darikabose@okicici,333.86,referral_bonus_payout,2026-05-06T01:29:25,upi
pay_f094b334b1cb4b,u_af9d027f09,butalajagrati@okicici,236.1,referral_bonus_payout,2026-06-11T17:59:35,upi
pay_217267f7f77c44,u_3de8849acb,card_157adc46c3ba4f,102.8,referral_bonus_payout,2026-06-11T23:37:26,card
pay_4d00a77e1d8e42,u_f3c1aa02a0,card_7c071c4e9f454f,138.39,referral_bonus_payout,2026-05-04T12:08:49,card
pay_4f55202fc16742,u_bab413feea,hiral67@paytm,399.45,referral_bonus_payout,2026-05-03T00:19:24,upi
pay_c3ae3dd1aa664d,u_b3cfc22c2d,balakrishnanyuvraj@okicici,235.86,referral_bonus_payout,2026-07-27T20:18:00,upi
pay_41424be31ef948,u_2e6ddcf649,maanasmistry@paytm,69.58,referral_bonus_payout,2026-03-05T01:59:47,upi
pay_089130140f1b46,u_36335a505c,card_480082de68904a,180.64,referral_bonus_payout,2026-03-14T22:52:19,card
pay_d35aa7d8efba45,u_dd31235a7d,murthykavya@okhdfcbank,300.5,referral_bonus_payout,2026-05-01T16:09:33,upi
pay_8f0753b5eeb84b,u_a9772020f1,card_0cb9505e222743,316.93,referral_bonus_payout,2026-05-12T06:05:59,card
pay_c33fc53b467a4b,u_ec55ab4541,card_0037133677dc49,465.02,referral_bonus_payout,2026-05-13T16:48:48,card
pay_410fcb3e1f5b43,u_0b15bdfb8f,inaya63@paytm,306.14,referral_bonus_payout,2026-07-08T14:00:52,upi
pay_fe82d31cda2440,u_1347b83418,card_7b5410b698574a,218.58,referral_bonus_payout,2026-07-14T06:55:38,card
pay_d46defce3c1a4e,u_5d9569bb1f,yashasvi44@okhdfcbank,257.55,referral_bonus_payout,2026-03-15T10:09:02,upi
pay_44c9604b27c645,u_b1681674e9,aadhyabali@okhdfcbank,411.12,referral_bonus_payout,2026-06-23T11:24:13,upi
pay_b3666bda3c704d,u_feac17e4d4,card_67f4f83cb62e4a,75.01,referral_bonus_payout,2026-06-28T04:43:31,card
pay_065e80eea2a740,u_9182d29132,card_bf84de70e0884b,65.11,referral_bonus_payout,2026-07-15T07:35:35,card
pay_e447e3fb002b4d,u_5593e0e6ff,card_87c76b7d10be4e,213.46,referral_bonus_payout,2026-06-24T18:14:59,card
pay_e08d02abc8b94c,u_870165fa53,jsunder@okhdfcbank,225.7,referral_bonus_payout,2026-07-14T17:47:02,upi
pay_1edf3934551a45,u_57181e9a4a,card_ab6505ffd5714f,321.21,referral_bonus_payout,2026-05-15T05:37:25,card
pay_d8f50449972d44,u_9e70874091,card_df052eaab9ec49,280.96,referral_bonus_payout,2026-06-15T14:42:09,card
pay_0918bfb597364a,u_70b3305efc,sameshrau@ybl,293.42,referral_bonus_payout,2026-07-23T07:25:36,upi
pay_a6ecfca375e74a,u_b314108a65,card_6e0a242194354b,265.83,referral_bonus_payout,2026-07-09T19:00:07,card
pay_0070e6b446434c,u_1fbea2b5fd,card_7912612da05b4e,349.85,referral_bonus_payout,2026-07-24T15:34:23,card
pay_a728d9012a9140,u_8cce5a0f1d,bkhatri@okicici,324.26,referral_bonus_payout,2026-04-30T20:27:43,upi
pay_8e037432a1de4a,u_04d44b076e,upkaarkumar@okhdfcbank,459.93,referral_bonus_payout,2026-05-05T14:00:54,upi
pay_ed4982f10c7449,u_f04f9a2cdc,card_3a1364e7d8b942,145.5,referral_bonus_payout,2026-07-01T06:54:21,card
pay_2e65a218a53944,u_9b4d6a0783,widishamuni@okicici,142.98,referral_bonus_payout,2026-04-18T12:25:58,upi
pay_67671a37a1e647,u_6900259742,qabilsachdev@paytm,94.7,referral_bonus_payout,2026-07-11T10:57:16,upi
pay_faeabe7b8f8f47,u_497ca970bc,balhaar17@paytm,162.74,referral_bonus_payout,2026-04-03T04:05:14,upi
pay_65bafd2d479744,u_532c7fc586,kabirdubey@okhdfcbank,115.61,referral_bonus_payout,2026-04-27T07:11:22,upi
pay_b5f1d8a672414b,u_cc69ee61eb,card_76ce65181c874d,359.25,referral_bonus_payout,2026-03-19T16:09:34,card
pay_3a3cb89bf2d54f,u_19736c3f91,card_f2abc2bfeab74e,358.53,referral_bonus_payout,2026-07-19T09:45:27,card
pay_a4ab6061734041,u_2782e75136,card_a09048c0196a4f,297.04,referral_bonus_payout,2026-03-17T20:03:51,card
pay_6bbc9fd3118345,u_d6619eb2c6,xiti44@okhdfcbank,266.99,referral_bonus_payout,2026-07-06T15:12:44,upi
pay_1ac50f1ee7bb4a,u_0d74c79c07,bhavika95@okhdfcbank,488.43,referral_bonus_payout,2026-05-14T22:28:56,upi
pay_15e61c8a941845,u_74e41b4774,buchsiya@paytm,174.49,referral_bonus_payout,2026-06-03T06:49:14,upi
pay_c3753d9ea36940,u_0ac3d86168,card_f9612d26e9174f,96.22,referral_bonus_payout,2026-03-24T10:51:53,card
pay_fb8beb05f57c47,u_eaf6478398,cgrover@okicici,468.96,referral_bonus_payout,2026-05-07T09:20:07,upi
pay_3c528ce6b3c849,u_8f257cc570,agade@paytm,159.9,referral_bonus_payout,2026-04-14T07:01:26,upi
pay_2f1629ac9e4d4f,u_3600417a93,card_30017a55531e43,426.65,referral_bonus_payout,2026-05-15T01:19:53,card
pay_a1f35eddcba143,u_f8830bb479,card_afcf507d466a43,284.85,referral_bonus_payout,2026-03-04T04:59:54,card
pay_758f19276a7249,u_4e0ef30525,card_8797efc2666f4c,303.05,referral_bonus_payout,2026-07-24T04:58:58,card
pay_4f5da8fab87d42,u_099f8b8e3c,card_6531515918e04a,387.45,referral_bonus_payout,2026-07-13T01:37:13,card
pay_f480859833c645,u_35737fa325,card_9c12cb3b0ff24f,88.57,referral_bonus_payout,2026-04-18T06:54:20,card
pay_3af34a07c54a4f,u_a7b7c71ec3,annesamesh@okhdfcbank,95.53,referral_bonus_payout,2026-07-02T07:00:40,upi
pay_6db0211d152343,u_f86d52ea9c,card_6fce7c36942f43,161.43,referral_bonus_payout,2026-07-22T18:34:22,card
pay_bf50fc48a19548,u_d255a7568d,card_68b8a2176f354c,81.79,referral_bonus_payout,2026-07-17T05:17:34,card
pay_1461e7e17a924d,u_37bb64db8a,sramakrishnan@ybl,274.77,referral_bonus_payout,2026-03-08T12:17:05,upi
pay_91d791c3bfe14f,u_5e8066d84b,onisahota@ybl,201.59,referral_bonus_payout,2026-03-06T20:03:52,upi
pay_71f31da8cb924a,u_067adee49c,kbhatnagar@paytm,204.01,referral_bonus_payout,2026-05-05T11:53:24,upi
pay_aecb95df05a346,u_f795f9878e,fiyazbatra@ybl,245.23,referral_bonus_payout,2026-04-01T20:45:01,upi
pay_19d3dbc9652a45,u_3063c984a3,card_85ec74df723e42,481.41,referral_bonus_payout,2026-05-24T16:17:49,card
pay_09a7040da69a4d,u_2c0ba79df2,card_f7345d2130fb4a,237.69,referral_bonus_payout,2026-07-06T19:31:28,card
pay_3400c78a113249,u_9df68e3520,harinakshigoswami@paytm,284.04,referral_bonus_payout,2026-07-16T07:26:30,upi
pay_45a50e5deed842,u_bd32814a48,card_da2e7895e91f4c,466.81,referral_bonus_payout,2026-03-28T14:57:39,card
pay_86e9a691f73647,u_24a952b21f,santmadhavi@ybl,399.9,referral_bonus_payout,2026-04-07T21:05:24,upi
pay_ee9c3ab5694548,u_3c2e771e1b,card_3c4cb07c31c046,365.07,referral_bonus_payout,2026-03-17T04:03:38,card
pay_8f52e31c35b24b,u_8a6257d7a5,card_115f8814149740,102.02,referral_bonus_payout,2026-05-29T13:38:19,card
pay_a1cb9894ecf14e,u_ac3bd85548,ekapadoak@okicici,238.87,referral_bonus_payout,2026-03-16T06:57:29,upi
pay_7661a2a415c848,u_86bfe22e14,lsen@okhdfcbank,392.14,referral_bonus_payout,2026-04-18T04:16:26,upi
pay_fc451191eeb74c,u_895269f85e,card_c1c60744ea6e44,125.32,referral_bonus_payout,2026-06-12T18:16:00,card
pay_00574ae3b52a45,u_09ba2cadb3,okothari@okicici,62.45,referral_bonus_payout,2026-07-16T16:03:05,upi
pay_94004fb43ffd45,u_c7086eb53f,nbahri@ybl,204.11,referral_bonus_payout,2026-05-29T09:15:12,upi
pay_132a445c422e4a,u_e3725b9499,jalsa85@paytm,226.31,referral_bonus_payout,2026-07-18T06:55:52,upi
pay_3211693cc30c47,u_d1f445b18a,card_536bec1d58f24a,305.64,referral_bonus_payout,2026-04-24T12:37:05,card
pay_3ae0dc9ec94348,u_fc3e0ad2a8,lbahri@okhdfcbank,396.4,referral_bonus_payout,2026-04-07T04:44:07,upi
pay_68b040b97d3b47,u_e8f5bfac1b,rushil73@okicici,88.93,referral_bonus_payout,2026-03-13T18:43:43,upi
pay_d4751d7d442e4e,u_2bfa44ec79,ojas62@okicici,223.26,referral_bonus_payout,2026-04-12T12:35:41,upi
pay_a363c04acb3848,u_68b1a0c3a5,rsamra@okhdfcbank,184.27,referral_bonus_payout,2026-06-21T21:03:48,upi
pay_f45d8862401c43,u_d485e2d9f4,card_7eb7bef622ec43,388.65,referral_bonus_payout,2026-06-09T01:18:58,card
pay_f398f123f76c49,u_71131c742b,aarinimuni@okhdfcbank,287.49,referral_bonus_payout,2026-03-22T05:20:25,upi
pay_b2e4f714f22840,u_06d5189268,card_1e241b65dd994f,478.4,referral_bonus_payout,2026-06-04T14:40:55,card
pay_4c25ce907cb149,u_e9e43adbad,pchhabra@okhdfcbank,306.19,referral_bonus_payout,2026-04-16T17:52:10,upi
pay_bc7c0587a1f64e,u_57d7c828d3,mallnandini@paytm,443.73,referral_bonus_payout,2026-05-18T20:55:10,upi
pay_cbe9f311175c4e,u_b2635f9429,daskrishna@ybl,365.73,referral_bonus_payout,2026-05-20T12:38:23,upi
pay_0d1435da03304b,u_ed5330304d,balameera@okicici,129.16,referral_bonus_payout,2026-06-19T21:37:44,upi
pay_b3926f7f9d1448,u_d5a5c1929b,baradfaris@ybl,396.15,referral_bonus_payout,2026-07-27T12:25:29,upi
pay_d24ec505791643,u_d39b3ef25d,card_f3f8c3b1a2af46,141.34,referral_bonus_payout,2026-04-11T17:24:15,card
pay_6a723667be7745,u_253d8e3963,salviayaan@ybl,58.54,referral_bonus_payout,2026-07-20T16:01:19,upi
pay_69fe3fab020040,u_4f6bc39226,umangrastogi@okicici,155.77,referral_bonus_payout,2026-07-12T08:06:15,upi
pay_1ec7d9e92a7545,u_6208b6f532,abhimanyu80@paytm,455.43,referral_bonus_payout,2026-07-12T19:42:43,upi
pay_519ce25c999c4f,u_f0782d1102,card_a08c851d332a4a,87.11,referral_bonus_payout,2026-06-23T19:06:08,card
pay_ec0daabbe9df41,u_00b1f634ae,urmisura@paytm,106.65,referral_bonus_payout,2026-04-24T08:58:41,upi
pay_7614ce89e29c48,u_3ef0ee8b61,card_a74bb210d47a41,157.6,referral_bonus_payout,2026-03-13T05:42:59,card
pay_02e425a2a94c44,u_3787b3701d,pathakunnati@paytm,282.4,referral_bonus_payout,2026-05-29T23:04:56,upi
pay_3bda6b997a4244,u_1fc5de6c71,htalwar@okicici,383.03,referral_bonus_payout,2026-04-08T11:21:23,upi
pay_be1c617ab2a146,u_c4a467497e,card_8e8eec42fafb4a,468.09,referral_bonus_payout,2026-04-15T02:42:25,card
pay_e25f32c90b4046,u_43fe0ad82f,card_e73736caa4754a,315.94,referral_bonus_payout,2026-05-04T09:45:27,card
pay_ad7f9415b5d248,u_387907b72b,card_4ebccb560f1b4a,122.33,referral_bonus_payout,2026-07-17T09:39:04,card
pay_270cdfb57b4046,u_47513341e7,naruladaksha@okicici,132.08,referral_bonus_payout,2026-03-31T08:43:42,upi
pay_842beaa0583c4f,u_de9e398a9c,card_5e1aff4413994d,202.13,referral_bonus_payout,2026-03-31T23:44:22,card
pay_2b8fc17a68ee4c,u_afc380c0f4,zachariahucchal@ybl,206.15,referral_bonus_payout,2026-05-14T04:33:14,upi
pay_675e7656d8e843,u_ecee2a8398,card_00e0a5b1282e42,247.47,referral_bonus_payout,2026-06-03T12:34:08,card
pay_b2cf6b1a1a234a,u_9af18fbaf0,card_63d234eaf96e43,293.93,referral_bonus_payout,2026-03-29T14:07:19,card
pay_eb7746c78d924e,u_244180e46f,card_26e98485de9249,83.86,referral_bonus_payout,2026-04-03T23:47:48,card
pay_3b0a980d0f9d4f,u_84eab32e3f,card_6534d0b10e4347,94.83,referral_bonus_payout,2026-05-14T17:18:18,card
pay_5e1e7085ad5e42,u_b5fb062f97,vyanjana54@okhdfcbank,424.57,referral_bonus_payout,2026-06-14T19:02:33,upi
pay_7007b692ff9944,u_4158eaa4f3,ybhardwaj@okicici,108.82,referral_bonus_payout,2026-05-18T04:57:22,upi
pay_b5a06972978b47,u_428c4933f0,card_12043ebc2c3044,296.95,referral_bonus_payout,2026-07-18T18:10:27,card
pay_f59c88ab7afb46,u_cdaae35a43,card_f3f1bbd20a0048,420.97,referral_bonus_payout,2026-04-15T16:11:37,card
pay_df3410d1e1694a,u_a88f7e06d4,ikbalpatla@okicici,275.58,referral_bonus_payout,2026-03-01T12:58:33,upi
pay_cb9dbced596d4a,u_03e63ff796,kararajata@okicici,95.71,referral_bonus_payout,2026-03-17T09:11:05,upi
pay_6d8d6fccfb6d48,u_64a863f851,samar58@okicici,247.56,referral_bonus_payout,2026-04-11T05:04:03,upi
pay_149debd9dee543,u_6aec120fc1,timothy13@ybl,281.36,referral_bonus_payout,2026-06-13T02:49:56,upi
pay_52abc4d9fc3241,u_881fb7c4f0,oeshisandhu@okhdfcbank,205.91,referral_bonus_payout,2026-05-25T10:40:50,upi
pay_0156b14b27d949,u_be4856e2b7,dkhanna@okicici,411.1,referral_bonus_payout,2026-07-21T04:58:25,upi
pay_8a95b823f8354e,u_635b1dca79,card_57605b6a8dac4a,122.71,referral_bonus_payout,2026-04-12T07:10:49,card
pay_9d08dedb01214d,u_8328067d38,card_8afe0b41c47249,478.49,referral_bonus_payout,2026-04-01T05:13:53,card
pay_0d282858dc8f4d,u_0379acb024,card_8740681748734c,256.17,referral_bonus_payout,2026-05-08T18:36:34,card
pay_6f7d903b9bdd4f,u_79f2713eda,card_8627d61d3d0943,460.49,referral_bonus_payout,2026-03-04T22:51:30,card
pay_95af49d7e51542,u_63a32b48d3,card_f0fae069f35149,202.8,referral_bonus_payout,2026-04-04T08:02:19,card
pay_7383fa4126ca47,u_99cfc7d5d4,card_4042131827ab46,462.26,referral_bonus_payout,2026-04-13T08:09:15,card
pay_d2c698a21a4049,u_d864f8cde2,card_993818ac5f4249,185.96,referral_bonus_payout,2026-06-10T16:48:56,card
pay_ffbcedd8a4294d,u_92521e74dd,card_f3546763987046,129.1,referral_bonus_payout,2026-03-06T09:43:39,card
pay_040a882bdc1a46,u_72d676ae13,card_be4a2e6398bf41,241.85,referral_bonus_payout,2026-06-13T14:18:28,card
pay_43f29443d8a44d,u_7189055f2a,card_c8573e2b5d4e4f,133.17,referral_bonus_payout,2026-05-06T22:22:01,card
pay_e9f7eddd192e47,u_c8349ea880,vganguly@paytm,489.44,referral_bonus_payout,2026-06-02T18:43:50,upi
pay_95a1786c656c42,u_d096e9613f,card_517862e49aee4c,141.79,referral_bonus_payout,2026-06-01T20:10:40,card
pay_50a0e950f0134b,u_201942f085,card_51f2c1fe18054f,355.31,referral_bonus_payout,2026-05-10T06:47:18,card
pay_2910c09b4db543,u_3eff6338e2,gagan48@ybl,230.93,referral_bonus_payout,2026-04-10T19:52:37,upi
pay_1ff3c8aad42142,u_1cd8ba71c3,galaabhiram@paytm,250.43,referral_bonus_payout,2026-04-28T02:21:02,upi
pay_cecf146ccd1f4e,u_47415c20be,pranavshan@paytm,418.08,referral_bonus_payout,2026-03-23T17:07:02,upi
pay_0147940a9dbc48,u_49d0fc2557,yashawinighose@ybl,418.63,referral_bonus_payout,2026-06-02T21:47:31,upi
pay_110928db9ea14f,u_bf2a761887,bhavini19@paytm,300.74,referral_bonus_payout,2026-06-19T09:35:59,upi
pay_4bf6a6555e0045,u_b62eca6335,manbirnayak@okhdfcbank,401.98,referral_bonus_payout,2026-05-16T08:28:24,upi
pay_ad675547b08a4e,u_132f780b64,janakichatterjee@paytm,312.37,referral_bonus_payout,2026-04-18T11:25:45,upi
pay_5befd4c9514e4d,u_e1383afd9d,eiravatitrivedi@okhdfcbank,161.54,referral_bonus_payout,2026-03-06T22:29:31,upi
pay_b5a099338de74d,u_4d21bb3dac,obutala@ybl,55.84,referral_bonus_payout,2026-04-22T02:08:11,upi
pay_fc34b372c7784d,u_05aebe7286,panchalanay@okicici,94.92,referral_bonus_payout,2026-04-08T07:32:01,upi
pay_d9769b1d8e8045,u_dc4b117137,imaran75@ybl,457.19,referral_bonus_payout,2026-03-25T19:49:33,upi
pay_76ae76f27f374a,u_bc3b6ec0e6,card_98dde477af0346,129.46,referral_bonus_payout,2026-05-01T02:09:30,card
pay_dadb5d0d969a4a,u_d46a00a9c5,kabirchoudhry@okhdfcbank,338.15,referral_bonus_payout,2026-06-28T19:36:58,upi
pay_6958b8e4997046,u_513128d52f,card_412cfde4d7a84d,251.94,referral_bonus_payout,2026-04-04T12:28:33,card
pay_55b092a15c5041,u_462e5718eb,paiomisha@okicici,144.66,referral_bonus_payout,2026-06-15T23:45:40,upi
pay_a9d4a11b92d747,u_65515abfa3,ethanbains@okhdfcbank,175.18,referral_bonus_payout,2026-06-23T18:33:19,upi
pay_12d321b7e3f344,u_adc1cf3dbc,card_d8330075e4f64f,272.87,referral_bonus_payout,2026-07-24T10:56:12,card
pay_08ca54f09b874c,u_ca33a8004e,card_9838c411804a47,104.96,referral_bonus_payout,2026-05-26T18:27:15,card
pay_9a5a9286e2be47,u_2a761e1a79,fariq01@ybl,123.86,referral_bonus_payout,2026-07-20T20:59:34,upi
pay_27bdd9a479e74a,u_2ddd181023,xdivan@okicici,308.34,referral_bonus_payout,2026-06-25T00:21:15,upi
pay_b70622da5c6947,u_4d818ae1a6,victorwagle@ybl,387.32,referral_bonus_payout,2026-03-19T00:21:18,upi
pay_48d5be20d4994c,u_36c5e38974,card_394713647b3a47,283.81,referral_bonus_payout,2026-06-14T19:11:30,card
pay_efc7f54e69de46,u_f38f5973b1,card_dcab1e4559f146,266.48,referral_bonus_payout,2026-05-12T19:31:08,card
pay_ac618fd761d649,u_ca70c29650,tamanna22@okicici,496.13,referral_bonus_payout,2026-03-13T07:03:52,upi
pay_be41a4b91fbf40,u_d9f7b6047a,card_0efea6746d5c42,77.95,referral_bonus_payout,2026-06-20T18:53:28,card
pay_ca6a0b7b06a148,u_e5e44b3a44,card_8cb7de3e4f204b,94.92,referral_bonus_payout,2026-07-03T07:30:14,card
pay_7944e65b100445,u_5564772ea3,card_f07d70a2599949,154.84,referral_bonus_payout,2026-05-13T16:48:16,card
pay_9a5bdb4b040c46,u_467cf5a194,card_94e3e30034b14b,477.73,referral_bonus_payout,2026-05-02T17:32:49,card
pay_cdb2de4afbdd4f,u_79685a80e3,netra41@okicici,168.4,referral_bonus_payout,2026-04-15T09:06:38,upi
pay_f02e721a81fc47,u_39a1fa2ca7,palnitesh@paytm,307.98,referral_bonus_payout,2026-04-04T09:31:30,upi
pay_bcd7db595b8546,u_a9000329fc,mahikachahal@okicici,477.8,referral_bonus_payout,2026-07-17T13:56:05,upi
pay_1fa944c2663547,u_721573f098,card_11e8e1b5084d43,56.01,referral_bonus_payout,2026-03-30T07:59:26,card
pay_e22be4066c4b45,u_e2c6c7533f,xkaur@okicici,265.04,referral_bonus_payout,2026-03-15T05:50:13,upi
pay_df02f747234845,u_cdba6bcae1,card_1277faf9a23f4b,422.13,referral_bonus_payout,2026-05-29T22:56:27,card
pay_eebeb7ed1b0b40,u_fa4e5cf8a2,card_91867cbfdd6645,378.96,referral_bonus_payout,2026-05-12T00:06:34,card
pay_cb50667d477540,u_754ee7a22e,amaranath@paytm,411.19,referral_bonus_payout,2026-06-03T02:18:46,upi
pay_7680b1d2aa7d48,u_c15abd008b,card_e92c793e7f9e45,306.01,referral_bonus_payout,2026-03-27T05:24:54,card
pay_1745c1f9614b40,u_4b76734500,card_3701d577ee654f,130.18,referral_bonus_payout,2026-05-01T22:35:59,card
pay_7ddc5706831b48,u_89435e466f,yatinbatta@ybl,291.96,referral_bonus_payout,2026-05-21T06:35:27,upi
pay_f5db362c4d6042,u_188613fa6c,card_a715945f0e4b43,485.09,referral_bonus_payout,2026-07-10T02:27:38,card
pay_2d2aeabfc8cf4b,u_2ce14ada6c,ydhaliwal@okhdfcbank,304.9,referral_bonus_payout,2026-07-06T16:47:57,upi
pay_4df2e277fbef41,u_dde1aa0ab9,card_ead97f1377514e,122.06,referral_bonus_payout,2026-03-19T10:12:42,card
pay_64463cecc6234b,u_4c7a2df68d,chatterjeechavvi@ybl,236.49,referral_bonus_payout,2026-03-11T17:11:02,upi
pay_d7f25004beee48,u_be858a08e6,nairraghav@okhdfcbank,452.65,referral_bonus_payout,2026-05-22T08:55:52,upi
pay_83650fde300d48,u_a795b3ac34,card_7a7e42c7119849,286.12,referral_bonus_payout,2026-03-02T21:58:57,card
pay_3d770a0c069744,u_a98a1f6f60,card_cf5b26fa7b1943,70.67,referral_bonus_payout,2026-06-28T19:05:40,card
pay_ba12b55663784d,u_2bfeec29f5,card_9967307703804f,205.87,referral_bonus_payout,2026-06-14T18:36:34,card
pay_18c1fe16cd3745,u_88dd0a2f49,hkarnik@ybl,425.02,referral_bonus_payout,2026-06-17T23:42:42,upi
pay_9bb8421d559d48,u_c4cb2b3de9,card_255fa3bd929e47,430.2,referral_bonus_payout,2026-05-06T22:03:39,card
pay_aafda2b5988345,u_b5f3c87d88,dinbalhaar@okicici,195.84,referral_bonus_payout,2026-06-23T13:10:59,upi
pay_58f7f613272a4a,u_556503a462,card_6a963b2afd4c4e,172.51,referral_bonus_payout,2026-05-20T03:36:49,card
pay_fff3784dbdc44d,u_c3cd6eac36,oeshijani@okicici,442.81,referral_bonus_payout,2026-07-22T15:50:14,upi
pay_39e63276154848,u_8e11d80572,kalakumer@okhdfcbank,260.07,referral_bonus_payout,2026-03-11T14:31:37,upi
pay_323882a8a99a49,u_698e79d14a,card_3ded1adc72454d,89.47,referral_bonus_payout,2026-06-08T07:12:35,card
pay_d954be0140c742,u_657913fae0,card_e6f30682b6cb43,332.45,referral_bonus_payout,2026-05-22T16:42:03,card
pay_c3a1e0e7953746,u_64947332c1,varshadasgupta@okicici,90.09,referral_bonus_payout,2026-05-12T01:03:59,upi
pay_cd48485198c947,u_5d74304bd9,card_8271a34f725148,417.55,referral_bonus_payout,2026-05-09T16:36:41,card
pay_8a081839e15745,u_03c6c93923,card_c6fdab92ae4c4f,414.53,referral_bonus_payout,2026-07-26T18:59:33,card
pay_b8e2dd376def4b,u_d6514b8295,card_eeb6051cecdd48,373.51,referral_bonus_payout,2026-05-28T04:04:33,card
pay_25982ffd1ccb40,u_55f6168b92,ijaya00@ybl,235.55,referral_bonus_payout,2026-03-16T15:11:11,upi
pay_6ebba509d34e4d,u_9317db0e9e,card_23f03b5d6b9c40,204.88,referral_bonus_payout,2026-04-22T14:52:09,card
pay_45074e93db314d,u_1d0375cc4f,card_de19fc2973b240,379.5,referral_bonus_payout,2026-03-05T07:01:39,card
pay_015cdc34f27d44,u_324c4d0143,oakimaran@okhdfcbank,424.17,referral_bonus_payout,2026-03-31T07:22:18,upi
pay_7b42bdef116345,u_77cf1b2782,card_142385d23ebf46,437.51,referral_bonus_payout,2026-04-09T23:08:01,card
pay_32d2b82b125e42,u_3964431abf,chasmum06@ybl,475.76,referral_bonus_payout,2026-07-02T08:35:28,upi
pay_0be24174f47e4f,u_16ef4b5b15,card_f272ae98e94840,340.78,referral_bonus_payout,2026-05-14T08:50:38,card
pay_bc88d006009446,u_c229ff5296,ychahal@okicici,281.69,referral_bonus_payout,2026-03-25T06:16:52,upi
pay_49bcae2566e04d,u_5ed4e5a9ec,sarthak52@okhdfcbank,209.46,referral_bonus_payout,2026-06-22T00:31:57,upi
pay_470b5e2bc8b84c,u_9325f0ebe0,nitara17@okicici,321.69,referral_bonus_payout,2026-04-17T23:26:10,upi
pay_75630f0f496641,u_5a2c50f62a,card_f2cb25365dcf4c,293.41,referral_bonus_payout,2026-07-24T10:07:55,card
pay_0e4dcf6915c54a,u_136953ea50,card_10accf92dc274b,240.11,referral_bonus_payout,2026-03-22T05:28:23,card
pay_1cc7630f6c304e,u_0b7bcac6a8,card_56775c7bb5d34e,278.67,referral_bonus_payout,2026-05-31T15:22:40,card
pay_eb64fd4699fa43,u_78e53a249e,card_6a0054c9064a40,392.75,referral_bonus_payout,2026-07-15T01:20:16,card
pay_e684c8b6167943,u_86be26e271,card_246859a63a1548,68.64,referral_bonus_payout,2026-07-22T21:49:11,card
pay_ac0529a2466841,u_0c0f8315ba,xsuresh@okhdfcbank,364.19,referral_bonus_payout,2026-03-28T18:58:07,upi
pay_9116b5648fce4c,u_92f13ec58f,ochopra@okhdfcbank,193.54,referral_bonus_payout,2026-06-27T04:35:28,upi
pay_7c4ea01fd65444,u_7b2a96af46,omani@paytm,393.27,referral_bonus_payout,2026-04-13T05:37:45,upi
pay_0619138d9c7349,u_580895267e,card_0baa4e5eca1641,267.51,referral_bonus_payout,2026-06-10T17:53:57,card
pay_e3eb71c6a72140,u_bc1453f8c2,vasadivya@okhdfcbank,364.04,referral_bonus_payout,2026-05-15T08:01:23,upi
pay_a52061479dce4a,u_d9848670f2,bnayar@okicici,270.62,referral_bonus_payout,2026-06-01T03:41:38,upi
pay_c886c12f4e7944,u_2a12fa4003,bandionveer@paytm,102.39,referral_bonus_payout,2026-04-29T02:13:04,upi
pay_a35687720ea840,u_f107f4daca,card_67cc46cfff664b,434.2,referral_bonus_payout,2026-06-08T13:49:06,card
pay_4cba51444a1648,u_44fbc2b0b1,nicholas96@ybl,328.33,referral_bonus_payout,2026-04-13T06:01:29,upi
pay_cc2c484a5ad943,u_e58fd59689,card_6270cbb71ea940,269.98,referral_bonus_payout,2026-07-12T17:02:51,card
pay_b9a60164986447,u_b00ad6c423,fnagi@ybl,84.51,referral_bonus_payout,2026-06-27T17:56:06,upi
pay_0658ae53e85442,u_a4991b5e88,goelwaida@ybl,106.38,referral_bonus_payout,2026-06-11T21:17:10,upi
pay_abc30a52426a42,u_4e92ff01e6,qmann@ybl,52.08,referral_bonus_payout,2026-04-29T14:21:04,upi
pay_49916448bb454c,u_384884867a,card_265fe33d2c4c44,135.03,referral_bonus_payout,2026-06-28T16:35:24,card
pay_9cdbac5f847243,u_14454b9244,card_c57bc2df5e6a4c,242.8,referral_bonus_payout,2026-03-23T05:29:52,card
pay_2c0fa2b5160f4e,u_42077d5617,card_13c978f1c2f54d,198.79,referral_bonus_payout,2026-04-11T23:11:40,card
pay_57f81cfc481c47,u_6914ad5984,card_fefd2064b0254d,224.38,referral_bonus_payout,2026-05-04T09:51:46,card
pay_58bff4a355854c,u_4e19a10570,tandra@paytm,219.07,referral_bonus_payout,2026-05-30T18:02:41,upi
pay_156a01701c9c4f,u_40cbedf17d,kibemanthan@okhdfcbank,78.97,referral_bonus_payout,2026-06-18T06:36:21,upi
pay_52d4fa58b0c347,u_8388c081b1,card_fe54f23d960943,251.54,referral_bonus_payout,2026-06-04T14:40:41,card
pay_aeef4bb5368d45,u_e71fd33b01,samar80@okhdfcbank,241.61,referral_bonus_payout,2026-05-25T23:49:55,upi
pay_b994b16d2aca4c,u_17462e1e98,card_f29138981b7840,144.72,referral_bonus_payout,2026-06-27T22:45:51,card
pay_b57e448ce4584c,u_09f1dc2816,riya66@paytm,415.78,referral_bonus_payout,2026-06-04T07:32:31,upi
pay_b7dc0a35f34d47,u_74aed1b571,card_e92810f3e6b84b,52.49,referral_bonus_payout,2026-05-25T11:24:55,card
pay_d0f32d2d73014c,u_00a55f3937,card_7e4f2d26cbe94f,217.14,referral_bonus_payout,2026-06-23T13:58:52,card
pay_b47489d356ae47,u_a8be5c76d1,card_070139106f264b,387.87,referral_bonus_payout,2026-07-19T12:07:50,card
pay_483b2cdf013c47,u_41751336da,card_fc41bffef4314c,402.38,referral_bonus_payout,2026-06-07T19:26:32,card
pay_ffbf076b96a142,u_aa05db12a4,beratarak@ybl,164.33,referral_bonus_payout,2026-03-13T02:26:50,upi
pay_97a21b39fa0042,u_9405563aca,card_221c072b93f444,440.1,referral_bonus_payout,2026-05-10T05:33:26,card
pay_f068d2ed677a48,u_64caf55d09,harshil68@okicici,183.62,referral_bonus_payout,2026-04-02T21:11:30,upi
pay_802abc2e076f47,u_9008a87cf3,card_0b8de2ffb71c46,422.26,referral_bonus_payout,2026-05-25T03:33:16,card
pay_a4e8e3ec9f2d41,u_3681d7bdab,card_6fa2d5f95df042,322.16,referral_bonus_payout,2026-03-25T19:45:30,card
pay_23bd1519496d49,u_edc7a9f975,card_f22e57b5684944,305.42,referral_bonus_payout,2026-03-31T09:26:44,card
pay_31244e0a8ab340,u_f56c4072f6,card_177100fc14a645,154.24,referral_bonus_payout,2026-04-05T03:34:27,card
pay_d40d068c823940,u_e573430a67,card_8556eab0e00d41,135.95,referral_bonus_payout,2026-07-06T02:07:30,card
pay_eceaef546e454f,u_1e61ce9dc7,card_c665105e769f4b,161.78,referral_bonus_payout,2026-06-20T09:27:51,card
pay_43f2f0ccb6d641,u_13d8cfd465,chackoriya@paytm,282.0,referral_bonus_payout,2026-04-17T11:37:34,upi
pay_077793a8669b4a,u_4cefbe41e9,card_a27cb42e8f5744,449.89,referral_bonus_payout,2026-07-02T03:29:33,card
pay_eea9ef25a6784a,u_f4fe9f5f8d,bhandariishwar@ybl,374.01,referral_bonus_payout,2026-05-02T06:34:53,upi
pay_066a400b2fc845,u_a9510e8292,card_9fbbad69045e4a,217.59,referral_bonus_payout,2026-05-16T22:57:52,card
pay_478ca101afd147,u_b5108b856f,warinder66@okhdfcbank,160.31,referral_bonus_payout,2026-06-12T08:34:25,upi
pay_609f4d70ad9a4e,u_93f271c628,card_56c661588b1b43,279.64,referral_bonus_payout,2026-06-17T16:59:11,card
pay_6d1c146a388b43,u_83e2431e4b,card_43f7831ecad44a,70.59,referral_bonus_payout,2026-07-15T19:00:46,card
pay_149f23cae29c4c,u_b5db26c1c4,card_c90ad49c56784e,429.21,referral_bonus_payout,2026-06-28T14:00:48,card
pay_7c1e64e24d5c4d,u_a23d5b6e74,raiagastya@ybl,349.45,referral_bonus_payout,2026-07-19T19:01:18,upi
pay_8b2e520c53a24f,u_c4ca9ae3c4,card_f738b00d3de44b,307.5,referral_bonus_payout,2026-05-20T01:27:59,card
pay_022f2353d1204c,u_f1b18735e9,card_21ae335cae384b,402.63,referral_bonus_payout,2026-05-31T23:16:35,card
pay_af7765873f4748,u_329a065eb5,kmahal@paytm,301.14,referral_bonus_payout,2026-07-07T16:24:17,upi
pay_4c5f8c0214cf45,u_b028566f6b,card_14300de2256a4e,118.23,referral_bonus_payout,2026-03-11T07:42:51,card
pay_ee3c478fb8b848,u_33d0bbb6bb,card_e30c36d8d7b342,327.09,referral_bonus_payout,2026-04-14T23:28:42,card
pay_0b36780a24e54e,u_ad08f02e86,card_fe4f34bfdff54b,63.32,referral_bonus_payout,2026-06-10T04:16:54,card
pay_e81d810e161243,u_8a26b370b7,card_11edb21e959347,304.9,referral_bonus_payout,2026-04-03T16:17:50,card
pay_ab5bd530674648,u_6f9c499bd4,card_5a63e99d828e45,51.44,referral_bonus_payout,2026-05-22T17:03:56,card
pay_564265e5945f4d,u_99dc99cf27,bahriagastya@okicici,199.6,referral_bonus_payout,2026-04-19T18:03:11,upi
pay_46d1fe5fcf9a44,u_5bb2150e95,card_32e599320cc74c,491.28,referral_bonus_payout,2026-03-19T18:00:30,card
pay_bf60fd2d9f0c4e,u_f0f58a194e,card_d2791f05a81c4d,64.43,referral_bonus_payout,2026-07-26T07:10:35,card
pay_dfcb9b9f48244d,u_a2bbc88107,card_c3dd160741314a,136.07,referral_bonus_payout,2026-05-22T06:57:02,card
pay_1f83eba7561748,u_b35a4f6eca,jdutt@ybl,215.18,referral_bonus_payout,2026-06-13T21:12:51,upi
pay_df4cfe63eb904f,u_fdf9a49c63,card_6f92d9ab851d48,89.0,referral_bonus_payout,2026-07-09T03:57:23,card
pay_8d9b3809020d4a,u_32999c1978,card_617fbf661fa44c,194.08,referral_bonus_payout,2026-07-07T10:27:16,card
pay_306744291b9f4f,u_8269b17c9e,card_4fc4aad2faae49,289.62,referral_bonus_payout,2026-06-16T02:39:32,card
pay_9f383b3f2b8d47,u_101f9c4086,sachi93@paytm,64.22,referral_bonus_payout,2026-03-19T05:08:08,upi
pay_3e4b02545b2b42,u_7ce403e821,svohra@okicici,342.75,referral_bonus_payout,2026-06-30T15:43:18,upi
pay_2aff63a539d84a,u_e0cc2e869e,card_4478e754c04940,366.64,referral_bonus_payout,2026-04-02T19:45:30,card
pay_6cfb3739193143,u_f4799aa73e,card_69f93b2ddd6146,127.14,referral_bonus_payout,2026-06-30T02:45:26,card
pay_9114dccfd5db45,u_44b7953ae8,samar88@paytm,69.9,referral_bonus_payout,2026-05-27T04:17:56,upi
pay_161db5409da442,u_bd5e3a3d9d,fkorpal@ybl,465.49,referral_bonus_payout,2026-03-13T13:35:02,upi
pay_a066e80f0fd141,u_bbf1920444,onarula@paytm,198.21,referral_bonus_payout,2026-03-19T18:35:32,upi
pay_76fe35abcbf542,u_74ef7132f0,jsehgal@ybl,75.41,referral_bonus_payout,2026-06-20T23:49:33,upi
pay_317b0b6b8b9241,u_7f5fffee34,fariqkashyap@okicici,405.1,referral_bonus_payout,2026-06-25T07:31:02,upi
